category,subcategory,group,name,company,country,price,url,timestamp
Лекарственные средства,Лечение глаз,,Левояпс 5мг/мл 5 мл капли глазные и ушные,Белинда,Болгария,4 140 ₸,https://europharma.kz/levoyaps-5mgml-5-ml-kapli-glaznyye-i-ushnyye,2026-08-13 14:55:15
Лекарственные средства,Анальгетики,,Нимесулид 100 мг № 20 табл,Лекфарм ООО,Беларусь,885 ₸,https://europharma.kz/nimesulid-100-mg-no-20-tabl,2026-08-13 14:55:16
Лекарственные средства,Лечение заболеваний мочеполовой системы,,"Тригрим 2,5 мг № 30 табл.",Польфарма ФЗ АО,Польша,2 135 ₸,https://europharma.kz/trigrim-25-mg-no-30-tabl,2026-08-13 14:55:17
Лекарственные средства,Противокашлевые препараты,"Респираторная система. Препараты, применяемые при кашле и простудных заболеваниях. Экспекторанты, исключая комбинации с подавляющими кашель. Муколитики. Ацетилцистеин.",АЦЦ Хот Дринк 3 гр № 6 пакетики,Сандоз Фармасьютикалс д.д.,Словения,4 010 ₸,https://europharma.kz/atsts-khot-drink-3-gr-no-6-paketiki,2026-08-13 14:55:18
Лекарственные средства,Анальгетики,,Тромбопол 150мг № 30 табл покр кишечнораст оболочкой,Польфарма ФЗ АО,Польша,1 480 ₸,https://europharma.kz/trombopol-150mg-no-30-tabl-pokr-kishechnorast-obolochkoy,2026-08-13 14:55:19
Лекарственные средства,Лечение заболеваний опорно-двигательного аппарата,"Костно-мышечная система. Препараты для местного применения при суставной и мышечной боли. Препараты для местного применения при суставной мышечной боли, другие. Диметил сульфоксид.",Капсикам д/наруж применения 30 гр мазь,Таллиннский фармацевтичес,Эстония,5 510 ₸,https://europharma.kz/kapsikam-dnaruzh-primeneniya-30-gr-maz,2026-08-13 14:55:20
Лекарственные средства,Противокашлевые препараты,Отхаркивающие препараты,Линкас Лор № 16 табл.д/рассасыв-я мята,Хербион,Пакистан,1 230 ₸,https://europharma.kz/linkas-lor-no-16-tabldrassasyv-ya-myata,2026-08-13 14:55:21
Лекарственные средства,Мужские препараты,"Препараты для лечения урологических заболеваний. Другие препараты для лечения урологических заболеваний, включая спазмолитики. Другие препараты для лечения урологических заболеваний.",Трибестан 250 мг № 60 табл п/плён оболоч,Софарма АО,Болгария,17 585 ₸,https://europharma.kz/tribestan-250-mg-no-60-tabl-pplen-oboloch,2026-08-13 14:55:22
Лекарственные средства,Мужские препараты,"Препараты для лечения урологических заболеваний. Другие препараты для лечения урологических заболеваний, включая спазмолитики. Препараты для лечения нарушений эрекции. Тадалафил.",Сиалис 20 мг № 2 табл,Eli Lilly & Company Ltd,Швейцария,15 080 ₸,https://europharma.kz/sialis-20-mg-no-2-tabl,2026-08-13 14:55:24
Лекарственные средства,Препараты урологии и гинекологии,Другие антибактериальные препараты. Производные имидазола.,Метронидазол 250 мг № 30 табл,Эйкос-Фарм ТОО,Казахстан,670 ₸,https://europharma.kz/metronidazol-250-mg-no-30-tabl,2026-08-13 14:55:25
Лекарственные средства,Мужские препараты,,Виагра 50 мг № 1 табл плён оболочке,Fareva Amboise,,7 960 ₸,https://europharma.kz/viagra-50-mg-no-1-tabl-plen-obolochke,2026-08-13 14:55:26
Лекарственные средства,Противовирусные препараты,Иммуномодуляторы. Иммуностимуляторы. Интерфероны.,Назоферон 100000 МЕ/мл 5 мл спрей назальный,Фармак ОАО,Украина,5 360 ₸,https://europharma.kz/nazoferon-100000-meml-5-ml-sprey-nazalnyy,2026-08-13 14:55:27
Лекарственные средства,Лечение жкт,,Пан 40 мг № 20 табл покрытые оболочкой,Алкем Лабораториз Лтд,Индия,3 415 ₸,https://europharma.kz/pan-40-mg-no-20-tabl-pokrytyye-obolochkoy,2026-08-13 14:55:29
Лекарственные средства,Лечение лор заболеваний,Респираторная система. Препараты для лечения заболеваний горла. Антисептики. Прочие препараты,Декатилен № 40 табл,Balkanpharma-Razgrad AD (Bulgaria),,8 515 ₸,https://europharma.kz/dekatilen-no-40-tabl,2026-08-13 14:55:30
Лекарственные средства,Лечение лор заболеваний,,Броцевин сироп 150 мл,Norton Waterford,Ангилья,5 475 ₸,https://europharma.kz/brocevin-sirop-150-ml,2026-08-13 14:55:31
Лекарственные средства,Лечение артериального давления,Бета-адреноблокаторы. Альфа- и бета-адреноблокаторы. Карведилол.,"Карвидил 12,5 мг, № 28, табл.",Гриндекс АО,Латвия,4 080 ₸,https://europharma.kz/karvidil-125-mg-no-28-tabl,2026-08-13 14:55:32
Лекарственные средства,Мужские препараты,,Виагра 100 мг № 1 табл плён оболочке,Fareva Amboise,,9 670 ₸,https://europharma.kz/viagra-100-mg-no-1-tabl-plen-obolochke,2026-08-13 14:55:33
Лекарственные средства,Рецептурные препараты,Психостимуляторы и ноотропные препараты,Сертозин раствор д/инъекций 1000 мг/4 мл № 5 амп,ФармаВижн Сан ве Тидж А.Ш,Турция,14 300 ₸,https://europharma.kz/sertozin-rastvor-dinyektsiy-1000-mg4-ml-no-5-amp,2026-08-13 14:55:34
Лекарственные средства,Лечение жкт,"Препараты, способствующие пищеварению (включая ферментные препараты).",Фестал Н № 20 табл,Санофи-Авентис,Франция,2 120 ₸,https://europharma.kz/festal-n-no-20-tabl,2026-08-13 14:55:35
Лекарственные средства,Лечение головного кровооброщения,Средства для устранения головокружения. Циннаризин.,Циннаризин 25 мг № 50 табл,Софарма АО,Болгария,365 ₸,https://europharma.kz/tsinnarizin-25-mg-no-50-tabl,2026-08-13 14:55:36
Лекарственные средства,Рецептурные препараты,Препараты для лечения обструктивных заболеваний дыхательных путей. Другие препараты препараты для лечения обструктивных заболеваний дыхательных путей для системного использования. Лейкотриеновых рецепторов антагонисты. Монтелукаст,Монтемак 10мг №30,Macleods Pharmaceuticals Limited,Индия,4 895 ₸,https://europharma.kz/montemak-10mg-no30,2026-08-13 14:55:37
Лекарственные средства,Анальгетики,Нестероидные противовоспалительные препараты. Неселективные нестероидные противовоспалительные препараты.,Нимесил 2 гр № 30 пакетики,МЕНАРИНИ ГРУП,Испания,4 477 ₸,https://europharma.kz/nimesil-2-gr-no-30-paketiki,2026-08-13 14:55:38
Лекарственные средства,Противогрибковые средства,Дерматология. Противогрибковые препараты для лечения заболеваний кожи. Противогрибковые препараты для местного применения. Прочие противогрибковые препараты для местного применения. Нафтифин.,Экзодерил 10 мл раствор,Сандоз Фармасьютикалс д.д.,Словения,6 180 ₸,https://europharma.kz/ekzoderil-10-ml-rastvor,2026-08-13 14:55:39
Лекарственные средства,Лечение лор заболеваний,Препараты для устранения симптомов простуды и кашля.,Инсти со вкусом лимона № 5 пакетики,Хербион,Пакистан,1 480 ₸,https://europharma.kz/insti-so-vkusom-limona-no-5-paketiki,2026-08-13 14:55:40
Лекарственные средства,Противокашлевые препараты,Отхаркивающие препараты,Линкас Лор № 16 табл.д/рассасыв-я мёд-лимон,Хербион,Пакистан,1 220 ₸,https://europharma.kz/linkas-lor-no-16-tabldrassasyv-ya-med-limon,2026-08-13 14:55:41
Лекарственные средства,Лечение артериального давления,Бета-адреноблокаторы. Альфа- и бета-адреноблокаторы. Карведилол.,"Карвидил 25 мг, № 28, табл.",Гриндекс АО,Латвия,6 620 ₸,https://europharma.kz/karvidil-25-mg-no-28-tabl,2026-08-13 14:55:42
Лекарственные средства,Лечение артериального давления,,"Ко-Валодип 10 мг/160мг/12,5мг №30","KRKA d.d., Словения",,6 808 ₸,https://europharma.kz/ko-valodip-10-mg160mg125mg-no30,2026-08-13 14:55:43
Лекарственные средства,Лечение сердечно-сосудистых заболеваний,,"Карведилол-Тева 6,25 мг № 30 табл",Тева ЛТД Pharmaceutical industries Israel,,1 476 ₸,https://europharma.kz/karvedilol-teva-625-mg-no-30-tabl,2026-08-13 14:55:44
Лекарственные средства,Лечение лор заболеваний,Препараты для лечения заболеваний горла. Антисептики. Прочие препараты.,Аджисепт со вкусом апельсина № 24 леденцы,Аджио Фармацевтикалз Лтд,Индия,2 015 ₸,https://europharma.kz/adzhisept-so-vkusom-apelsina-no-24-ledentsy,2026-08-13 14:55:45
Лекарственные средства,Анальгетики,,Индометацин-Софарма 25 мг № 30 табл,Софарма АО,Болгария,1 080 ₸,https://europharma.kz/indometatsin-sofarma-25-mg-no-30-tabl,2026-08-13 14:55:46
Лекарственные средства,Лечение жкт,,Смектит Э 3г №10 порошок,"ОАО ""ЭКЗОН""",,1 705 ₸,https://europharma.kz/smektit-e-3g-no10-poroshok,2026-08-13 14:55:49
Лекарственные средства,От паразитов,,Немозол 400 мг № 5 табл п/плён оболоч,Ипка Лабораториз Лимитед,Индия,8 507 ₸,https://europharma.kz/nemozol-400-mg-no-5-tabl-pplen-oboloch,2026-08-13 14:55:50
Лекарственные средства,Антибиотики,Антибактериальные препараты –производные хинолона. Фторхинолоны.,Сиспрес 500 мг № 10 табл п/плён оболоч,Нобел АФФ,Казахстан,1 665 ₸,https://europharma.kz/sispres-500-mg-no-10-tabl-pplen-oboloch,2026-08-13 14:55:51
Лекарственные средства,Лечение заболеваний опорно-двигательного аппарата,"Костно-мышечная система. Препараты для местного применения при суставной и мышечной боли. Препараты для местного применения при суставной мышечной боли, другие.",Випросал В д/наруж применения 30 г мазь,Гриндекс АО,Латвия,5 355 ₸,https://europharma.kz/viprosal-v-dnaruzh-primeneniya-30-g-maz,2026-08-13 14:55:52
Лекарственные средства,Противокашлевые препараты,Отхаркивающие препараты,Линкас Лор № 16 табл.д/рассасыв-я апельсин,Хербион,Пакистан,1 475 ₸,https://europharma.kz/linkas-lor-no-16-tabldrassasyv-ya-apelsin,2026-08-13 14:55:53
Лекарственные средства,Жаропонижающие,,Ибукем таблетки 200 мг №10,Alkem Laboratories Ltd,Индия,410 ₸,https://europharma.kz/ibukem-tabletki-200-mg-no10,2026-08-13 14:55:54
Лекарственные средства,Лечение печени,Препараты для лечения заболеваний печени и желчевыводящих путей. Препараты для лечения заболеваний печени.,Карсил № 80 табл,Софарма АО,Болгария,5 665 ₸,https://europharma.kz/karsil-no-80-tabl,2026-08-13 14:55:55
Лекарственные средства,Лечение лор заболеваний,Препараты для лечения заболеваний горла. Антисептики. Прочие препараты.,Аджисепт со вкусом лимона № 24 леденцы,Аджио Фармацевтикалз Лтд,Индия,2 020 ₸,https://europharma.kz/adzhisept-so-vkusom-limona-no-24-ledentsy,2026-08-13 14:55:56
Лекарственные средства,Лечение почек,,Фитолизин nefro CAPS № 30 капс,Гербаполь Варшава ООО,Польша,5 630 ₸,https://europharma.kz/fitolizin-nefro-caps-no-30-kaps,2026-08-13 14:55:57
Лекарственные средства,Лечение жкт,"Препараты, способствующие пищеварению, включая ферментные препараты. Пищеварительные ферментные препараты. Панкреатин.",Мезим форте 1000 мг № 20 табл покр кишечнораст оболочкой,Берлин-Хеми АГ (Менарини,Германия,2 555 ₸,https://europharma.kz/mezim-forte-1000-mg-no-20-tabl-pokr-kishechnorast-obolochkoy,2026-08-13 14:55:58
Лекарственные средства,Лечение заболеваний мочеполовой системы,,Тригрим 10 мг № 30 табл.,Польфарма ФЗ АО,Польша,3 575 ₸,https://europharma.kz/trigrim-10-mg-no-30-tabl,2026-08-13 14:55:59
Лекарственные средства,Лечение лор заболеваний,,Аджисепт классический № 24 леденцы,Аджио Фармацевтикалз Лтд,Индия,2 035 ₸,https://europharma.kz/adzhisept-klassicheskiy-no-24-ledentsy,2026-08-13 14:56:01
Лекарственные средства,Лечение геморроя,Средства для лечения геморроя и анальных трещин для местного применения. Прочие средства для лечения геморроя и анальных трещин для местного применения.,Релиф Ультра № 12 суппозит. ректал.,"Сагмел, Инк.",США,5 985 ₸,https://europharma.kz/relif-ultra-no-12-suppozit-rektal,2026-08-13 14:56:02
Лекарственные средства,Противогрибковые средства,Дерматология. Противогрибковые препараты для лечения заболеваний кожи. Противогрибковые препараты для местного применения. Имидазола и триазола производные. Клотримазол.,Клотримазол-Тева крем 1% 30 г крем,Ратиофарм ГмбХ,Германия,2 535 ₸,https://europharma.kz/klotrimazol-teva-krem-1-30-g-krem,2026-08-13 14:56:02
Лекарственные средства,Лечение артериального давления,"Препараты, влияющие на систему ренин-ангиотензин. АКФ ингибиторы в комбинации с другими препаратами. АКФ ингибиторы, другие комбинации. Периндоприл, амлодипин и индапамид","Трипликсам 10 мг/2,5 мг/5 мг № 30 табл п/плён оболоч",Сервье Ле Лаборатуар,Франция,8 720 ₸,https://europharma.kz/tripliksam-10-mg25-mg5-mg-no-30-tabl-pplen-oboloch,2026-08-13 14:56:04
Лекарственные средства,Слабительные препараты,Контактные слабительные средства. Натрия пикосульфат.,"Пиколакс 7,5 мг № 10 табл",Фармак ОАО,Украина,2 755 ₸,https://europharma.kz/pikolaks-75-mg-no-10-tabl,2026-08-13 14:56:05
Лекарственные средства,Лечение жкт,Противоязвенные препараты и препараты для лечения гастроэзофагеального рефлюкса. Ингибиторы протонового насоса.,Пантап 40 мг № 14 табл,Нобел АФФ,Казахстан,3 105 ₸,https://europharma.kz/pantap-40-mg-no-14-tabl,2026-08-13 14:56:06
Лекарственные средства,Лечение лор заболеваний,Симпатомиметические средства.,Эвказолин Аква 1 мг/г 10 мл спрей назальный,Фармак ОАО,Украина,2 630 ₸,https://europharma.kz/evkazolin-akva-1-mgg-10-ml-sprey-nazalnyy,2026-08-13 14:56:07
Лекарственные средства,Лечение лор заболеваний,Препараты для лечения заболеваний горла. Антисептики. Прочие препараты.,"Хепилор 20 мл, спрей для ротовой полости",Фармак ОАО,Украина,3 050 ₸,https://europharma.kz/hepilor-20-ml-sprej-dla-rotovoj-polosti,2026-08-13 14:56:08
Лекарственные средства,Мужские препараты,"Препараты для лечения урологических заболеваний. Другие препараты для лечения урологических заболеваний, включая спазмолитики. Препараты для лечения нарушений эрекции. Тадалафил.",Сиалис 20 мг № 1 табл,Eli Lilly & Company Ltd,Швейцария,8 715 ₸,https://europharma.kz/sialis-20-mg-no-1-tabl,2026-08-13 14:56:09
Лекарственные средства,Жаропонижающие,Костно-мышечная система. Противовоспалительные и,"ИБУФЕН, 200 мг, №20 таблетки","АО «Химфарм», Республика Казахстан, г. Шымкент, у",,1 680 ₸,https://europharma.kz/ibufen-200-mg-no20-tabletki,2026-08-13 14:56:10
Лекарственные средства,Лечение глаз,,"Лакома-Т 2,5 мл капли глазные",Аджанта Фарма ЛТД,Индия,7 100 ₸,https://europharma.kz/lakoma-t-25-ml-kapli-glaznyye,2026-08-13 14:56:11
Лекарственные средства,Слабительные препараты,Препараты со смягчающим и протекторным действием. Жидкий парафин и продукты жиров.,Вазелиновое масло 25 гр флак,Фармация АО,Казахстан,335 ₸,https://europharma.kz/vazelinovoye-maslo-25-gr-flak,2026-08-13 14:56:12
Лекарственные средства,Лечение заболеваний опорно-двигательного аппарата,"Костно-мышечная система. Препараты для местного применения при суставной и мышечной боли. Препараты для местного применения при суставной мышечной боли, другие. Диметил сульфоксид.",Капсикам д/наруж применения 50 гр мазь,Таллиннский фармацевтичес,Эстония,6 180 ₸,https://europharma.kz/kapsikam-dnaruzh-primeneniya-50-gr-maz,2026-08-13 14:56:13
Лекарственные средства,Мужские препараты,,Виагра 100 мг № 4 табл плён оболочке,Fareva Amboise,,29 770 ₸,https://europharma.kz/viagra-100-mg-no-4-tabl-plen-obolochke,2026-08-13 14:56:14
Лекарственные средства,Лечение заболеваний мочеполовой системы,,Тригрим 5 мг № 30 табл.,Польфарма ФЗ АО,Польша,3 470 ₸,https://europharma.kz/trigrim-5-mg-no-30-tabl,2026-08-13 14:56:15
Лекарственные средства,Антибиотики,,Доксилан 100 мг № 10 табл,Ланнахер Хайльмиттель Гмб,Австрия,2 770 ₸,https://europharma.kz/doksilan-100-mg-no-10-tabl,2026-08-13 14:56:16
Лекарственные средства,Мужские препараты,"Препараты для лечения урологических заболеваний. Другие препараты для лечения урологических заболеваний, включая спазмолитики. Препараты для лечения нарушений эрекции. Тадалафил.",Сиалис 20 мг № 4 табл,Eli Lilly & Company Ltd,Швейцария,27 740 ₸,https://europharma.kz/sialis-20-mg-no-4-tabl,2026-08-13 14:56:17
Лекарственные средства,Лечение лор заболеваний,Препараты для лечения заболеваний горла. Антисептики. Прочие препараты.,Аджисепт со вкусом меда и лимона № 24 леденцы,Аджио Фармацевтикалз Лтд,Индия,2 055 ₸,https://europharma.kz/adzhisept-so-vkusom-meda-i-limona-no-24-ledentsy,2026-08-13 14:56:18
Лекарственные средства,Лечение глаз,,Мардозия 5 мл капли глазные,Фамар A.В.E. (завод Алимос),Греция,5 135 ₸,https://europharma.kz/mardoziya-5-ml-kapli-glaznyye,2026-08-13 14:56:19
Лекарственные средства,Лечение артериального давления,,"Индапамид SR 1,5 мг, №30, табл.",Польфарма ФЗ АО,Польша,1 465 ₸,https://europharma.kz/indapamid-sr-15-mg-no30-tabl,2026-08-13 14:56:22
Лекарственные средства,Мужские препараты,,"ЛИФТА 0,01 N1 ТАБЛ П/О",,,4 040 ₸,https://europharma.kz/lifta-001-n1-tabl-po,2026-08-13 14:56:23
Лекарственные средства,Лечение жкт,"Препараты, способствующие пищеварению, включая ферментные препараты. Пищеварительные ферментные препараты. Панкреатин.",Мезим форте № 20 табл п/плён оболоч,Берлин-Хеми АГ (Менарини,Германия,1 235 ₸,https://europharma.kz/mezim-forte-no-20-tabl-pplen-oboloch,2026-08-13 14:56:24
Лекарственные средства,Мужские препараты,,"ЛИФТА 0,02 N1 ТАБЛ П/О",,,4 540 ₸,https://europharma.kz/lifta-002-n1-tabl-po,2026-08-13 14:56:25
Лекарственные средства,Лечение печени,Пищеварительный тракт и обмен веществ. Препараты для лечения заболеваний пищеварительного тракта и нарушения обмена веществ другие. Аминокислоты и производные. Адеметионин.,Гептрал 400 мг № 20 табл,Эбботт Лэбораториз Лтд.,Италия,14 670 ₸,https://europharma.kz/geptral-400-mg-no-20-tabl,2026-08-13 14:56:26
Лекарственные средства,Кожные заболевания,Дермапротекторы. Дермапротекторы прочие.,Глицерин 25 мл флак,Фармация АО,Казахстан,365 ₸,https://europharma.kz/glitserin-25-ml-flak,2026-08-13 14:56:27
Лекарственные средства,Лечение лор заболеваний,Препараты для устранения симптомов простуды и кашля. Другие комбинации препаратов для устранения симптомов простуды.,Инсти для детей № 5 пакетики,Хербион,Пакистан,1 535 ₸,https://europharma.kz/insti-dlya-detey-no-5-paketiki,2026-08-13 14:56:28
Лекарственные средства,Лечение лор заболеваний,Препараты для устранения симптомов простуды и кашля.,Линкас Бальзам 25 гр мазь,Хербион,Пакистан,1 775 ₸,https://europharma.kz/linkas-balzam-25-gr-maz,2026-08-13 14:56:29
Лекарственные средства,Противокашлевые препараты,Отхаркивающие средства (исключая комбинации с противокашлевыми препаратами).,"Линкас плюс Экспекторант 120 мл, сироп",Хербион,Пакистан,2 080 ₸,https://europharma.kz/linkas-plus-ekspektorant-120-ml-sirop,2026-08-13 14:56:30
Лекарственные средства,Инъекционные растворы и ампулы,Витамины. Комплекс витаминов группы В в комбинации с другими препаратами.,"Комплигам В 2 мл, №5, р-р д/и",Эрба Вита,Италия,3 560 ₸,https://europharma.kz/kompligam-v-2-ml-no5-r-r-di,2026-08-13 14:56:31
Лекарственные средства,Противогрибковые средства,Противогрибковые средства системного действия. Производные триазола,"Текназол 100 мг, №4, капс.",Нобел АФФ,Казахстан,2 955 ₸,https://europharma.kz/teknazol-100-mg-no4-kaps,2026-08-13 14:56:32
Лекарственные средства,Лечение лор заболеваний,Препараты для лечения заболеваний горла. Антисептики. Прочие препараты.,Аджисепт со вкусом ананаса № 24 леденцы,Аджио Фармацевтикалз Лтд,Индия,1 935 ₸,https://europharma.kz/adzhisept-so-vkusom-ananasa-no-24-ledentsy,2026-08-13 14:56:33
Лекарственные средства,Лечение сердечно-сосудистых заболеваний,"Сердечно-сосудистая система. Препараты, влияющие на ренин-ангиотензиновую систему. Ангиотензин-конвертирующего фермента (АКФ) ингибиторы в комбинациях с другими препаратами. АКФ ингибиторы в комбинации с диуретиками. Периндоприл в комбинации с диуретиками","Стопресс Инда 4 мг+1,25 мг №30","АО «Химфарм», Республика Казахстан, г. Шымкент, у",,4 020 ₸,https://europharma.kz/stopress-inda-4-mg125-mg-no30,2026-08-13 14:56:34
Лекарственные средства,Лечение заболеваний опорно-двигательного аппарата,Препараты для местного лечения заболеваний опорно-двигательного аппарата. Нестероидные противовоспалительные препараты для местного применения.,Индометациновая 10% 40 г мазь,Софарма АО,Болгария,1 635 ₸,https://europharma.kz/indometatsinovaya-10-40-g-maz,2026-08-13 14:56:35
Лекарственные средства,Лечение жкт,"Препараты для лечения функциональных нарушений со стороны ЖКТ. Препараты, применяемые при нарушениях функции кишечника. Синтетические холиноблокаторы — эфиры с третичной аминогруппой. Мебеверин.","Меверин 0,2 г № 30 капс",Киевмедпрепарат ОАО,Украина,3 965 ₸,https://europharma.kz/meverin-02-g-no-30-kaps,2026-08-13 14:56:36
Лекарственные средства,Лечение лор заболеваний,,Аджисепт со вкусом ментол+эвкалипт № 24 леденцы,Аджио Фармацевтикалз Лтд,Индия,2 010 ₸,https://europharma.kz/adzhisept-so-vkusom-mentolevkalipt-no-24-ledentsy,2026-08-13 14:56:37
Лекарственные средства,Лечение лор заболеваний,Прочие препараты. Другие терапевтические препараты все. Другие лекарственные препараты.,Инсти-чай б/сахара травянной № 5 пакетики,Хербион,Пакистан,1 460 ₸,https://europharma.kz/insti-chay-bsakhara-travyannoy-no-5-paketiki,2026-08-13 14:56:38
Лекарственные средства,Противовирусные препараты,,АНТИГРИППИН N100 ТАБЛ,ЭЙКОС ФАРМ ТОО,,6 965 ₸,https://europharma.kz/antigrippin-n100-tabl,2026-08-13 14:56:39
Лекарственные средства,Лечение сердечно-сосудистых заболеваний,Прочие препараты для лечения заболеваний сердца. Прочие кардиотонические препараты. Мельдоний.,Милдронат 500 мг № 60 капс,Гриндекс АО,Латвия,10 990 ₸,https://europharma.kz/mildronat-500-mg-no-60-kaps,2026-08-13 14:56:40
Лекарственные средства,Анальгетики,Противовоспалительные и противоревматические препараты. Нестероидные противовоспалительные препараты.,Этодин Форт 400 мг № 7 табл,Нобел АФФ,Казахстан,1 830 ₸,https://europharma.kz/etodin-fort-400-mg-no-7-tabl,2026-08-13 14:56:41
Лекарственные средства,Лечение заболеваний опорно-двигательного аппарата,"Костно-мышечная система. Препараты для местного применения при суставной и мышечной боли. Препараты для местного применения при суставной мышечной боли, другие.",Випросал В д/наруж применения 50 г мазь,Гриндекс АО,Латвия,5 345 ₸,https://europharma.kz/viprosal-v-dnaruzh-primeneniya-50-g-maz,2026-08-13 14:56:42
Лекарственные средства,От паразитов,Другие препараты для уничтожения эктопаразитов (в т.ч. чесоточного клеща).,Бензилбензоат Гриндекс д/наруж применения 200 мг/г 30 г мазь,Таллиннский фармацевтичес,Эстония,4 750 ₸,https://europharma.kz/benzilbenzoat-grindeks-dnaruzh-primeneniya-200-mgg-30-g-maz,2026-08-13 14:56:43
Лекарственные средства,Противогрибковые средства,Противогрибковые средства системного действия. Производные триазола,"Текназол 100 мг, №15, капс.",Нобел АФФ,Казахстан,7 380 ₸,https://europharma.kz/teknazol-100-mg-no15-kaps,2026-08-13 14:56:44
Лекарственные средства,Лечение сердечно-сосудистых заболеваний,Антикоагулянты. Ингибиторы агрегации тромбоцитов исключая гепарин. Ацетилсалициловая кислота,Кардиомагнил 150мг № 30 табл п/плён оболоч,Такеда Фармасьютикал Комапани Лтд.,Австрия,2 260 ₸,https://europharma.kz/kardiomagnil-150mg-no-30-tabl-pplen-oboloch,2026-08-13 14:56:45
Лекарственные средства,Противовирусные препараты,Иммуномодуляторы. Иммуностимуляторы. Интерфероны.,Назоферон 100000 МЕ/мл 5 мл капли назальные,Фармак ОАО,Украина,4 815 ₸,https://europharma.kz/nazoferon-100000-meml-5-ml-kapli-nazalnyye,2026-08-13 14:56:46
Лекарственные средства,Лечение глаз,Код АТХ: S01СА01,Тамекраз глазная мазь 3 мг/г 5 г.,Белинда,Болгария,2 975 ₸,https://europharma.kz/tamekraz-glaznaya-maz-3-mgg-5-g,2026-08-13 14:56:47
Лекарственные средства,Жаропонижающие,,Ибукем таблетки 400 мг №10,Alkem Laboratories Ltd,,520 ₸,https://europharma.kz/ibukem-tabletki-400-mg-no10,2026-08-13 14:56:48
Лекарственные средства,Жаропонижающие,Костно-мышечная система. Противовоспалительные и,"ИБУФЕН, 400 мг, №20 таблетки","АО «Химфарм», Республика Казахстан, г. Шымкент, у",,1 890 ₸,https://europharma.kz/ibufen-400-mg-no20-tabletki,2026-08-13 14:56:49
Лекарственные средства,Антисептики,,M&Z Farm Раствор Фурацилина 400 мл,M&Z Farm,,740 ₸,https://europharma.kz/mz-farm-rastvor-furatsilina-400-ml,2026-08-13 14:56:50
Лекарственные средства,Лечение сердечно-сосудистых заболеваний,"Препараты, снижающие проницаемость капилляров. Биофлавоноиды.","Троксерутин Ветпром 2%, 40 гр, гель для наружного применения",Ветпром АД,Болгария,875 ₸,https://europharma.kz/trokserutin-vetprom-2-40-gr-gel-dla-naruznogo-primenenia,2026-08-13 14:56:51
Лекарственные средства,Лечение лор заболеваний,Препараты для лечения заболеваний горла. Антисептики. Прочие препараты.,Аджисепт со вкусом меда № 24 леденцы,Аджио Фармацевтикалз Лтд,Индия,2 015 ₸,https://europharma.kz/adzhisept-so-vkusom-meda-no-24-ledentsy,2026-08-13 14:56:54
Лекарственные средства,Лечение глаз,Противоглаукомные препараты и миотики. Аналоги простагландина. Тафлупрост.,"Тафлотан 15 мкг/мл 2,5 мл флак-капельница",Сантэн АО,Финляндия,5 390 ₸,https://europharma.kz/taflotan-15-mkgml-25-ml-flak-kapelnitsa,2026-08-13 14:56:55
Лекарственные средства,Кожные заболевания,Глюкокортикостероиды для местного лечения заболеваний кожи. Глюкокортикостероиды активные (группа III). Флуоцинолона ацетонид.,"Синафлан 0,025% 15 г мазь",Нижфарм ОАО,Россия,680 ₸,https://europharma.kz/sinaflan-0025-15-g-maz,2026-08-13 14:56:56
Лекарственные средства,Лечение жкт,"Препараты для лечения заболеваний связанных с нарушением кислотности. Комбинация препаратов алюминия, кальция и магния.",Маалокс 400 мг № 20 табл. жев.,Stada Arzneimittel AG,Италия,2 090 ₸,https://europharma.kz/maaloks-400-mg-no-20-tabl-zhev,2026-08-13 14:56:58
Лекарственные средства,Лечение лор заболеваний,Препараты для лечения заболеваний горла. Антисептики. Прочие препараты.,Аджисепт со вкусом вишни № 24 леденцы,Аджио Фармацевтикалз Лтд,Индия,2 035 ₸,https://europharma.kz/adzhisept-so-vkusom-vishni-no-24-ledentsy,2026-08-13 14:56:59
Лекарственные средства,Лечение артериального давления,,"Телзап плюс 40 мг/12,5 мг № 30 табл",Зентива а.с.,Чешская республика,3 790 ₸,https://europharma.kz/telzap-plyus-40-mg125-mg-no-30-tabl,2026-08-13 14:57:00
Лекарственные средства,Лечение артериального давления,Гиполипидемические препараты. Гипохолистеринемические и гипотриглицириндемические препараты. HMG CоА редуктазы ингибаторы. Розувостатин.,"Росустар 10 мг №30,табл",Уорлд Медицин Илач Сан.Ве Тидж А.Ш,Турция,4 520 ₸,https://europharma.kz/rosustar-10-mg-no30tabl,2026-08-13 14:57:01
Лекарственные средства,Антисептики,Антисептики и дезинфицирующие препараты. Препараты йода.,Йод 5% 20 мл раствор спиртовой,Фармация АО,Казахстан,510 ₸,https://europharma.kz/yod-5-20-ml-rastvor-spirtovoy,2026-08-13 14:57:02
Лекарственные средства,"Вобилон 80 мг, №30, капс.",,"Вобилон 80 мг, №30, капс.",Адифарм Лтд.,Болгария,4 384 ₸,https://europharma.kz/vobilon-80-mg-no30-kaps,2026-08-13 14:57:03
Лекарственные средства,Лечение заболеваний опорно-двигательного аппарата,,Камфорное 10% 50 мл масло,Фармация АО,Казахстан,595 ₸,https://europharma.kz/kamfornoye-10-50-ml-maslo,2026-08-13 14:57:04
Лекарственные средства,Лечение сердечно-сосудистых заболеваний,"Средства, действующие на систему ренин-ангиотензин, ингибиторыангиотензин-конвертирующего фермента (АКФ) в комбинации с диуретиками.","Нолипрел Аргинин 2,5 мг/0,625 мг № 30 табл п/плён оболоч",СЕРВЬЕ РУС ООО,Россия,6 100 ₸,https://europharma.kz/noliprel-arginin-25-mg0625-mg-no-30-tabl-pplen-oboloch-2,2026-08-13 14:57:05
Лекарственные средства,Инъекционные растворы и ампулы,Плазмозамещающие и перфузионные растворы.,Глюкоза 5% 250 мл,Келун Фарм завод,Китай,235 ₸,https://europharma.kz/glukoza-5-250-ml-2,2026-08-13 14:57:06
Лекарственные средства,Противовирусные препараты,Противоинфекционные препараты для системного использования. Противовирусные препараты для системного применения. Противовирусные препараты прямого действия. Противовирусные препараты прочие.,Кагоцел 12 мг № 20 табл,НИАРМЕДИК ФАРМА ООО,Россия,6 275 ₸,https://europharma.kz/kagotsel-12-mg-no-20-tabl,2026-08-13 14:57:07
Лекарственные средства,Улкарил 5% 10 гр крем,Противовирусные средства прямого действия. Нуклеозиды и нуклеотиды.,Улкарил 5% 10 гр крем,Нобел АФФ,Казахстан,2 445 ₸,https://europharma.kz/ulkaril-5-10-gr-krem,2026-08-13 14:57:08
Лекарственные средства,Лечение заболеваний опорно-двигательного аппарата,,Карипаин гель 30 мл,Ас-Ком НПК ООО,Россия,5 438 ₸,https://europharma.kz/karipain-gel-30-ml,2026-08-13 14:57:09
Лекарственные средства,Кожные заболевания,Фармакологические свойства,Вегадерм мазь 15 г,Balkanpharma-Razgrad AD,Болгария,3 910 ₸,https://europharma.kz/vegaderm-maz-15-g,2026-08-13 14:57:10
Лекарственные средства,Лечение головного кровооброщения,Прочие гематологические препараты,Актовегин 200 мг № 50 табл покрытые оболочкой,Такеда Фармасьютикал Комапани Лтд.,Австрия,11 365 ₸,https://europharma.kz/aktovegin-200-mg-no-50-tabl-pokrytyye-obolochkoy,2026-08-13 14:57:11
Лекарственные средства,От паразитов,Антигельминтные препараты. Тетрагидропиримидина производные. Пирантел.,Пирантел 250 мг № 3 табл.,Польфарма ФЗ АО,Польша,1 460 ₸,https://europharma.kz/pirantel-250-mg-no-3-tabl,2026-08-13 14:57:12
Лекарственные средства,Анальгетики,,Ибуфен Д форте 200мг/5мл 100мл суспензия для приема внутрь,Медана Фарма АО,Польша,3 145 ₸,https://europharma.kz/ibufen-d-forte-200mg5ml-100ml-suspenziya-dlya-priyema-vnutr,2026-08-13 14:57:13
Лекарственные средства,Лечение лор заболеваний,,"Блогир-3 0,5мг/мл 60 мл раствор оральный","FAMAR A.V.E., Греция",Греция,3 170 ₸,https://europharma.kz/blogir-3-05mgml-60-ml-rastvor-oralnyy,2026-08-13 14:57:14
Лекарственные средства,Противовирусные препараты,Противоинфекционные препараты для системного использования. Противовирусные препараты для системного применения. Противовирусные препараты прямого действия. Другие противовирусные препараты. Энисамия йодид.,Амизон 125 мг № 20 табл,Фармак АО,,4 261 ₸,https://europharma.kz/amizon-125-mg-no-20-tabl,2026-08-13 14:57:15
Лекарственные средства,Лечение глаз,"Антиаллергические препараты, другие. Кромоглициевая кислота.",Лекролин 4% 5 мл капли глазные,Сантэн АО,Финляндия,3 695 ₸,https://europharma.kz/lekrolin-4-5-ml-kapli-glaznyye,2026-08-13 14:57:16
Лекарственные средства,Лечение сахарного диабета,"Средства для лечения сахарного диабета. Сахароснижающие препараты для перорального приема. Бигуаниды. Метформин.
Код АТХ A10BA02",Сиофор 1000 мг № 60 табл,Берлин-Хеми АГ (Менарини,Германия,2 845 ₸,https://europharma.kz/siofor-1000-mg-no-60-tabl,2026-08-13 14:57:17
Лекарственные средства,Инъекционные растворы и ампулы,Кровь и органы кроветворения. Кровезаменители и перфузионные растворы. Ирригационные растворы. Прочие ирригационные растворы.,"Глюкоза 5%, 250 мл","Хуашидан АК, Китай",Китай,300 ₸,https://europharma.kz/glukoza-5-250-ml,2026-08-13 14:57:18
Лекарственные средства,Анальгетики,Противовоспалительные и противоревматические препараты. Нестероидные противовоспалительные препараты. Оксикамы. Лорноксикам,"Ксефокам 4 мг, №10, табл.",Stada Arzneimittel AG,Австрия,2 460 ₸,https://europharma.kz/ksefokam-4-mg-no10-tabl,2026-08-13 14:57:19
Лекарственные средства,Лечение лор заболеваний,Препараты для лечения заболеваний горла. Антисептики. Прочие препараты.,Аджисепт со вкусом клубники № 24 леденцы,Аджио Фармацевтикалз Лтд,Индия,2 005 ₸,https://europharma.kz/adzhisept-so-vkusom-klubniki-no-24-ledentsy,2026-08-13 14:57:20
Лекарственные средства,Рецептурные препараты,Иммунодепрессанты селективные.,"Лефно 20 мг, №30, табл.",Кусум Хелтхер,Индия,9 680 ₸,https://europharma.kz/lefno-20-mg-no30-tabl,2026-08-13 14:57:21
Лекарственные средства,Противогрибковые средства,Противогрибковые препараты для системного использования. Производные триазола. Флуконазол.,Флунол 50 мг № 7 капс,Нобел АФФ,Казахстан,4 110 ₸,https://europharma.kz/flunol-50-mg-no-7-kaps,2026-08-13 14:57:22
Лекарственные средства,Кожные заболевания,Глюкокортикостероиды для местного лечения заболеваний кожи. Кортикостероиды в комбинации с другими препаратами. Бетаметазон в комбинации с другими препаратами.,Бетасалик-КМП д/наруж применения 15 г мазь,Киевмедпрепарат ОАО,Украина,1 814 ₸,https://europharma.kz/betasalik-kmp-dnaruzh-primeneniya-15-g-maz,2026-08-13 14:57:23
Лекарственные средства,Лечение артериального давления,,"Телзап плюс 80 мг/12,5 мг № 30 табл",Зентива а.с.,Чешская республика,3 020 ₸,https://europharma.kz/telzap-plyus-80-mg125-mg-no-30-tabl,2026-08-13 14:57:24
Лекарственные средства,Пробиотики и пребиотики,,БиоЗим №30 капс,Claus Marsh,США,7 180 ₸,https://europharma.kz/biozim-no30-kaps,2026-08-13 14:57:27
Лекарственные средства,Лечение артериального давления,"Препараты, влияющие на системы ренин-ангиотензин. Ангиотензин конвертирующего фермента ингибиторы (АКФ). Каптоприл.",Каптоприл 25 мг № 40 табл,Борисовский завод медицинских препаратов ОАО,Беларусь,190 ₸,https://europharma.kz/kaptopril-25-mg-no-40-tabl,2026-08-13 14:57:28
Лекарственные средства,Противогрибковые средства,Противогрибковые препараты для системного применения. Тербинафин.,"Терфалин 250 мг, №14, табл.",Нобел АФФ,Казахстан,7 000 ₸,https://europharma.kz/terfalin-250-mg-no14-tabl,2026-08-13 14:57:29
Лекарственные средства,Лечение головного кровооброщения,"Нервная система. Психоаналептики. Психостимуляторы, применяемые при дефиците внимания и гиперактивности (ADHD-Attention deficit hyperactivity disorder) и ноотропные средства. Другие психорстимулирующие и ноотропные средства.",Фезам № 60 капс,Actavis,Исландия,4 630 ₸,https://europharma.kz/fezam-no-60-kaps,2026-08-13 14:57:30
Лекарственные средства,Лечение глаз,Препараты для лечения заболеваний глаз. Противомикробные препараты.,Офтаквикс 5 мг/мл 5 мл гл. капли,Сантэн АО,Китай,4 840 ₸,https://europharma.kz/oftakviks-5-mgml-5-ml-gl-kapli,2026-08-13 14:57:31
Лекарственные средства,Лечение головного кровооброщения,"Препараты, влияющие на кроветворение и кровь. Прочие гематологические препараты.",Актовегин раствор д/инъекций 40 мг/мл 10 мл № 5 амп,Nycomed Austria GmbH,Австрия,10 110 ₸,https://europharma.kz/aktovegin-rastvor-dinyektsiy-40-mgml-10-ml-no-5-amp,2026-08-13 14:57:32
Лекарственные средства,Лечение артериального давления,,"Ванатекс 80 мг, №28, табл.",Химфарм ФЗ АО,Казахстан,2 840 ₸,https://europharma.kz/vanateks-80-mg-no28-tabl,2026-08-13 14:57:33
Лекарственные средства,Лечение заболеваний мочеполовой системы,,САНАКОР НЕФРО №30 капсулы,ARDO-Fito ТОО,Казахстан,3 590 ₸,https://europharma.kz/sanakor-nefro-no30-kapsuly,2026-08-13 14:57:34
Лекарственные средства,Лечение лор заболеваний,Препараты для лечения заболеваний горла. Антисептики. Прочие препараты.,Аджисепт со вкусом банана № 24 леденцы,Аджио Фармацевтикалз Лтд,Индия,1 885 ₸,https://europharma.kz/adzhisept-so-vkusom-banana-no-24-ledentsy,2026-08-13 14:57:35
Лекарственные средства,Лечение заболеваний опорно-двигательного аппарата,Местноанестезирующие препараты,Меновазин 40 мл раствор,Фармация АО,Казахстан,430 ₸,https://europharma.kz/menovazin-40-ml-rastvor-2,2026-08-13 14:57:36
Лекарственные средства,Мужские препараты,,Максигра 100 мг № 4 табл покрытые оболочкой,Польфарма ФЗ АО,Польша,10 664 ₸,https://europharma.kz/maksigra-100-mg-no-4-tabl-pokrytyye-obolochkoy,2026-08-13 14:57:37
Лекарственные средства,Лечение артериального давления,,"Ванатекс 160 мг, №28, табл.",Химфарм ФЗ АО,Казахстан,4 715 ₸,https://europharma.kz/vanateks-160-mg-no28-tabl,2026-08-13 14:57:38
Лекарственные средства,Жаропонижающие,,Парацетамол Вива Фарм 80 мг № 6 суппозит ректал,Вива Фарм ТОО,,1 390 ₸,https://europharma.kz/paratsetamol-viva-farm-80-mg-no-6-suppozit-rektal,2026-08-13 14:57:39
Лекарственные средства,Лечение артериального давления,Препараты влияющие на систему ренин-ангиотензин. Ангиотензина II антагонисты в комбинации с другими препаратами. Ангиотензина II антагонисты в комбинации с диуретиками. Телмисартан и диуретики.,"Телсартан Н 80 мг/12,5 мг №28 табл",Dr.Reddy`s Laboratories L,Индия,3 405 ₸,https://europharma.kz/telsartan-n-80-mg125-mg-no28-tabl,2026-08-13 14:57:40
Лекарственные средства,Лечение жкт,"Пищеварительный тракт и обмен веществ. Противодиарейные, кишечные противовоспалительные/противомикробные препараты. Кишечные адсорбенты. Прочие кишечные адсорбенты.","Энтеросгель 225 гр, паста",Силма ТНК ООО,Россия,8 205 ₸,https://europharma.kz/enterosgel-225-gr-pasta,2026-08-13 14:57:41
Лекарственные средства,Анальгетики,Противовоспалительные и противоревматические препараты. Нестероидные противовоспалительные препараты. Оксикамы. Лорноксикам,Ксефокам 8 мг № 10 табл п/плён оболоч,Stada Arzneimittel AG,Австрия,3 620 ₸,https://europharma.kz/ksefokam-8-mg-no-10-tabl-pplen-oboloch,2026-08-13 14:57:42
Лекарственные средства,Жаропонижающие,,Тримол Экстра N100,Аджанта Фарма Лимитед,,3 865 ₸,https://europharma.kz/trimol-ekstra-n100,2026-08-13 14:57:43
Лекарственные средства,Кожные заболевания,Глюкокортикостероиды для местного лечения заболеваний кожи. Глюкокортикостероиды в комбинации с другими препаратами. Кортикостероиды сильные в комбинации с другими препаратами. Бетаметазон в комбинации с другими препаратами,"Дипросалик 30 гр, мазь",Schering Plough,Франция,5 035 ₸,https://europharma.kz/diprosalik-30-gr-maz,2026-08-13 14:57:44
Лекарственные средства,Гормональные препараты,Другие препараты для лечения гинекологических заболеваний,Климаксан № 20 табл,Материа Медика Холдинг НП,Россия,1 280 ₸,https://europharma.kz/klimaksan-no-20-tabl,2026-08-13 14:57:45
Лекарственные средства,Лечение лор заболеваний,Препараты для лечения заболеваний горла. Антисептики. Прочие препараты.,Аджисепт со вкусом малины № 24 леденцы,Аджио Фармацевтикалз Лтд,Индия,2 010 ₸,https://europharma.kz/adzhisept-so-vkusom-maliny-no-24-ledentsy,2026-08-13 14:57:46
Лекарственные средства,Гормональные препараты,Прочие препараты для лечения гинекологических заболеваний,Климаксан 10 гр гранулы,Материа Медика Холдинг НП,Россия,1 270 ₸,https://europharma.kz/klimaksan-10-gr-granuly,2026-08-13 14:57:47
Лекарственные средства,Лечение сердечно-сосудистых заболеваний,Пищеварительный тракт и обмен веществ. Общетонизирующие препараты. Общетонизирующие препараты.,Милдронат 250 мг № 40 капс,Гриндекс АО,Латвия,7 920 ₸,https://europharma.kz/mildronat-250-mg-no-40-kaps,2026-08-13 14:57:48
Лекарственные средства,Лечение головного кровооброщения,"Препараты, влияющие на кроветворение и кровь. Прочие гематологические препараты.",Актовегин раствор д/инъекций 40 мг/мл 5 мл № 5 амп,Nycomed Austria GmbH,Австрия,5 165 ₸,https://europharma.kz/aktovegin-rastvor-dinyektsiy-40-mgml-5-ml-no-5-amp,2026-08-13 14:57:49
Лекарственные средства,Лечение сердечно-сосудистых заболеваний,Сердечно-сосудистая система. Вазопротекторы. Капилляростабилизирующие средства. Биофлавоноиды. Троксерутин.,Троксевазин 300 мг № 50 капс,Балканфарма-Дупница АД,Исландия,9 615 ₸,https://europharma.kz/troksevazin-300-mg-no-50-kaps,2026-08-13 14:57:50
Лекарственные средства,Мужские препараты,,Максигра 100 мг № 1 табл покрытые оболочкой,Польфарма ФЗ АО,Польша,3 560 ₸,https://europharma.kz/maksigra-100-mg-no-1-tabl-pokrytyye-obolochkoy,2026-08-13 14:57:51
Лекарственные средства,Лечение сердечно-сосудистых заболеваний,"Блокаторы «медленных» кальциевых каналов. Блокаторы «медленных» кальциевых каналов селективные. Дигидропиридиновые производные. Амлодипин.
Код АТХ C08CA01",Короним 5 мг № 50 табл,Нобел АФФ,Казахстан,4 665 ₸,https://europharma.kz/koronim-5-mg-no-50-tabl,2026-08-13 14:57:52
Лекарственные средства,Противовирусные препараты,,Энфлувир пор.д/приг.сус. 12мг/мл 75мл,Атабай Илач Фабрика А.С.,,5 848 ₸,https://europharma.kz/enfluvir-pordprigsus-12mgml-75ml,2026-08-13 14:57:53
Лекарственные средства,Лечение лор заболеваний,"Назальные препараты. Деконгестанты и другие назальные препараты для местного применения. Симпатомиметики, простые. Ксилометазолин.","Риномарис 0,05% 15 мл спрей назальный",Ядран-Галенски Лабораторий а.о.,Хорватия,3 525 ₸,https://europharma.kz/rinomaris-005-15-ml-sprey-nazalnyy,2026-08-13 14:57:54
Лекарственные средства,Лечение лор заболеваний,"Назальные препараты. Деконгестанты и другие назальные препараты для местного применения. Симпатомиметики, простые. Ксилометазолин.","Риномарис 0,1% 15 мл спрей назальный",Ядран-Галенски Лабораторий а.о.,Хорватия,4 600 ₸,https://europharma.kz/rinomaris-01-15-ml-sprey-nazalnyy,2026-08-13 14:57:55
Лекарственные средства,Противоастматические препараты,,"Симбикорт Турбухалер 80/4,5 мкг/доза 60 доз порошок для ингаляций дозированный",АстраЗенека,Швеция,12 465 ₸,https://europharma.kz/simbikort-turbukhaler-8045-mkgdoza-60-doz-poroshok-dlya-ingalyatsiy-dozirovannyy,2026-08-13 14:57:56
Лекарственные средства,Антибиотики,Антибактериальные препараты — производные хинолона. Фторхинолоны.,Левозин 500 мг № 5 табл п/плён оболоч,Нобел АФФ,Казахстан,5 040 ₸,https://europharma.kz/levozin-500-mg-no-5-tabl-pplen-oboloch,2026-08-13 14:58:00
Лекарственные средства,Анальгетики,"Костно-мышечная система. Противовоспалительные и противоревматические препараты. Противовоспалительные и противоревматические препараты, нестероидные. Пропионовой кислоты производные. Кетопрофен.",Кетонал актив 50 мг № 30 гранулы,Сандоз Фармасьютикалс д.д.,Словения,5 425 ₸,https://europharma.kz/ketonal-aktiv-50-mg-no-30-granuly,2026-08-13 14:58:01
Лекарственные средства,Инъекционные растворы и ампулы,"Витамины. Комплекс витаминов группы В, включая комбинации с другими препаратами.",Беневрон Б раствор д/инъекций 3 мл № 5 амп,Мефар Илач Санаи А.Ш,Турция,4 916 ₸,https://europharma.kz/benevron-b-rastvor-dinyektsiy-3-ml-no-5-amp,2026-08-13 14:58:02
Лекарственные средства,От паразитов,Антигельминтные препараты. Бензимидазола производные. Албендазол,Немозол 100 мг/ 5 мл 20 мл суспензия для приема внутрь,Ипка,Индия,1 710 ₸,https://europharma.kz/nemozol-100-mg-5-ml-20-ml-suspenziya-dlya-priyema-vnutr,2026-08-13 14:58:03
Лекарственные средства,Для повышения иммунитета,Противовирусные препараты для системного применения.,Анаферон детский № 20 табл,Материа Медика Холдинг НП,Россия,2 560 ₸,https://europharma.kz/anaferon-detskiy-no-20-tabl,2026-08-13 14:58:04
Лекарственные средства,Лечение лор заболеваний,,"Траволайф мед, мята, лимон № 250 пастилки",ЛОЗЕН ФАРМА Приват Лимитед,Индия,7 485 ₸,https://europharma.kz/travolayf-med-myata-limon-no-250-pastilki,2026-08-13 14:58:05
Лекарственные средства,Лечение лор заболеваний,Другие комбинации препаратов для устранения симптомов простуды,Афлубин 20 мл капли,Рихард Биттнер АГ,Германия,3 470 ₸,https://europharma.kz/aflubin-20-ml-kapli,2026-08-13 14:58:06
Лекарственные средства,Лечение артериального давления,Бета-адреноблокаторы. Бета-адреноблокаторы селективные в комбинации с другими диуретиками. Атенолол в комбинации с другими диуретиками.,"Тенорик 100 мг, №28, табл.",Ипка,Индия,1 815 ₸,https://europharma.kz/tenorik-100-mg-no28-tabl,2026-08-13 14:58:07
Лекарственные средства,Лечение глаз,Препараты для лечения заболеваний глаз. Противоглаукомные препараты и миотики. Аналоги простагландинов. Латанопрост.,"Пролатан 0,005% 2,5 мл капли глазные",Sentiss Pharma Pvt.Ltd,Индия,4 570 ₸,https://europharma.kz/prolatan-0005-25-ml-kapli-glaznyye,2026-08-13 14:58:08
Лекарственные средства,Лечение лор заболеваний,Препараты для устранения симптомов простуды и кашля.,Солодкого корня 100 мл сироп,ТК Фарм Актобе ТОО,Казахстан,515 ₸,https://europharma.kz/solodkogo-kornya-100-ml-sirop,2026-08-13 14:58:09
Лекарственные средства,Пробиотики и пребиотики,Пищеварительный тракт и обмен веществ. Противодиарейные препараты. Кишечные адсорбенты. Прочие кишечные адсорбенты. Диосмектит,Смекта 3 гр № 10 порошок,"Бофур ИПСЕН Индастри, Фра",Франция,14 255 ₸,https://europharma.kz/smekta-3-gr-no-10-poroshok,2026-08-13 14:58:10
Лекарственные средства,Лечение заболеваний опорно-двигательного аппарата,Прочие препараты для лечения заболеваний ЖКТ и нарушения обмена веществ. Аминокислоты и их производные. Левокарнитин.,Карнилев 100 мг/мл 10 мл № 10 раствор оральный,Help S.A.,Греция,6 860 ₸,https://europharma.kz/karnilev-100-mgml-10-ml-no-10-rastvor-oralnyy,2026-08-13 14:58:11
Лекарственные средства,Средства от аллергии,Антигистаминные препараты системного действия. Антигистаминные препараты системного действия другие. Дезлоратадин,Эриус 5 мг № 10 табл покрытые оболочкой,Schering Plough,Франция,5 787 ₸,https://europharma.kz/erius-5-mg-no-10-tabl-pokrytyye-obolochkoy,2026-08-13 14:58:12
Лекарственные средства,Лечение артериального давления,Бета-адреноблокаторы. Бета-адреноблокаторы селективные в комбинации с другими диуретиками. Атенолол в комбинации с другими диуретиками.,"Тенорик 50 мг, №28, табл.",Ипка,Индия,1 565 ₸,https://europharma.kz/tenorik-50-mg-no28-tabl,2026-08-13 14:58:13
Лекарственные средства,Пробиотики и пребиотики,,Хелинорм капсулы №28,Эвалар ЗАО,,13 395 ₸,https://europharma.kz/khelinorm-kapsuly-no28,2026-08-13 14:58:14
Лекарственные средства,Кожные заболевания,,"Мезо крем 0,1% 15,0 гр",Аджио Фармасютикалс Лтд.,,3 425 ₸,https://europharma.kz/mezo-krem-01-150-gr,2026-08-13 14:58:15
Лекарственные средства,Лечение артериального давления,"Блокаторы «медленных» кальциевых каналов. Блокаторы «медленных» кальциевых каналов селективные. Дигидропиридиновые производные. Амлодипин.
Код АТХ C08CA01",Короним 5 мг № 20 табл,Нобел АФФ,Казахстан,1 835 ₸,https://europharma.kz/koronim-5-mg-no-20-tabl,2026-08-13 14:58:16
Лекарственные средства,Лечение неврологических нарушений,Снотворные и седативные препараты другие.,Успокой № 20 табл,Материа Медика Холдинг НП,Россия,1 065 ₸,https://europharma.kz/uspokoy-no-20-tabl,2026-08-13 14:58:17
Лекарственные средства,Препараты урологии и гинекологии,,Банбакт 100 мг №3 супп.ваг.,Kusum Healthcare Pvt. Ltd,,4 840 ₸,https://europharma.kz/banbakt-100-mg-no3-suppvag,2026-08-13 14:58:18
Лекарственные средства,"Лечение алкоголизма, наркомании, табакокурения",,"Апкосул №100, капс.",Аджанта Фарма ЛТД,Индия,2 722 ₸,https://europharma.kz/apkosul-no100-kaps,2026-08-13 14:58:19
Лекарственные средства,Кожные заболевания,,Суперчистотел 1 мл,Две линии,Россия,355 ₸,https://europharma.kz/superchistotel-1-ml,2026-08-13 14:58:20
Лекарственные средства,Лечение жкт,,Магния сульфат 25гр,M&Z Farm,,260 ₸,https://europharma.kz/magniya-sulfat-25gr,2026-08-13 14:58:21
Лекарственные средства,Кожные заболевания,,Витикс № 30 табл.,АСМ Dermatologique Laboratory,Швейцария,14 085 ₸,https://europharma.kz/vitiks-no-30-tabl,2026-08-13 14:58:22
Лекарственные средства,Слабительные препараты,Слабительные. Контактные слабительные. Касторовое масло.,"Касторовое масло 30 мл, фл.",Фармация АО,Казахстан,520 ₸,https://europharma.kz/kastorovoye-maslo-30-ml-fl,2026-08-13 14:58:23
Лекарственные средства,Антибиотики,,Орнимед таб. 500 мг №10,Рубикон ООО Беларусь,,3 727 ₸,https://europharma.kz/ornimed-tab-500-mg-no10,2026-08-13 14:58:24
Лекарственные средства,Лечение неврологических нарушений,Снотворные и седативные препараты (исключая барбитураты) в комбинации с другими препаратами.,Седавит № 20 табл,Киевмедпрепарат ОАО,Украина,2 820 ₸,https://europharma.kz/sedavit-no-20-tabl,2026-08-13 14:58:25
Лекарственные средства,Лечение неврологических нарушений,Психоаналептики. Психостимуляторы и ноотропы. Психостимуляторы и ноотропы другие.,"Пантокальцин® 500 мг №50,табл",Валента Фармацевтика ОАО,Россия,8 155 ₸,https://europharma.kz/pantokaltsin-500-mg-no50tabl,2026-08-13 14:58:26
Лекарственные средства,Лечение жкт,,Витазим № 30 табл.,Gemini Pharmaceuticals In,США,5 890 ₸,https://europharma.kz/vitazim-no-30-tabl,2026-08-13 14:58:27
Лекарственные средства,Лечение глаз,Нестероидные противовоспалительные препараты. Бромфенак.,"Броксинак 0,09% 1,7 мл капли глазные",Sentiss Pharma Pvt.Ltd,Индия,5 245 ₸,https://europharma.kz/broksinak-009-17-ml-kapli-glaznyye,2026-08-13 14:58:28
Лекарственные средства,Лечение артериального давления,,"Ванатекс Комби 160 мг/12,5 мг, №28, табл.",Химфарм ФЗ АО,Казахстан,5 500 ₸,https://europharma.kz/vanateks-kombi-160-mg125-mg-no28-tabl,2026-08-13 14:58:29
Лекарственные средства,Антисептики,,"Мирамистин 50 мл, раствор",Инфамед,Россия,2 160 ₸,https://europharma.kz/miramistin-50-ml-rastvor,2026-08-13 14:58:32
Лекарственные средства,Антибиотики,Антибактериальные препараты для системного использования. Амфениколы,"Левомицетина раствор спиртовой 1%, 10 мл",Фармация АО,Казахстан,195 ₸,https://europharma.kz/levomicetina-rastvor-spirtovoj-1-10-ml,2026-08-13 14:58:33
Лекарственные средства,Лечение неврологических нарушений,Психоаналептики. Психостимуляторы и ноотропы. Психостимуляторы и ноотропы другие,Пантокальцин® 250 мг № 50 табл,Валента Фармацевтика ОАО,Россия,5 305 ₸,https://europharma.kz/pantokaltsin-250-mg-no-50-tabl,2026-08-13 14:58:34
Лекарственные средства,Противовирусные препараты,Противовирусные препараты прочие.,Ингавирин 90 мг № 7 капс,Валента Фармацевтика ОАО,Россия,9 315 ₸,https://europharma.kz/ingavirin-90-mg-no-7-kaps,2026-08-13 14:58:35
Лекарственные средства,Лечение сердечно-сосудистых заболеваний,Препараты для лечения заболеваний сердечно-сосудистой системы.,"FDP 5 г с р-рителем+система №1, фл.","Медэкспорт, Италия",Италия,10 040 ₸,https://europharma.kz/fdp-5-g-s-r-ritelemsistema-no1-fl,2026-08-13 14:58:36
Лекарственные средства,"Симбикорт Турбухалер 160/4,5 мкг/доза 120 доз порошок для ингаляций дозированный",Прочие ингаляционные препараты для лечения обструктивных заболеваний дыхательных путей.,"Симбикорт Турбухалер 160/4,5 мкг/доза 120 доз порошок для ингаляций дозированный",АстраЗенека,Швеция,23 750 ₸,https://europharma.kz/simbikort-turbukhaler-16045-mkgdoza-120-doz-poroshok-dlya-ingalyatsiy-dozirovannyy,2026-08-13 14:58:37
Лекарственные средства,Лечение печени,Прочие препараты для лечения заболеваний желудочно-кишечного тракта и нарушений обмена веществ. Различные прочие препараты для лечения заболеваний ЖКТ и обмена веществ. Тиоктовая кислота,Берлитион 600 мг №30 капс,Берлин-Хеми АГ (Менарини,Германия,11 861 ₸,https://europharma.kz/berlition-600-mg-no30-kaps,2026-08-13 14:58:38
Лекарственные средства,Лечение артериального давления,"Препараты, влияющие на ренин-ангиотензиновую систему. Ингибиторы ангиотензинпревращающего фермента (АПФ).","Карлон 10 мг, №20, табл.",Нобел АФФ,Казахстан,940 ₸,https://europharma.kz/karlon-10-mg-no20-tabl,2026-08-13 14:58:39
Лекарственные средства,Противовирусные препараты,Прочие препараты. Другие терапевтические препараты все. Другие лекарственные препараты.,Анаферон взрослый № 20 табл,Материа Медика Холдинг НП,Россия,2 620 ₸,https://europharma.kz/anaferon-vzroslyy-no-20-tabl,2026-08-13 14:58:40
Лекарственные средства,Лечение лор заболеваний,,"Кызыл май полиф. 100 мл, масло",ФитОлеум ТОО,Казахстан,1 785 ₸,https://europharma.kz/kyzyl-maj-polif-100-ml-maslo,2026-08-13 14:58:41
Лекарственные средства,Спазмолитические препараты,Препараты для лечения функциональных расстройств кишечника . Папаверин и его производные.,"Дротаверина г/х 0,04, №50, табл.",Ирбитский химико-фармацев,Россия,1 115 ₸,https://europharma.kz/drotaverina-gh-004-no50-tabl,2026-08-13 14:58:42
Лекарственные средства,Мужские препараты,,Максигра 50 мг № 4 табл покрытые оболочкой,Польфарма ФЗ АО,Польша,7 213 ₸,https://europharma.kz/maksigra-50-mg-no-4-tabl-pokrytyye-obolochkoy,2026-08-13 14:58:43
Лекарственные средства,Баралгин М 500 мг/мл 5мл № 5 ампулы,Анальгетики. Анальгетики – антипиретики другие. Пиразолоны. Метамизол натрия.,Баралгин М 500 мг/мл 5мл № 5 ампулы,Санофи Индия Лимитед,Индия,2 145 ₸,https://europharma.kz/baralgin-m-500-mgml-5ml-no-5-ampuly,2026-08-13 14:58:44
Лекарственные средства,Лечение артериального давления,"Препараты, влияющие на ренин-ангиотензиновую систему. Ингибиторы ангиотензинпревращающего фермента (АПФ).","Карлон 5 мг, №20, табл.",Нобел АФФ,Казахстан,620 ₸,https://europharma.kz/karlon-5-mg-no20-tabl,2026-08-13 14:58:45
Лекарственные средства,Лечение лор заболеваний,Препараты для лечения заболеваний горла. Антисептики.,Ангал № 24 пастилки,Сандоз Фармасьютикалс д.д.,Бельгия,4 525 ₸,https://europharma.kz/angal-no-24-pastilki,2026-08-13 14:58:46
Лекарственные средства,Кожные заболевания,,Скин кап 100 мл спрей для наружного применения,Chemigroup France S.A.,,15 350 ₸,https://europharma.kz/skin-kap-100-ml-sprey-dlya-naruzhnogo-primeneniya,2026-08-13 14:58:47
Лекарственные средства,Лечение лор заболеваний,Антисептики и дезинфицирующие средства. Препараты йода,Люголя с глицерином 25 мл раствор,Фармация АО,Казахстан,435 ₸,https://europharma.kz/lyugolya-s-glitserinom-25-ml-rastvor,2026-08-13 14:58:48
Лекарственные средства,Лечение заболеваний опорно-двигательного аппарата,,Драстоп Адванс № 30 табл,Кенди ЛТД,Болгария,12 440 ₸,https://europharma.kz/drastop-advans-no-30-tabl,2026-08-13 14:58:49
Лекарственные средства,Лечение лор заболеваний,Препараты для лечения заболеваний горла,Граммидин®НЕО с анестетиком № 18 табл.д/рассасыв-я,Валента Фармацевтика ОАО,Россия,5 505 ₸,https://europharma.kz/grammidinneo-s-anestetikom-no-18-tabldrassasyv-ya,2026-08-13 14:58:50
Лекарственные средства,Лечение сахарного диабета,"Пищеварительный тракт и обмен веществ. Лекарственные препараты, применяемые при диабете. Препараты, снижающие уровень глюкозы в крови, исключая инсулины. Бигуаниды. Метформин.",Глюкофаж XR 1000 мг № 60 табл п/д п/плён оболоч,Мерк С.Л.,Франция,7 505 ₸,https://europharma.kz/glyukofazh-xr-1000-mg-no-60-tabl-pd-pplen-oboloch,2026-08-13 14:58:51
Лекарственные средства,Антисептики,Антисептики и дезинфицирующие препараты. Борная кислота ипрепараты на ее основе,Борный спирт 3% 20 мл флак,Фармация АО,Казахстан,220 ₸,https://europharma.kz/bornyy-spirt-3-20-ml-flak,2026-08-13 14:58:52
Лекарственные средства,Лечение артериального давления,"Блокаторы «медленных» кальциевых каналов. Блокаторы «медленных» кальциевых каналов селективные. Дигидропиридиновые производные. Амлодипин.
Код АТХ C08CA01",Короним 10 мг № 20 табл,Нобел АФФ,Казахстан,2 345 ₸,https://europharma.kz/koronim-10-mg-no-20-tabl,2026-08-13 14:58:53
Лекарственные средства,От паразитов,Антигельминтные препараты. Препараты для лечения нематодоза. Бензимидазола производные. Албендазол,Немозол 400 мг № 1 табл п/плён оболоч,Ипка,Индия,1 790 ₸,https://europharma.kz/nemozol-400-mg-no-1-tabl-pplen-oboloch,2026-08-13 14:58:54
Лекарственные средства,Лечение почек,Другие препараты для урологических заболеваний.,Уролесан № 40 капс,Киевмедпрепарат ОАО,Украина,5 390 ₸,https://europharma.kz/urolesan-no-40-kaps,2026-08-13 14:58:55
Лекарственные средства,Лечение лор заболеваний,,Отисфен 10 мл капли ушные во флаконах,Рубикон ООО Беларусь,,2 980 ₸,https://europharma.kz/otisfen-10-ml-kapli-ushnyye-vo-flakonakh,2026-08-13 14:58:56
Лекарственные средства,Лечение неврологических нарушений,Анксиолитики другие.,Тенотен детский № 40 табл,Материа Медика Холдинг НП,Россия,2 960 ₸,https://europharma.kz/tenoten-detskiy-no-40-tabl,2026-08-13 14:58:57
Лекарственные средства,Мужские препараты,,Максигра 50 мг № 1 табл покрытые оболочкой,Польфарма ФЗ АО,Польша,2 470 ₸,https://europharma.kz/maksigra-50-mg-no-1-tabl-pokrytyye-obolochkoy,2026-08-13 14:58:58
Лекарственные средства,Противовирусные препараты,Противоинфекционные препараты для системного использования. Противовирусные препараты для системного применения. Противовирусные препараты прямого действия. Противовирусные препараты прочие.,Кагоцел 12 мг № 10 табл,НИАРМЕДИК ФАРМА ООО,Россия,3 520 ₸,https://europharma.kz/kagotsel-12-mg-no-10-tabl,2026-08-13 14:58:59
Лекарственные средства,Женские препараты,,Гайномакс № 7 вагин. суппозитории,Экселтис Илач Сан Ве Тик.А,Турция,8 355 ₸,https://europharma.kz/gaynomaks-no-7-vagin-suppozitorii,2026-08-13 14:59:00
Лекарственные средства,Кожные заболевания,,Суперчистотел 3 мл,Две линии,Россия,395 ₸,https://europharma.kz/superchistotel-3-ml,2026-08-13 14:59:01
Лекарственные средства,Баралгин М 500 мг № 20 табл,Анальгетики – антипиретики другие. Пиразолоны. Метамизол натрия.,Баралгин М 500 мг № 20 табл,Санофи Индия Лимитед,Индия,2 940 ₸,https://europharma.kz/baralgin-m-500-mg-no-20-tabl,2026-08-13 14:59:04
Лекарственные средства,Лечение жкт,,Уголь активированный-УБФ №50 таб.,,Россия,755 ₸,https://europharma.kz/ugol-aktivirovannyy-ubf-no50-tab,2026-08-13 14:59:05
Лекарственные средства,Мужские препараты,"Препараты для лечения урологических заболеваний. Другие препараты для лечения урологических заболеваний, включая спазмолитики. Препараты для лечения нарушений эрекции. Силденафил","Синегра 25 мг, №4, табл.",Нобел АФФ,Казахстан,4 300 ₸,https://europharma.kz/sinegra-25-mg-no4-tabl,2026-08-13 14:59:06
Лекарственные средства,Анальгетики,,Кетонал ДУО 150мг № 20 капс,Сандоз Фармасьютикалс д.д.,Словения,4 440 ₸,https://europharma.kz/ketonal-duo-150mg-no-20-kaps,2026-08-13 14:59:07
Лекарственные средства,Мужские препараты,Препараты для лечения нарушений эрекции.,Импаза № 20 табл,Материа Медика Холдинг НП,Россия,5 605 ₸,https://europharma.kz/impaza-no-20-tabl,2026-08-13 14:59:08
Лекарственные средства,Антисептики,Антисептики и дезинфецирующие препараты. Фенол и его производные.,Салициловый 1% 40 мл раствор спиртовой,Фармация АО,Казахстан,310 ₸,https://europharma.kz/salitsilovyy-1-40-ml-rastvor-spirtovoy,2026-08-13 14:59:09
Лекарственные средства,Лечение неврологических нарушений,Прочие препараты для лечения заболеваний нервной системы.,"Цитофлавин №50, табл.",Полисан ООО НТФФ,Россия,5 039 ₸,https://europharma.kz/citoflavin-no50-tabl,2026-08-13 14:59:10
Лекарственные средства,Спазмолитические препараты,Противовоспалительные и противоревматические препараты. Нестероидные противовоспалительные препараты. Пропионовой кислоты производные. Ибупрофен.,Новиган® Нео 400 мг № 20 табл п/плён оболоч,Laboratorios Normon S.A,Испания,1 210 ₸,https://europharma.kz/novigan-neo-400-mg-no-20-tabl-pplen-oboloch,2026-08-13 14:59:11
Лекарственные средства,Лечение заболеваний опорно-двигательного аппарата,Другие препараты для местного лечения заболеваний опорно-двигательного аппарата.,Камфорный спирт 10% 50 мл,Фармация АО,Казахстан,490 ₸,https://europharma.kz/kamfornyy-spirt-10-50-ml,2026-08-13 14:59:12
Лекарственные средства,Противовирусные препараты,Противовирусные препараты прочие,Эргоферон № 20 табл,Материа Медика Холдинг НП,Россия,3 595 ₸,https://europharma.kz/ergoferon-no-20-tabl,2026-08-13 14:59:13
Лекарственные средства,Лечение печени,Препараты для лечения заболеваний сердца. Прочие препараты для лечения заболеваний сердца. Прочие кардиотонические препараты.,Тиотриазолин 200 мг № 90 табл,Киевмедпрепарат ОАО,Украина,7 052 ₸,https://europharma.kz/tiotriazolin-200-mg-no-90-tabl,2026-08-13 14:59:14
Лекарственные средства,Кожные заболевания,Глюкокортикостероиды для местного лечения заболеваний кожи. Глюкокортикостероиды в комбинации с другими препаратами. Кортикостероиды сильные в комбинации с другими препаратами. Бетаметазон в комбинации с другими препаратами.,Белосалик д/наруж применения 30 гр мазь,Belupo,Хорватия,3 630 ₸,https://europharma.kz/belosalik-dnaruzh-primeneniya-30-gr-maz,2026-08-13 14:59:15
Лекарственные средства,Инъекционные растворы и ампулы,"Плазмозамещающие и перфузионные растворы. Растворы, влияющие на водно-электролитный баланс. Растворы для внутривенного введения. Электролиты.","Натрия хлорид 0,9% 250 мл флак","Хуашидан АК, Китай",Китай,310 ₸,https://europharma.kz/natriya-khlorid-09-250-ml-flak,2026-08-13 14:59:16
Лекарственные средства,Лечение неврологических нарушений,Анксиолитики и другие.,"Тенотен №40, табл",Материа Медика Холдинг НП,Россия,2 820 ₸,https://europharma.kz/tenoten-no40-tabl,2026-08-13 14:59:17
Лекарственные средства,Противовоспалительные средства,,Ибуфен мини Юниор 100 мг № 15 капс,Медана Фарма АО,Польша,1 440 ₸,https://europharma.kz/ibufen-mini-yunior-100-mg-no-15-kaps,2026-08-13 14:59:18
Лекарственные средства,Антибиотики,,Экофуцин®AVVA 100 мг №3 супп.ваг,Авва-Рус/Сти-Мед-Сорб,,2 805 ₸,https://europharma.kz/ekofutsinavva-100-mg-no3-suppvag,2026-08-13 14:59:19
Лекарственные средства,Антибиотики,Противомикробные препараты для системного применения. Амоксициллин в комбинации с ингибиторами бета-лактамаз.,Амоксиклав QТ 1000 мг № 14 табл.диспергируемых,Сандоз Фармасьютикалс д.д.,Словения,7 799 ₸,https://europharma.kz/amoksiklav-qt-1000-mg-no-14-tabldispergiruyemykh,2026-08-13 14:59:20
Лекарственные средства,Лечение лор заболеваний,Другие комбинации препаратов для устранения симптомов простуды.,"Линкас без сахара ""Мята"" №16,пастилки",Хербион,Пакистан,1 405 ₸,https://europharma.kz/linkas-bez-sakhara-myata-no16pastilki,2026-08-13 14:59:21
Лекарственные средства,Средства от аллергии,Антигистаминные препараты системного действия. Антигистаминные препараты системного действия другие. Дезлоратадин,"Эслотин 5 мг №10,табл",Уорлд Медицин Илач Сан.Ве Тидж А.Ш,Турция,4 480 ₸,https://europharma.kz/eslotin-5-mg-no10tabl,2026-08-13 14:59:22
Лекарственные средства,Лечение лор заболеваний,,Ремо-Вакс 10 мл капли ушные во флаконах,Орион,Финляндия,6 410 ₸,https://europharma.kz/remo-vaks-10-ml-kapli-ushnyye-vo-flakonakh,2026-08-13 14:59:23
Лекарственные средства,Лечение лор заболеваний,Другие комбинации препаратов для устранения симптомов простуды,Афлубин 50 мл капли,Рихард Биттнер АГ,Германия,6 810 ₸,https://europharma.kz/aflubin-50-ml-kapli,2026-08-13 14:59:24
Лекарственные средства,Средства от аллергии,Респираторная система. Антигистаминные препараты системного действия. Антигистаминные препараты системного действия другие. Хифенадин.,"Фенкарол 10 мг, №20, табл.",Олайнский химико-фармацев,Латвия,2 910 ₸,https://europharma.kz/fenkarol-10-mg-no20-tabl,2026-08-13 14:59:25
Лекарственные средства,Гормональные препараты,Кортикостероиды для системного использования. Глюкокортикостероиды.,Метипред 16 мг № 30 табл,Орион,Финляндия,8 400 ₸,https://europharma.kz/metipred-16-mg-no-30-tabl,2026-08-13 14:59:26
Лекарственные средства,Анальгетики,Противовоспалительные и противоревматические заболевания,Нурофен Экспресс 200 мг № 20 капсулы,Рекитт Бенкизер Хэлскер Интернешнл Лтд,Великобритания,2 370 ₸,https://europharma.kz/nurofen-ekspress-200-mg-no-20-kapsuly,2026-08-13 14:59:27
Лекарственные средства,Средства от аллергии,Антигистаминные препараты для наружного применения.,Аллергозан 1% 18 г крем,Софарма АО,Болгария,3 620 ₸,https://europharma.kz/allergozan-1-18-g-krem,2026-08-13 14:59:28
Лекарственные средства,Лечение лор заболеваний,Стоматологические препараты. Противомикробные препараты для местного лечения заболеваний полости рта. Прочие.,Имудон 50 мг № 40 табл.д/рассасыв-я,Фармстандарт--Томскхимфар,Россия,10 055 ₸,https://europharma.kz/imudon-50-mg-no-40-tabldrassasyv-ya,2026-08-13 14:59:29
Лекарственные средства,Лечение лор заболеваний,,Ангал С со вкусом ментола 30 мл спрей для горла,Сандоз Фармасьютикалс д.д.,Бельгия,4 725 ₸,https://europharma.kz/angal-s-so-vkusom-mentola-30-ml-sprey-dlya-gorla,2026-08-13 14:59:30
Лекарственные средства,Гормональные препараты,Кортикостероиды для системного использования. Глюкокортикостероиды.,Метипред 4 мг № 30 табл,Орион,Финляндия,2 037 ₸,https://europharma.kz/metipred-4-mg-no-30-tabl,2026-08-13 14:59:31
Лекарственные средства,Антибиотики,Антибактериальные препараты системного действия. Макролиды.,Клабел 500 мг № 14 табл п/плён оболоч,Нобел АФФ,Казахстан,6 324 ₸,https://europharma.kz/klabel-500-mg-no-14-tabl-pplen-oboloch,2026-08-13 14:59:32
Лекарственные средства,Лечение артериального давления,,Валодип 10 мг/160 мг № 30 табл,КРКА-РУС ООО,Словения,8 610 ₸,https://europharma.kz/valodip-10-mg160-mg-no-30-tabl,2026-08-13 14:59:33
Лекарственные средства,Лечение заболеваний опорно-двигательного аппарата,,Найз 1% 50 гр гель,Dr.Reddy`s Laboratories L,,2 420 ₸,https://europharma.kz/nayz-1-50-gr-gel,2026-08-13 14:59:36
Лекарственные средства,Лечение неврологических нарушений,,"Киндинорм , гранулы по 20 г во 1 флаконе в коробке из картона",Dr.Gustav Klein GmbH & Co.KG,,3 700 ₸,https://europharma.kz/kindinorm-granuly-po-20-g-vo-1-flakone-v-korobke-iz-kartona,2026-08-13 14:59:37
Лекарственные средства,Мужские препараты,"Препараты для лечения урологических заболеваний. Другие препараты для лечения урологических заболеваний, включая спазмолитики. Препараты для лечения нарушений эрекции. Силденафил","Синегра 100 мг, №4, табл.",Нобел АФФ,Казахстан,10 825 ₸,https://europharma.kz/sinegra-100-mg-no4-tabl,2026-08-13 14:59:38
Лекарственные средства,Лечение геморроя,,"Прокталурон 5 мг №10,супп",Help S.A.,Греция,6 445 ₸,https://europharma.kz/proktaluron-5-mg-no10supp,2026-08-13 14:59:39
Лекарственные средства,Мужские препараты,"Препараты для лечения урологических заболеваний. Другие препараты для лечения урологических заболеваний, включая спазмолитики. Препараты для лечения нарушений эрекции. Силденафил",Синегра 100 мг № 1 табл п/плён оболоч,Нобел АФФ,Казахстан,3 335 ₸,https://europharma.kz/sinegra-100-mg-no-1-tabl-pplen-oboloch,2026-08-13 14:59:40
Лекарственные средства,Лечение геморроя,Прочие средства для лечения геморроя и анальной трещины для местного применения.,"Облепиховое масло 500 мг, №10, супп.",Stada Arzneimittel AG,Россия,2 040 ₸,https://europharma.kz/oblepihovoe-maslo-500-mg-no10-supp,2026-08-13 14:59:41
Лекарственные средства,Антибиотики,"Противоинфекционные препараты для системного использования. Антибактериальные препараты для системного применения. Макролиды, линкозамиды и стрептограмины. Макролиды. Азитромицин.",Сумамед форте 200мг/5мл 30мл порошок для пригот. сусп.,Pliva Hrvatska d.o.o.,Хорватия,5 927 ₸,https://europharma.kz/sumamed-forte-200mg5ml-30ml-poroshok-dlya-prigot-susp,2026-08-13 14:59:43
Лекарственные средства,Лечение жкт,Пищеварительный тракт и обмен веществ. Препараты для лечения заболеваний связанных с нарушением кислотности. Антациды. Антациды в сочетании с другими препаратами.,Пепсан-Р для приема внутрь 10 гр 30 гель,Лаборатории Роза-Фитофарма,Франция,5 920 ₸,https://europharma.kz/pepsan-r-dlya-priyema-vnutr-10-gr-30-gel,2026-08-13 14:59:44
Лекарственные средства,Антисептики,Антисептики и дезинфицирующие препараты прочие. Этанол,Спирт этиловый 70% 50 мл флак,Фармация АО,Казахстан,300 ₸,https://europharma.kz/spirt-etilovyy-70-50-ml-flak,2026-08-13 14:59:45
Лекарственные средства,Противогрибковые средства,Антиинфекционные и антисептические препараты для применения в гинекологии. Производные имидазола. Клотримазол.,Клотримазол 100 мг № 6 вагин. суппозитории,FARMAPRIM SRL,"Молдова, республика",980 ₸,https://europharma.kz/klotrimazol-100-mg-no-6-vagin-suppozitorii,2026-08-13 14:59:46
Лекарственные средства,Антисептики,Антисептики и дезинфицирующие препараты прочие. Этанол,Спирт этиловый 90% 50 мл,Фармация АО,Казахстан,325 ₸,https://europharma.kz/spirt-etilovyy-90-50-ml,2026-08-13 14:59:47
Лекарственные средства,Лечение сердечно-сосудистых заболеваний,Минеральные добавки. Прочие минеральные вещества.,Панангин форте 316 мг/280 мг № 60 табл,Гедеон Рихтер ОАО,Венгрия,5 755 ₸,https://europharma.kz/panangin-forte-316-mg280-mg-no-60-tabl,2026-08-13 14:59:48
Лекарственные средства,Лечение почек,Антибактериальные препараты для системного использования. Антибактериальные препараты системного применения. Антибактериальные препараты другие. Нитрофурана производные. Фуразидин.,Фурагин 50 мг № 30 табл,Олайнский химико-фармацев,Латвия,2 315 ₸,https://europharma.kz/furagin-50-mg-no-30-tabl-2,2026-08-13 14:59:49
Лекарственные средства,Лечение глаз,Органы чувств. Офтальмологические препараты. Противоглаукомные препараты и миотики. Бета-блокаторы. Тимолол в комбинации с другими препаратами.,Бринэра 5 мл капли глазные,Sentiss Pharma Pvt.Ltd,Индия,5 055 ₸,https://europharma.kz/brinera-5-ml-kapli-glaznyye,2026-08-13 14:59:50
Лекарственные средства,Лечение печени,Пищеварительный тракт и обмен веществ. Препараты для лечения заболеваний печени и желчевыводящих путей. Другие препараты для лечения заболеваний желчевыводящихпутей. Гимекромон.,Одестон 200 мг № 50 табл.,Пабяницкий фармацевтическ,Польша,7 270 ₸,https://europharma.kz/odeston-200-mg-no-50-tabl,2026-08-13 14:59:51
Лекарственные средства,Противовирусные препараты,,Флукап 6мг/мл 13г порошок,Hetero Labs Limited,,4 495 ₸,https://europharma.kz/flukap-6mgml-13g-poroshok,2026-08-13 14:59:52
Лекарственные средства,Антибиотики,,Цифран ОД 1000мг.№5,Индия,,1 345 ₸,https://europharma.kz/tsifran-od-1000mgno5,2026-08-13 14:59:53
Лекарственные средства,Мужские препараты,"Препараты для лечения урологических заболеваний. Другие препараты для лечения урологических заболеваний, включая спазмолитики. Препараты для лечения нарушений эрекции. Силденафил","Синегра 50 мг, №4, табл.",Нобел АФФ,Казахстан,8 558 ₸,https://europharma.kz/sinegra-50-mg-no4-tabl,2026-08-13 14:59:54
Лекарственные средства,Средства от аллергии,Респираторная система. Антигистаминные препараты системного действия. Антигистаминные препараты системного действия другие. Хифенадин.,"Фенкарол 25 мг, №20, табл.",Олайнский химико-фармацев,Латвия,3 855 ₸,https://europharma.kz/fenkarol-25-mg-no20-tabl,2026-08-13 14:59:55
Лекарственные средства,Противовирусные препараты,,Валтеро 500 мг № 30 табл п/о,Hetero Labs Limited,Казахстан,6 710 ₸,https://europharma.kz/valtero-500-mg-no-30-tabl-po,2026-08-13 14:59:56
Лекарственные средства,Лечение неврологических нарушений,Препараты для лечения заболеваний нервной системы другие.,Мексидол 125 мг № 50 табл покрытые оболочкой,"ЗАО ""ЗиО-Здоровье"" для ОО",Россия,4 000 ₸,https://europharma.kz/meksidol-125-mg-no-50-tabl-pokrytyye-obolochkoy,2026-08-13 14:59:57
Лекарственные средства,Противокашлевые препараты,"Респираторная система. Препараты применяемые при кашле и простудных заболеваниях. Экспекторанты, исключая комбинации с подавляющими кашель. Откархивающие препараты.",Бронхолитин Айви 120 мл сироп,Софарма АО,Болгария,3 810 ₸,https://europharma.kz/bronkholitin-ayvi-120-ml-sirop,2026-08-13 14:59:58
Лекарственные средства,Антисептики,Другие препараты для местного лечения заболеваний опорно-двигательного аппарата,"Муравьиной кисл. спирт. 50 мл, р-р",Фармация АО,Казахстан,305 ₸,https://europharma.kz/muravinoj-kisl-spirt-50-ml-r-r,2026-08-13 14:59:59
Лекарственные средства,Противокашлевые препараты,"Респираторная система. Препараты, применяемые при кашле и простудных заболеваниях. Экспекторанты, исключая комбинации с подавляющими кашель. Муколитики. Ацетилцистеин",АЦЦ 600 мг № 10 шипуч табл,Сандоз Фармасьютикалс д.д.,Словения,6 075 ₸,https://europharma.kz/atsts-600-mg-no-10-shipuch-tabl,2026-08-13 15:00:00
Лекарственные средства,Лечение головного кровооброщения,,Церебролизин®Нейро р-р для инъек 10мл №5,Эвер Фарма Йена ГМБХ,Германия,15 355 ₸,https://europharma.kz/tserebrolizinneyro-r-r-dlya-inyek-10ml-no5,2026-08-13 15:00:01
Лекарственные средства,Лечение жкт,Электролиты с углеводами. Регидратанты для перорального приема.,"Регидрон пор д/пригот-я раствора д/приема внутрь 18,9 г № 20 пакетики",Орион,Финляндия,9 450 ₸,https://europharma.kz/regidron-por-dprigot-ya-rastvora-dpriyema-vnutr-189-g-no-20-paketiki,2026-08-13 15:00:02
Лекарственные средства,Гормональные препараты,Половые гормоны. Эстрогены.,"Дивигель 0,1%, 0,5 гр, №28, гель",Орион Корпорейшн,Финляндия,7 200 ₸,https://europharma.kz/divigel-01-05-gr-no28-gel,2026-08-13 15:00:03
Лекарственные средства,Пробиотики и пребиотики,"Противодиарейные препараты. Антидиарейные микроорганизмы. Микроорганизмы, продуцирующие молочную кислоту.",Лактон-Д № 20 капс,Protech Biopharma,Индия,2 015 ₸,https://europharma.kz/lakton-d-no-20-kaps,2026-08-13 15:00:04
Лекарственные средства,Пробиотики и пребиотики,"Пищеварительный тракт и обмен веществ. Противодиарейные кишечные противовоспалительные / противомикробные препараты. Антидиарейные микроорганизмы. Микроорганизмы, продуцирующие молочную кислоту.",Хилак форте 100 мл капли,Меркле ГмбХ,Германия,8 890 ₸,https://europharma.kz/khilak-forte-100-ml-kapli,2026-08-13 15:00:05
Лекарственные средства,Лечение жкт,Противодиарейные препараты. Электролиты с углеводами. Регидратанты для перорального приема.,"Регидрон Оптим 10,7 г № 20 пакетики",Орион,Финляндия,6 000 ₸,https://europharma.kz/regidron-optim-107-g-no-20-paketiki,2026-08-13 15:00:06
Лекарственные средства,Лечение лор заболеваний,Отхаркивающие препараты. Плюща листьев экстракт.,Мукоплант сироп от кашля с плющом 100 мл,Доктор Тайсс,Германия,2 725 ₸,https://europharma.kz/mukoplant-sirop-ot-kashlya-s-plyushchom-100-ml,2026-08-13 15:00:10
Лекарственные средства,Антибиотики,Другие препараты для лечения заболеваний органов дыхания.,Лантиген Б 18 мл капли,Antibiotice S.A.,Италия,8 360 ₸,https://europharma.kz/lantigen-b-18-ml-kapli,2026-08-13 15:00:12
Лекарственные средства,Антибиотики,Противоинфекционные препараты для системного применения. Антибактериальные препараты для системного применения. Тетрациклины. Доксициклин.,Доксициклин -ТК 100 мг № 10 капс,АктюбФармЦентр ТОО,Казахстан,780 ₸,https://europharma.kz/doksitsiklin--tk-100-mg-no-10-kaps,2026-08-13 15:00:13
Лекарственные средства,Гормональные препараты,Половые гормоны. Эстрогены.,"Дивигель 0,1% 1 гр № 28 гель для наружного применения",Орион Корпорейшн,Финляндия,8 820 ₸,https://europharma.kz/divigel-01-1-gr-no-28-gel-dlya-naruzhnogo-primeneniya,2026-08-13 15:00:14
Лекарственные средства,Лечение жкт,Кишечные адсорбенты. Препараты угля. Активированный уголь.,"Уголь активированнный №10, табл.",Ирбитский химико-фармацев,Россия,230 ₸,https://europharma.kz/ugol-aktivirovannnyj-no10-tabl,2026-08-13 15:00:15
Лекарственные средства,Лечение жкт,"Противодиарейные препараты.Антидиарейные микроорганизмы.Комбинация микроорганизмов, продуцирующих молочную кислоту с другими препаратами",Линекс форте № 28 капс,Сандоз Фармасьютикалс д.д.,Словения,10 555 ₸,https://europharma.kz/lineks-forte-no-28-kaps,2026-08-13 15:00:16
Лекарственные средства,Для повышения иммунитета,Стимуляторы гемопоэза. Препараты железа. Препараты железа трехвалентного для парентерального пременения. Железа оксид декстран комплекс.,"Космофер 50 мг/мл, 2 мл, №5, амп.",Pharmacosmos A/S,Дания,22 745 ₸,https://europharma.kz/kosmofer-50-mgml-2-ml-no5-amp,2026-08-13 15:00:17
Лекарственные средства,Секразол 30 мг/5 мл 150 мл сироп,Отхаркивающие препараты (исключая комбинации с противокашлевыми препаратами). Муколитики.,Секразол 30 мг/5 мл 150 мл сироп,Нобел АФФ,Казахстан,2 040 ₸,https://europharma.kz/sekrazol-30-mg5-ml-150-ml-sirop,2026-08-13 15:00:18
Лекарственные средства,Лечение сердечно-сосудистых заболеваний,"Сердечно-сосудистая система. Препараты, влияющие на ренин-ангиотензиновую систему. Ангиотензин-конвертируюшего фермента (АКФ) ингибиторы в комбинации с другими препаратами. АКФ ингибиторы, другие комбинации. Периндоприл, амлодипин и индапамид.","Ко-Амлесса 8 мг/5 мг/2,5 мг № 30 табл",KRKA d.d.,Словения,5 550 ₸,https://europharma.kz/ko-amlessa-8-mg5-mg25-mg-no-30-tabl,2026-08-13 15:00:19
Лекарственные средства,Лечение сердечно-сосудистых заболеваний,Антикоагулянты. Ингибиторы агрегации тромбоцитов.,Брилинта 90 мг № 56 табл п/плён оболоч,АстраЗенека,Швеция,27 241 ₸,https://europharma.kz/brilinta-90-mg-no-56-tabl-pplen-oboloch,2026-08-13 15:00:20
Лекарственные средства,Лечение сердечно-сосудистых заболеваний,"Препараты, влияющие на систему ренин-ангиотензин. Ангиотензин-конвертируюшего фермента (АКФ) ингибиторы. АКФ ингибиторы в комбинации с другими препаратами.","Ко-Амлесса 4 мг/5 мг/1,25 мг № 30 табл",KRKA d.d.,Словения,5 140 ₸,https://europharma.kz/ko-amlessa-4-mg5-mg125-mg-no-30-tabl,2026-08-13 15:00:21
Лекарственные средства,Анальгетики,Анальгетики. Анальгетики – антипиретики другие. Салициловая кислота и ее производные. Ацетилсалициловая кислота,"Ацетилсалициловая кислота 0,5 г № 10 табл.",Ирбитский химико-фармацев,Россия,300 ₸,https://europharma.kz/atsetilsalitsilovaya-kislota-05-g-no-10-tabl-2,2026-08-13 15:00:23
Лекарственные средства,Противогрибковые средства,"ПРОТИВОГРИБКОВОЕ СРЕДСТВО ДЛЯ СИСТЕМНОГО ПРИМЕНЕНИЯ.
ПРОИЗВОДНЫЕ ТРИАЗОЛА. ФЛУКОНАЗОЛ
КОД АТХ J02AC01
ФАРМАКОЛОГИЧЕСКИЕ СВОЙСТВА
ФАРМАКОКИНЕТИКА
ПРЕПАРАТ ХОРОШО АБСОРБИРУЕТСЯ, ЕГО БИОДОСТУПНОСТЬ ПРЕВЫШАЕТ 90%. 11–12% ФЛУКОНАЗОЛА СВЯЗЫВАЮТСЯ С БЕЛКАМИ ПЛАЗМЫ КРОВИ. ФЛУКОНАЗОЛ ХОРОШО ПРОНИКАЕТ ВО ВСЕ ЖИДКОСТИ ОРГАНИЗМА, ВКЛЮЧАЯ ЛИКВОР. В РОГОВОМ СЛОЕ КОЖИ, ЭПИДЕРМИСЕ, ДЕРМЕ И ПОТОВОЙ ЖИДКОСТИ ДОСТИГАЮТСЯ КОНЦЕНТРАЦИИ, ПРЕВЫШАЮЩИЕ СЫВОРОТОЧНЫЕ. ФЛУКОНАЗОЛ НАКАПЛИВАЕТСЯ В РОГОВОМ СЛОЕ КОЖИ, ЧЕРЕЗ 6 МЕСЯЦЕВ ПОСЛЕ ЗАВЕРШЕНИЯ ТЕРАПИИ ПРЕПАРАТ ОПРЕДЕЛЯЕТСЯ В НОГТЯХ. МАКСИМАЛЬНЫЙ УРОВЕНЬ В ПЛАЗМЕ КРОВИ ДОСТИГАЕТСЯ В ТЕЧЕНИЕ 0,5–1,5 Ч. ПЕРИОД ПОЛУВЫВЕДЕНИЯ СОСТАВЛЯЕТ ОКОЛО 30 Ч, ЧТО ПОЗВОЛЯЕТ ПРИМЕНЯТЬ ПРЕПАРАТ 1 РАЗ В СУТКИ ИЛИ ОДНОКРАТНО. ВЫДЕЛЯЕТСЯ В ОСНОВНОМ ПОЧКАМИ; 80% ВЫЯВЛЯЮТ В МОЧЕ В НЕИЗМЕНЕННОМ ВИДЕ. КЛИРЕНС ПРЕПАРАТА ПРОПОРЦИОНАЛЕН КЛИРЕНСУ КРЕАТИНИНА.
ФАРМАКОДИНАМИКА
ФЛУКОНАЗОЛ-ТК — СИНТЕТИЧЕСКИЙ ПРОТИВОГРИБКОВЫЙ ПРЕПАРАТ, ГРУППЫ ТРИАЗОЛОВ. ПРИМЕНЯЕТСЯ ДЛЯ ЛЕЧЕНИЯ ПОВЕРХНОСТНЫХ И СИСТЕМНЫХ МИКОЗОВ. ФЛУКОНАЗОЛ - ТК ЯВЛЯЕТСЯ СЕЛЕКТИВНЫМ ИНГИБИТОРОМ ФЕРМЕНТА 14Α-ДЕМЕТИЛАЗЫ ГРИБКОВОЙ КЛЕТКИ, ТОРМОЗИТ СИНТЕЗ ЭРГОСТЕРОЛА, ОСНОВНОГО КОМПОНЕНТА МЕМБРАН КЛЕТОК ГРИБКОВ И ПЛЕСЕНИ. ОБЛАДАЕТ ФУНГИСТАТИЧЕСКИМ ДЕЙСТВИЕМ И АКТИВЕН В ОТНОШЕНИИ МНОГИХ ПАТОГЕННЫХ ГРИБКОВ, ТАКИХ КАК CANDIDASPP. (C. ALBICANS, С. TROPICALIS), CRYPTOCOCCUSNEOFORMANS, COCCIDIOIDESIMMITIS, HISTOPLASMACAPSULATUM, BLASTOMYCESDERMATITIDIS,SPOROTHRIXSCHENKII,PARACOCCIDIOIDESBRASILIENSIS, А ТАКЖЕ В ОТНОШЕНИИ БОЛЬШИНСТВА ДЕРМАТОФИТОВ. МЕНЕЕ АКТИВЕН В ОТНОШЕНИИ ASPERGILLUSSPP. И PENICILLIUMMARNEFFEI. К ПРЕПАРАТУ УСТОЙЧИВЫ С. KRUSEI, С. GLABRATO, FUSARIUMSPP. И ЗИГОМИЦЕТЫ
ПОКАЗАНИЯ К ПРИМЕНЕНИЮ
- КРИПТОКОККОЗ, ВКЛЮЧАЯ КРИПТОКОККОВЫЙ МЕНИНГИТ И ИНФЕКЦИИ ДРУГОЙ ЛОКАЛИЗАЦИИ (НАПРИМЕР, ЛЕГКИХ, КОЖИ), В Т.Ч. У БОЛЬНЫХ С НОРМАЛЬНЫМ ИММУННЫМ ОТВЕТОМ И БОЛЬНЫХ СПИДОМ, РЕЦИПИЕНТОВ ПЕРЕСАЖЕННЫХ ОРГАНОВ И БОЛЬНЫХ С ДРУГИМИ ФОРМАМИ ИММУНОДЕФИЦИТА; ПОДДЕРЖИВАЮЩАЯ ТЕРАПИЯ С ЦЕЛЬЮ ПРОФИЛАКТИКИ РЕЦИДИВОВ КРИПТОКОККОЗА У БОЛЬНЫХ СПИДОМ
- ГЕНЕРАЛИЗОВАННЫЙ КАНДИДОЗ, ВКЛЮЧАЯ КАНДИДЕМИЮ, ДИССЕМИНИРОВАННЫЙ КАНДИДОЗ И ДРУГИЕ ФОРМЫ ИНВАЗИВНОЙ КАНДИДОЗНОЙ ИНФЕКЦИИ, ТАКИЕ КАК ИНФЕКЦИИ БРЮШИНЫ, ЭНДОКАРДА, ГЛАЗ, ДЫХАТЕЛЬНЫХ И МОЧЕВЫХ ПУТЕЙ, В ТОМ ЧИСЛЕ У БОЛЬНЫХ СО ЗЛОКАЧЕСТВЕННЫМИ ОПУХОЛЯМИ, НАХОДЯЩИХСЯ В ОТДЕЛЕНИЯХ ИНТЕНСИВНОЙ ТЕРАПИИ И ПОЛУЧАЮЩИХ ЦИТОТОКСИЧЕСКУЮ ИЛИ ИММУНОСУПРЕССИВНУЮ ТЕРАПИЮ, А ТАКЖЕ У БОЛЬНЫХ С ДРУГИМИ ФАКТОРАМИ, ПРЕДРАСПОЛАГАЮЩИМИ К РАЗВИТИЮ КАНДИДОЗА
- КАНДИДОЗ СЛИЗИСТЫХ ОБОЛОЧЕК, ВКЛЮЧАЯ СЛИЗИСТЫЕ ПОЛОСТИ РТА, ГЛОТКИ, ПИЩЕВОДА, НЕИНВАЗИВНЫЕ БРОНХО-ЛЕГОЧНЫЕ ИНФЕКЦИИ, КАНДИДУРИЯ, КОЖНО-СЛИЗИСТЫЙ И ХРОНИЧЕСКИЙ АТРОФИЧЕСКИЙ КАНДИДОЗ ПОЛОСТИ РТА (СВЯЗАННЫЙ С НОШЕНИЕМ ЗУБНЫХ ПРОТЕЗОВ) У БОЛЬНЫХ С НОРМАЛЬНОЙ И ПОДАВЛЕННОЙ ИММУННОЙ ФУНКЦИЕЙ, ПРОФИЛАКТИКА РЕЦИДИВА ОРОФАРИНГЕАЛЬНОГО КАНДИДОЗА У БОЛЬНЫХ С СПИД
- ГЕНИТАЛЬНЫЙ КАНДИДОЗ, ОСТРЫЙ ИЛИ РЕЦИДИВИРУЮЩИЙ ВАГИНАЛЬНЫЙ КАНДИДОЗ, ПРОФИЛАКТИКА С ЦЕЛЬЮ УМЕНЬШЕНИЯ ЧАСТОТЫ РЕЦИДИВОВ ВАГИНАЛЬНОГО КАНДИДОЗА (3 И БОЛЕЕ ЭПИЗОДОВ В ГОД), КАНДИДОЗНЫЙБАЛАНИТ
- ПРОФИЛАКТИКА ГРИБКОВЫХ ИНФЕКЦИЙ У БОЛЬНЫХ СО ЗЛОКАЧЕСТВЕННЫМИ НОВООБРАЗОВАНИЯМИ, ПРЕДРАСПОЛОЖЕННЫХ К РАЗВИТИЮ ТАКИХ ИНФЕКЦИЙ В РЕЗУЛЬТАТЕ ЦИТОТОКСИЧЕСКОЙ ХИМИОТЕРАПИИ ИЛИ ЛУЧЕВОЙ ТЕРАПИИ
- ДЕРМАТОМИКОЗ, ВКЛЮЧАЯ МИКОЗЫ СТОП, ГЛАДКОЙ КОЖИ ТУЛОВИЩА, КОНЕЧНОСТЕЙ, ОТРУБЕВИДНЫЙ ЛИШАЙ, ОНИХОМИКОЗ И КОЖНЫЕ КАНДИДОЗНЫЕ ИНФЕКЦИИ
- ГЛУБОКИЕ ЭНДЕМИЧЕСКИЕ МИКОЗЫ У БОЛЬНЫХ С НОРМАЛЬНЫМ ИММУНИТЕТОМ, КОКЦИДИОИДОМИКОЗ, ПАРАКОКЦИДИОИДОМИКОЗ, СПОРОТРИХОЗ И ГИСТОПЛАЗМОЗ.
СПОСОБ ПРИМЕНЕНИЯ И ДОЗЫ
ПРИНИМАЮТ ВНУТРЬ, ЕЖЕДНЕВНО, 1 РАЗ В СУТКИ. СУТОЧНАЯ ДОЗА ЗАВИСИТ ОТ ПРИРОДЫ И ТЯЖЕСТИ ГРИБКОВОЙ ИНФЕКЦИИ И ОПРЕДЕЛЯЕТСЯ ИНДИВИДУАЛЬНО. ДЛИТЕЛЬНОСТЬ ЛЕЧЕНИЯ ЗАВИСИТ ОТ КЛИНИЧЕСКОГО И МИКОЛОГИЧЕСКОГО ЭФФЕКТА.
ВЗРОСЛЫЕ
ПРИ КРИПТОКОККОВЫХ ИНФЕКЦИЯХ В ПЕРВЫЙ ДЕНЬ, КАК ПРАВИЛО, НАЗНАЧАЮТ 400 МГ, А ЗАТЕМ ПРОДОЛЖАЮТ ЛЕЧЕНИЕ В ДОЗЕ 200-400 МГ ОДИН РАЗ В СУТКИ. ДЛИТЕЛЬНОСТЬ ЛЕЧЕНИЯ, КАК ПРАВИЛО, СОСТАВЛЯЕТ 6-8 НЕДЕЛЬ. ДЛЯ ПРОФИЛАКТИКИ РЕЦИДИВА КРИПТОКОККОВОГО МЕНИНГИТА У БОЛЬНЫХ СПИДОМ (ПОСЛЕ ЗАВЕРШЕНИЯ ПОЛНОГО КУРСА ПЕРВИЧНОГО ЛЕЧЕНИЯ) ТЕРАПИЮ ФЛУКОНАЗОЛОМ-ТК В ДОЗЕ 200 МГ МОЖНО ПРОДОЛЖАТЬ В ТЕЧЕНИЕ ОЧЕНЬ ДЛИТЕЛЬНОГО ВРЕМЕНИ;
ПРИ КАНДИДОЗНЫХ ИНФЕКЦИЯХ ДОЗА СОСТАВЛЯЕТ 400 МГ В ПЕРВЫЕ СУТКИ, ЗАТЕМ ПО 200 МГ В СУТКИ, ПРИ НЕОБХОДИМОСТИ ДОЗА МОЖЕТ БЫТЬ УВЕЛИЧЕНА ДО 400 МГ В СУТКИ. ДЛИТЕЛЬНОСТЬ ТЕРАПИИ ЗАВИСИТ ОТ КЛИНИЧЕСКОЙ ЭФФЕКТИВНОСТИ
ПРИ ОРОФАРИНГЕАЛЬНОМ КАНДИДОЗЕ – ПО 100 – 150 МГ ОДИН РАЗ В СУТКИ В ТЕЧЕНИЕ 7-14 ДНЕЙ ИЛИ ПРИ НЕОБХОДИМОСТИ – БОЛЕЕ ДЛИТЕЛЬНОЕ ВРЕМЯ. ПРИ АТРОФИЧЕСКОМ КАНДИДОЗЕ СЛИЗИСТОЙ ОБОЛОЧКИ ПОЛОСТИ РТА ОБЫЧНО НАЗНАЧАЮТ В ДОЗЕ 100 МГ ОДИН РАЗ В СУТКИ В ТЕЧЕНИЕ 14 ДНЕЙ, ПРИ ДРУГИХ КАНДИДОЗНЫХ ИНФЕКЦИЯХ СЛИЗИСТЫХ ОБОЛОЧЕК (ЗА ИСКЛЮЧЕНИЕМ ВАГИНАЛЬНОГО КАНДИДОЗА) ЭФФЕКТИВНАЯ ДОЗА ОБЫЧНО СОСТАВЛЯЕТ 100 МГ ПРИ ДЛИТЕЛЬНОСТИ ЛЕЧЕНИЯ 14-30 ДНЕЙ;
ПРИ ВАГИНАЛЬНОМ КАНДИДОЗЕ И БАЛАНИТЕ ФЛУКОНАЗОЛ- ТК ПРИНИМАЮТ ОДНОКРАТНО В ДОЗЕ 150 МГ
ДЛЯ ПРОФИЛАКТИКИ ГРИБКОВЫХ ИНФЕКЦИЙ У БОЛЬНЫХ СО СНИЖЕННОЙ ФУНКЦИЕЙ ИММУНИТЕТА ДОЗА СОСТАВЛЯЕТ 100 МГ ОДИН РАЗ В СУТКИ, ПОКА БОЛЬНОЙ ОТНОСИТСЯ К ГРУППЕ РИСКА
ПРИ ИНФЕКЦИИ КОЖИ, ВКЛЮЧАЯ МИКОЗЫ СТОП, КОЖИ ПАХОВОЙ ОБЛАСТИ И
КАНДИДОЗНЫХ ИНФЕКЦИЯХ РЕКОМЕНДУЕМАЯ ДОЗА СОСТАВЛЯЕТ 150 МГ ОДИН РАЗ В НЕДЕЛЮ ИЛИ 100 МГ ОДИН РАЗ В СУТКИ. ДЛИТЕЛЬНОСТЬ ТЕРАПИИ ОБЫЧНО СОСТАВЛЯЕТ 2-4 НЕДЕЛИ, ОДНАКО ПРИ МИКОЗАХ СТОП МОЖЕТ ПОТРЕБОВАТЬСЯ БОЛЕЕ ДЛИТЕЛЬНАЯ ТЕРАПИЯ (ДО 6 НЕДЕЛЬ). ПРИ ОТРУБЕВИДНОМ ЛИШАЕ РЕКОМЕНДУЕМАЯ ДОЗА СОСТАВЛЯЕТ 100 МГ ОДИН РАЗ В СУТКИ В ТЕЧЕНИЕ 2-4 НЕДЕЛЬ. ПРИ ОНИХОМИКОЗЕ РЕКОМЕНДУЕМАЯ ДОЗА СОСТАВЛЯЕТ 150 МГ ОДИН РАЗ В НЕДЕЛЮ. ЛЕЧЕНИЕ СЛЕДУЕТ ПРОДОЛЖАТЬ ДО ЗАМЕЩЕНИЯ ИНФИЦИРОВАННОГО НОГТЯ (ВЫРАСТАНИЕ НЕИНФИЦИРОВАННОГО НОГТЯ).
ПАЦИЕНТЫ ПОЖИЛОГО ВОЗРАСТА:
ПРИ ОТСУТСТВИИ ПРИЗНАКОВ ПОЧЕЧНОЙ НЕДОСТАТОЧНОСТИ ПРЕПАРАТ ПРИМЕНЯЮТ В ОБЫЧНОЙ ДОЗЕ. ДЛЯ ПОЖИЛЫХ ПАЦИЕНТОВ С ПОЧЕЧНОЙ НЕДОСТАТОЧНОСТЬЮ ПРИ ОДНОКРАТНОМ ПРИЕМЕ ИЗМЕНЕНИЕ ДОЗЫ НЕ ТРЕБУЕТСЯ. ПРИ ПОВТОРНОМ ПРИЕМЕ ПРЕПАРАТ НАЗНАЧАЮТ В НАЧАЛЬНОЙ ДОЗЕ ОТ 100 ДО 400 МГ. ПОСЛЕ ЭТОГО СУТОЧНУЮ ДОЗУ (В ЗАВИСИМОСТИ ОТ ПОКАЗАТЕЛЕЙ КЛИРЕНСА КРЕАТИНИНА) ОПРЕДЕЛЯЮТ ПО ТАБЛИЦЕ:",Флуконазол-ТК 150мг № 1 капс,ТК Фарм Актобе ТОО,Казахстан,470 ₸,https://europharma.kz/flukonazol-tk-150mg-no-1-kaps,2026-08-13 15:00:24
Лекарственные средства,Кожные заболевания,Глюкокортикостероиды для местного лечения заболеваний кожи.,"Синафлан 0,025% 10 гр мазь",Нижфарм ОАО,Россия,475 ₸,https://europharma.kz/sinaflan-0025-10-gr-maz,2026-08-13 15:00:25
Лекарственные средства,Лечение лор заболеваний,Отхаркивающие препараты. Плюща листьев экстракт.,Мукоплант сироп от кашля с плющом 250 мл,Доктор Тайсс,Германия,4 470 ₸,https://europharma.kz/mukoplant-sirop-ot-kashlya-s-plyushchom-250-ml,2026-08-13 15:00:26
Лекарственные средства,Пробиотики и пребиотики,"Пищеварительный тракт и обмен веществ. Противодиарейные кишечные противовоспалительные / противомикробные препараты. Антидиарейные микроорганизмы. Микроорганизмы, продуцирующие молочную кислоту.",Хилак форте 30 мл капли,Ратиофарм ГмбХ,Германия,4 835 ₸,https://europharma.kz/khilak-forte-30-ml-kapli,2026-08-13 15:00:27
Лекарственные средства,Лечение сердечно-сосудистых заболеваний,"Сердечно-сосудистая система. Препараты, влияющие на ренин-ангиотензиновую систему. Ангиотензин-конвертируюшего фермента (АКФ) ингибиторы в комбинации с другими препаратами. АКФ ингибиторы, другие комбинации. Периндоприл, амлодипин и индапамид.","Ко-Амлесса 8 мг/10 мг/2,5 мг № 30 табл",KRKA d.d.,Словения,5 975 ₸,https://europharma.kz/ko-amlessa-8-mg10-mg25-mg-no-30-tabl,2026-08-13 15:00:28
Лекарственные средства,Противокашлевые препараты,Отхаркивающие препараты (исключая комбинации с противокашлевыми препаратами). Муколитики.,Секразол для детей 15 мг/5 мл 100 мл сироп,Нобел АФФ,Казахстан,1 770 ₸,https://europharma.kz/sekrazol-dlya-detey-15-mg5-ml-100-ml-sirop,2026-08-13 15:00:29
Лекарственные средства,Жаропонижающие,Анальгетики-антипиретики другие. Анилиды. Парацетамол.,"Парацетамол 0,5 г № 10 табл",Ирбитский химико-фармацев,Россия,350 ₸,https://europharma.kz/paratsetamol-05-g-no-10-tabl,2026-08-13 15:00:30
Лекарственные средства,Антибиотики,"Фармакологические свойства
Фармакокинетика
Амоксициллин и клавулановая кислота, полностью растворяются в водном растворе при рН среде организма. Оба компонента хорошо абсорбируются после приема внутрь. Оптимально принимать амоксициллин/клавулановую кислоту во время или в начале приема пищи. После приема внутрь биодоступность амоксициллина и клавулановой кислоты составляет примерно 70%. Динамика концентрации препарата в плазме обоих компонентов аналогична. Максимальные сывороточные концентрации достигаются спустя 1 час после приема.
Концентрации амоксициллина и клавулановой кислоты в сыворотке крови при приеме сочетания препаратов амоксициллина/клавулановой кислоты аналогичны тем, которые наблюдаются при пероральном применении эквивалентной дозы амоксициллина и клавулановой кислоты в одиночку.
Около 25% от общего количества клавулановой кислоты и 18% амоксициллина связываются с белками в плазме крови. Кажущийся объём распределения при пероральном применении препарата составляет примерно 0,3-0,4 л/кг амоксициллина и 0,2 л/кг клавулановой кислоты.
После внутривенного введения, как амоксициллин так и клавулановая кислота были обнаружены в желчном пузыре, брюшной ткани, коже, жире, мышечной ткани, синовиальной и перитонеальной жидкости, желче и гное. Амоксициллин плохо распределяется в спинномозговую жидкость.
Амоксициллин и клавулановая кислота проникают через плацентарный барьер. Оба компонента переходят также в грудное молоко.
Амоксициллин частично выводится с мочой в виде неактивной пенициллойной кислоты в количествах, эквивалентных 10 - 25% от первоначальной дозы. Клавулановая кислота метаболизируется в организме и выводится с мочой и фекалиями, а также в виде углекислого газа с выдыхаемым воздухом.
Средний период полувыведения амоксициллина/клавулановой кислоты составляет примерно 1 час, а средний общий клиренс около 25 л/ч. Примерно 60 - 70% амоксициллина и 40 - 65% клавулановой кислоты выводится из организма в неизменном виде с мочой в течение первых 6 ч после приема однократной дозы таблеток амоксициллина/клавулановой кислоты (250 мг/125 мг или 500 мг/125 мг). Во время различных исследований было обнаружено, что с мочой выводится 50-85% амоксициллина и 27-60% клавулановой кислоты в течение 24 часов. Наибольшее количество клавулановой кислоты выводится в течение первых 2 часов после применения.
Одновременное применение пробенецида замедляет выделение амоксициллина, но этот препарат не влияет на выведение клавулановой кислоты через почки.
Период полувыведения амоксициллина аналогичен у детей в возрасте от 3 месяцев до 2 лет, также у детей старшего возраста и взрослых. При назначении лекарственного средства очень маленьким детям (в том числе недоношенным новорожденным) в первые недели жизни, препарат не следует вводить чаще двух раз в сутки, что связано с незрелостью почечного пути выведения у детей. В связи с тем, что пожилые пациенты чаще страдают почечной дисфункцией, следует с осторожностью назначать дозу этой группе больных. В этом случае может быть полезно проводить мониторинг почечной функции.
Общий клиренс амоксициллина/клавулановой кислоты в плазме уменьшается прямо пропорционально снижению функций почек. Снижение клиренса амоксициллина более выражено по сравнению с клавулановой кислотой, так как большее количество амоксициллина выводится через почки. Следовательно, при назначении препарата пациентам с почечной недостаточностью, необходима коррекция дозы, чтобы предотвратить чрезмерное накопление амоксициллина и сохранить необходимый уровень клавулановой кислоты.
При назначении препарата пациентам с печеночной недостаточностью следует соблюдать осторожность при выборе дозы и регулярно контролировать функцию печени.
Фармакодинамика
Амоксиклав® QT – антибиотик широкого спектра действия, комбинированный препарат амоксициллина и клавулановой кислоты – ингибиторы бета-лактамаз. Действует бактерицидно, угнетает синтез бактериальной стенки. Активен в отношении грамположительных и грамотрицательных микроорганизмов (включая штаммы, продуцирующие бета-лактамазы). Входящая в состав препарата клавулановая кислота подавляет ІІ, III, IV и V типы бета-лактамаз, неактивна в отношении бета-лактамаз I типа, продуцируемых Enterobacter spp., Pseudomonas aeruginosa, Serratia spp., Acinetobacter spp.. Клавулановая кислота обладает высокой тропностью к пенициллиназам, благодаря чему образует стабильный комплекс с ферментом, что предупреждает ферментативную деградацию амоксициллина под влиянием бета-лактамаз и расширяет спектр его действия.
Амоксиклав® QT проявляет активность в отношении:
Аэробных грамположительных бактерий: Streptococcus pyogenes, Streptococcus viridans, Streptococcus pneumoniae, Staphylococcus aureus (включая штаммы, продуцирующие бета-лактамазы), Staphylococcus epidermidis (включая штаммы, продуцирующие бета-лактамазы), Enterococcus faecalis, Corynebacterium spp., Bacillus anthracis, Listeria monocytogenes
Анаэробных грамположительных бактерий: Clostridium spp., Peptococcus spp., Peptostreptococcus spp.
Аэробных грамотрицательных бактерий: Escherichia coli, Klebsiella spp., Proteus mirabilis, Proteus vulgaris, Yersinia enterocolitica, Salmonella spp., Shigella spp., Haemophilus influenzae, Haemophilus ducreyi, Neisseria gonorrhoeae (включая штаммы вышеперечисленных бактерий, продуцирующие бета-лактамазы), Neisseria meningitidis, Bordetella pertussis, Gardnerella vaginalis, Brucella spp., Branhamella catarrhalis, Pasteurella multocida, Campylobacter jejuni, Vibrio cholera, Moraxella catarrhalis, Helicobacter pylori
Анаэробных грамотрицательных бактерий: Bacteroides spp., включая Bacteroides fragilis (включая штаммы, продуцирующие бета-лактамазы).","Амоксиклав QT 625 мг, №14, табл.",Сандоз Фармасьютикалс д.д.,Словения,4 570 ₸,https://europharma.kz/amoksiklav-qt-625-mg-no14-tabl,2026-08-13 15:00:32
Лекарственные средства,Средства от аллергии,Респираторная система. Антигистаминные препараты системного действия. Производные пиперазина. Цетиризин.,Цетиризин-Вива Фарм 10 мг № 20 табл п/о,Вива Фарм ТОО,Казахстан,1 985 ₸,https://europharma.kz/tsetirizin-viva-farm-10-mg-no-20-tabl-po,2026-08-13 15:00:33
Лекарственные средства,Лечение лор заболеваний,Респираторная система. Препараты для лечения заболеваний горла. Антисептики. Прочие препараты.,Тонзилгон® Н 100 мл флакон,Bionorica SE,Германия,4 435 ₸,https://europharma.kz/tonzilgon-n-100-ml-flakon,2026-08-13 15:00:34
Лекарственные средства,Средства от аллергии,Респираторная система. Антигистаминные препараты системного действия. Антигистаминные препараты системного действия другие. Хифенадин.,"Фенкарол 50 мг, №30, табл.",Олайнский химико-фармацев,Латвия,6 565 ₸,https://europharma.kz/fenkarol-50-mg-no30-tabl,2026-08-13 15:00:35
Лекарственные средства,Лечение лор заболеваний,Препараты для устранения симптомов простуды и кашля.,"Инсти со вкусом лимона №10, пакетики",Хербион,Пакистан,2 195 ₸,https://europharma.kz/insti-so-vkusom-limona-no10-paketiki,2026-08-13 15:00:36
Лекарственные средства,Лечение неврологических нарушений,Прочие снотворные и седативные средства,Персен № 40 табл,Lek Pharmaceuticals d.d.,Словения,5 750 ₸,https://europharma.kz/persen-no-40-tabl,2026-08-13 15:00:37
Лекарственные средства,Противовирусные препараты,Противовирусные препараты для системного применения. Противовирусные препараты прямого действия. Противовирусные препараты прочие.,Ингавирин 60 мг № 7 капс,Валента Фармацевтика ОАО,Россия,5 410 ₸,https://europharma.kz/ingavirin-60-mg-no-7-kaps,2026-08-13 15:00:38
Лекарственные средства,Антисептики,Стимуляторы дыхательного центра,"Аммиак 10%, 20 мл, фл.",Фармация АО,Казахстан,200 ₸,https://europharma.kz/ammiak-10-20-ml-fl-2,2026-08-13 15:00:39
Лекарственные средства,Кожные заболевания,Дерматологические средства. Препараты для лечения ран и язв. Ранозаживляющие средства.,"Пантенол 116 гр, спрей",Микрофарм ООО,Украина,2 940 ₸,https://europharma.kz/pantenol-116-gr-sprej,2026-08-13 15:00:40
Лекарственные средства,Лечение лор заболеваний,"Препараты для устранения симптомов простуды и кашля. Противокашлевые препараты, исключая комбинацию с отхаркивающими препаратами. Противокашлевые препараты прочие.",Гербион исландского мха 150 мл сироп,KRKA d.d.,Словения,3 230 ₸,https://europharma.kz/gerbion-islandskogo-mkha-150-ml-sirop,2026-08-13 15:00:42
Лекарственные средства,Лечение сердечно-сосудистых заболеваний,Нервная система. Психоаналептики. Препараты против деменции. Антихолинэстеразные препараты. Ипидакрин,Нейромидин 20 мг № 50 табл,Олайнский химико-фармацев,Латвия,10 180 ₸,https://europharma.kz/neyromidin-20-mg-no-50-tabl,2026-08-13 15:00:43
Лекарственные средства,Анальгетики,Противовоспалительные и противоревматические препараты.,"Мовалис 15 мг, №20, табл.",Берингер Ингельхайм Итали,Испания,3 675 ₸,https://europharma.kz/movalis-15-mg-no20-tabl,2026-08-13 15:00:49
Лекарственные средства,Противовоспалительные средства,Миорелаксанты. Миорелаксанты центрального действия другие. Тиоколхикозид.,"Мускомед 0,25% 30 г крем",Зентива Саглык Юрюнлери Сан Ве Тидж А.Ш,Турция,4 710 ₸,https://europharma.kz/muskomed-025-30-g-krem,2026-08-13 15:00:50
Лекарственные средства,Антибиотики,Антибактериальные препараты –производные хинолона. Фторхинолоны.,"Сиспрес 250 мг, №10, табл.",Нобел АФФ,Казахстан,850 ₸,https://europharma.kz/sispres-250-mg-no10-tabl,2026-08-13 15:00:52
Лекарственные средства,Инъекционные растворы и ампулы,Антибактериальные препараты для системного использования. Противомикробное средство - производные хинолона. Фторхинолоны. Левофлоксацин.,Левоксимед 500 мг 100 мл р-р для инфузий,Мефар Илач Санаи А.Ш,Турция,5 215 ₸,https://europharma.kz/levoksimed-500-mg-100-ml-r-r-dla-infuzij,2026-08-13 15:00:53
Лекарственные средства,Лечение глаз,Препараты для лечения заболеваний глаз. Противомикробные препараты другие. Левофлоксацин.,"Левоксимед 0,5% 5 мл №1 капли глазные",Уорлд Медицин Илач Сан.Ве Тидж А.Ш,Турция,3 850 ₸,https://europharma.kz/levoksimed-05-5-ml-no1-kapli-glaznye,2026-08-13 15:00:54
Лекарственные средства,Лечение жкт,,"Панкрасан® форте таблетки кишечнорастворимые, покрытые пленочной оболочкой №20",Биосинтез ОАО,Россия,2 025 ₸,https://europharma.kz/pankrasan-forte-tabletki-kishechnorastvorimyye-pokrytyye-plenochnoy-obolochkoy-no20,2026-08-13 15:00:55
Лекарственные средства,Инъекционные растворы и ампулы,"Плазмозамещающие и перфузионные растворы. Растворы, влияющие на водно-электролитный баланс. Растворы для внутривенного введения. Электролиты.","Натрия хлорид 0,9% 200 мл раствор",Келун-Казфарм (Kelun-Kazpharm),Казахстан,382 ₸,https://europharma.kz/natriya-khlorid-09-200-ml-rastvor,2026-08-13 15:00:57
Лекарственные средства,Кожные заболевания,Глюкокортикостероиды для местного лечения заболеваний кожи. Глюкокортикостероиды активные в комбинации с антибиотиками. Флуоцинолона ацетонид в комбинации с антибиотиками.,"Флуцинар N 0,025% 15 г мазь",Jelfa A.O.,Польша,1 890 ₸,https://europharma.kz/flutsinar-n-0025-15-g-maz,2026-08-13 15:00:58
Лекарственные средства,Антисептики,Противомикробные препараты для наружного применения. Сульфаниламиды.,Аргосульфан 2% 40 гр крем в тубе,Jelfa A.O.,Польша,5 010 ₸,https://europharma.kz/argosulfan-2-40-gr-krem-v-tube,2026-08-13 15:00:59
Лекарственные средства,Лечение глаз,,Оптинол® Интенсив 10 мл капли глазные,Ядран-Галенски Лабораторий а.о.,Хорватия,9 430 ₸,https://europharma.kz/optinol-intensiv-10-ml-kapli-glaznyye,2026-08-13 15:01:00
Лекарственные средства,Антибиотики,Противомикробные препараты для системного применения. Линкозамиды,"Линкомицина гидрохлорид 30%, 2 мл, №10, амп.",Химфарм ФЗ АО,Казахстан,2 055 ₸,https://europharma.kz/linkomicina-gidrohlorid-30-2-ml-no10-amp,2026-08-13 15:01:01
Лекарственные средства,Лечение заболеваний опорно-двигательного аппарата,Костно-мышечная система. Другие препараты для лечения заболеваний костно-мышечной системы.,Алфлутоп 1% 2 мл № 5 амп,Биотехнос С.А.,Румыния,14 050 ₸,https://europharma.kz/alflutop-1-2-ml-no-5-amp,2026-08-13 15:01:03
Лекарственные средства,Гинекологические препараты,Половые гормоны и модуляторы половой системы. Прогестагены. Производные прегнена. Прогестерон.,Гинопрогест 100 мг № 30 капс,Laboratories Leon Farma S.A,Испания,5 045 ₸,https://europharma.kz/ginoprogest-100-mg-no-30-kaps,2026-08-13 15:01:04
Лекарственные средства,Гормональные препараты,Интравагинальные контрацептивы,Леди № 10 вагин. суппозитории,Кызылмай Фирма ПК,Казахстан,4 165 ₸,https://europharma.kz/ledi-no-10-vagin-suppozitorii,2026-08-13 15:01:05
Лекарственные средства,Инъекционные растворы и ампулы,Витамин К и другие гемостатики. Прочие системные гемостатики. Этамзилат.,Дицинон 250 мг № 100 табл,Сандоз Фармасьютикалс д.д.,Словения,7 095 ₸,https://europharma.kz/ditsinon-250-mg-no-100-tabl,2026-08-13 15:01:06
Лекарственные средства,Лечение лор заболеваний,Антиконгестанты и другие назальные препараты для местного применения.,"Нафазолин-DF 0,1% 10 мл спрей назальный",Досфарм,Казахстан,10 822 ₸,https://europharma.kz/nafazolin-df-01-10-ml-sprey-nazalnyy,2026-08-13 15:01:07
Лекарственные средства,Кожные заболевания,Глюкокортикостероиды для местного лечения заболеваний кожи. Глюкокортикостероиды активные (группа III).Флуоцинолона ацетонид,"Флуцинар 0,025% 15 г мазь",Jelfa A.O.,Польша,1 895 ₸,https://europharma.kz/flutsinar-0025-15-g-maz,2026-08-13 15:01:08
Лекарственные средства,Гинекологические препараты,Половые гормоны и модуляторы половой системы. Прогестагены. Производные прегнена. Прогестерон.,Гинопрогест 200 мг № 30 капс,Laboratories Leon Farma S.A,Испания,10 104 ₸,https://europharma.kz/ginoprogest-200-mg-no-30-kaps,2026-08-13 15:01:10
Лекарственные средства,Противогрибковые средства,,Терфалин 1% для местного применения 30 мл спрей,Нобел АФФ,Казахстан,3 930 ₸,https://europharma.kz/terfalin-1-dlya-mestnogo-primeneniya-30-ml-sprey,2026-08-13 15:01:11
Лекарственные средства,Лечение лор заболеваний,,"Амбро 7,5 мг/мл 100 мл раствор для приема внутрь и ингаляций",Химфарм ФЗ АО,Казахстан,2 750 ₸,https://europharma.kz/ambro-75-mgml-100-ml-rastvor-dlya-priyema-vnutr-i-ingalyatsiy,2026-08-13 15:01:12
Лекарственные средства,Гинекологические препараты,,Квинофолик №60 капс,Мирролла ООО,,10 845 ₸,https://europharma.kz/kvinofolik-no60-kaps,2026-08-13 15:01:13
Лекарственные средства,Антисептики,Антисептики и дезинфицирующие препараты. Производные фурана.,"Фурацилин 0,02 №10, табл.",Ирбитский химико-фармацев,Россия,415 ₸,https://europharma.kz/furatsilin-002-no10-tabl,2026-08-13 15:01:14
Лекарственные средства,Кожные заболевания,Прочие препараты для лечения заболеваний кожи. Пимекролимус,Элидел 1% 15 г крем,Новартис Фарма Продакшн Г,Германия,11 590 ₸,https://europharma.kz/elidel-1-15-g-krem,2026-08-13 15:01:15
Лекарственные средства,Женские препараты,Антисептики и противомикробные препараты для лечения гинекологических заболеваний. Антисептики и противомикробные препараты для лечения гинекологических заболеваний (исключая комбинации с кортикостероидами). Производные хинолина. Деквалиния хлорид.,Антибакт 10 мг № 6 вагин. табл.,Нобел АФФ,Казахстан,4 415 ₸,https://europharma.kz/antibakt-10-mg-no-6-vagin-tabl,2026-08-13 15:01:16
Лекарственные средства,Кожные заболевания,Глюкокортикостероиды для местного лечения заболеваний кожи. Глюкокортикостероиды активные (группа III). Флуоцинолона ацетонид,"Флуцинар 0,025% 15 г гель",Jelfa A.O.,Польша,1 895 ₸,https://europharma.kz/flutsinar-0025-15-g-gel,2026-08-13 15:01:18
Лекарственные средства,Кожные заболевания,,"Пантенол 58гр, аэрозоль",Микрофарм ООО,Украина,2 375 ₸,https://europharma.kz/pantenol-58gr-aerozol,2026-08-13 15:01:19
Лекарственные средства,Антибиотики,,"Амоксиклав 2Х, Порошок для приготовления суспензии для приема внутрь 457 мг/5 мл 70 мл",Сандоз Фармасьютикалс д.д.,,4 230 ₸,https://europharma.kz/amoksiklav-2kh-poroshok-dlya-prigotovleniya-suspenzii-dlya-priyema-vnutr-457-mg5-ml-70-ml,2026-08-13 15:01:20
Лекарственные средства,Анальгетики,Анальгетики. Анальгетики – антипиретики другие.,"Цитрамон П №10, табл.",Ирбитский химико-фармацев,Россия,305 ₸,https://europharma.kz/tsitramon-p-no10-tabl-2,2026-08-13 15:01:21
Лекарственные средства,Лечение жкт,,"Панкрасан® форте таблетки кишечнорастворимые, покрытые пленочной оболочкой №60",Биосинтез ОАО,Россия,4 095 ₸,https://europharma.kz/pankrasan-forte-tabletki-kishechnorastvorimyye-pokrytyye-plenochnoy-obolochkoy-no60,2026-08-13 15:01:22
Лекарственные средства,Лечение лор заболеваний,Антиконгестанты и другие назальные препараты для местного применения.,"Нафазолин-DF 0,1% 10 мл флак-капельница",Досфарм,Казахстан,165 ₸,https://europharma.kz/nafazolin-df-01-10-ml-flak-kapelnitsa,2026-08-13 15:01:23
Лекарственные средства,Лечение глаз,,"Хило-Комод 10 мл, гл. капли",URSAPHARM Arzneimittel Gm,Германия,11 240 ₸,https://europharma.kz/khilo-komod-10-ml-gl-kapli,2026-08-13 15:01:28
Лекарственные средства,Лечение лор заболеваний,"Респираторная система. Назальные препараты. Антиконгенстанты и другие назальные препараты для местного применения. Симпатомиметики, комбинации, исключая кортикостероиды.",Ринозол 10 мл спрей назальный,ЛеКос ТОО,Казахстан,1 320 ₸,https://europharma.kz/rinozol-10-ml-sprey-nazalnyy,2026-08-13 15:01:29
Лекарственные средства,Лечение почек,"Препараты для лечения урологических заболеваний. Другие препараты для лечения урологических заболеваний, включая спазмолитики. Солифенацин.",Везикар 5 мг № 30 табл покрытые оболочкой,Яманучи,Нидерланды,6 555 ₸,https://europharma.kz/vezikar-5-mg-no-30-tabl-pokrytyye-obolochkoy,2026-08-13 15:01:30
Лекарственные средства,"Ремантадин 100мг №10, капс.",Противоинфекционные препараты для системного использования. Противовирусные препараты для системного применения. Противовирусные препараты прямого действия. Циклические амины. Римантадин.,"Ремантадин 100мг №10, капс.",Олайнский химико-фармацев,Латвия,2 430 ₸,https://europharma.kz/remantadin-100mg-no10-kaps,2026-08-13 15:01:31
Лекарственные средства,Спазмолитические препараты,,"Лидокаин р-р д/ин-й 10 мг/ мл 3,5 мл № 10 амп",Лекхим-Харьков ЧАО,Россия,955 ₸,https://europharma.kz/lidokain-r-r-din-y-10-mg-ml-35-ml-no-10-amp-2,2026-08-13 15:01:32
Лекарственные средства,Лечение сердечно-сосудистых заболеваний,"Вазодилататоры, для лечения заболеваний сердца. Органические нитраты. Нитроглицерин.","Нитроглицерин-KZ 0,5 мг № 40 табл.подъязычные",Технолог ЗАО,Украина,700 ₸,https://europharma.kz/nitroglitserin-kz-05-mg-no-40-tablpodyazychnyye,2026-08-13 15:01:33
Лекарственные средства,Лечение жкт,"Препараты, способствующие пищеварению (включая ферментные препараты)",Панкреатин 250000 ЕД № 60 табл,Ирбитский химико-фармацев,Россия,1 085 ₸,https://europharma.kz/pankreatin-250000-yed-no-60-tabl,2026-08-13 15:01:35
Лекарственные средства,Противокашлевые препараты,Препараты для устранения симптомов простуды и кашля. Отхаркивающие препараты. Муколитики. Амброксол.,Лазолван 30 мг № 20 табл,Stada Arzneimittel AG,Италия,2 855 ₸,https://europharma.kz/lazolvan-30-mg-no-20-tabl,2026-08-13 15:01:36
Лекарственные средства,Лечение глаз,Прочие препараты для лечения заболеваний глаз. Декспантенол,Корнерегель 5% 5 г гл. гель,Д-р Герхард Манн Химико-Фармацевтическое предприят,Германия,4 995 ₸,https://europharma.kz/korneregel-5-5-g-gl-gel,2026-08-13 15:01:37
Лекарственные средства,Мужские препараты,,Трансера №28 табл,Lifeplan,,20 510 ₸,https://europharma.kz/transera-no28-tabl,2026-08-13 15:01:38
Лекарственные средства,Лечение лор заболеваний,Противомикробные препараты для местного лечения заболеваний полости рта. Прочие.,Холисал 10 гр гель,Jelfa A.O.,Польша,2 285 ₸,https://europharma.kz/kholisal-10-gr-gel,2026-08-13 15:01:39
Лекарственные средства,Кожные заболевания,Глюкокортикостероиды активные в комбинации с антибиотиками. Бетаметазон в комбинации с антибиотиками.,Целестодерм-В с гарамицином 30 гр крем,"Schering Plough Labo N.V., Бельгия",Бельгия,3 745 ₸,https://europharma.kz/tselestoderm-v-s-garamitsinom-30-gr-krem,2026-08-13 15:01:41
Лекарственные средства,Лечение неврологических нарушений,Витамины группы В в комбинации с другими препаратами.,Невралон 2 мл № 5 амп,Мефар Илач Санаи А.Ш,Турция,4 130 ₸,https://europharma.kz/nevralon-2-ml-no-5-amp,2026-08-13 15:01:42
Лекарственные средства,Лечение жкт,"Препараты, способствующие пищеварению. Пищеварительные ферментные препараты.","Панкреазим №20, табл.",Технолог ЗАО,Украина,780 ₸,https://europharma.kz/pankreazim-no20-tabl,2026-08-13 15:01:43
Лекарственные средства,Противогрибковые средства,,Канизон Плюс 15 г №1 крем д/наружного прим.,Аджио Фармацевтикалз Лтд,,15 010 ₸,https://europharma.kz/kanizon-plyus-15-g-no1-krem-dnaruzhnogo-prim,2026-08-13 15:01:44
Лекарственные средства,Средства от аллергии,Антиконгестанты и другие назальные препараты для местного применения. Нафазолин в комбинации с другими препаратами.,"Алергозол-DF 0,06 % 10 мл капли",Досфарм,Казахстан,645 ₸,https://europharma.kz/alergozol-df-006-10-ml-kapli-2,2026-08-13 15:01:45
Лекарственные средства,Противокашлевые препараты,"Респираторная система. Препараты, применяемые при кашле и простудных заболеваниях. Экспекторанты, исключая комбинации с подавляющими кашель. Муколитики. Амброксол.",Лазолван Юниор 15 мг/5 мл 100 мл сироп,Stada Arzneimittel AG,Испания,2 930 ₸,https://europharma.kz/lazolvan-yunior-15-mg5-ml-100-ml-sirop,2026-08-13 15:01:46
Лекарственные средства,Инъекционные растворы и ампулы,"Пищеварительный тракт и обмен веществ. Витамины. Витамин В1, простые и комбинации с витаминами В6 и В12. Витамин B1 в комбинации с витамином B6 и/или витамином B12.",Нейралгин раствор д/внутримышеч. введения 2 мл № 5 амп,ХБМ Фарма с.р.о,Словакия,3 420 ₸,https://europharma.kz/neyralgin-rastvor-dvnutrimyshech-vvedeniya-2-ml-no-5-amp,2026-08-13 15:01:47
Лекарственные средства,Лечение сердечно-сосудистых заболеваний,,Тригрим 10 мг № 30 таблетки,,,3 750 ₸,https://europharma.kz/trigrim-10-mg-no-30-tabletki,2026-08-13 15:01:48
Лекарственные средства,Лечение артериального давления,Антагонисты ангиотензина II и блокаторы кальциевых каналов,Эксфорж 10 мг/160 мг № 14 табл п/плён оболоч,Novartis Pharma AG,Швейцария,5 960 ₸,https://europharma.kz/eksforzh-10-mg160-mg-no-14-tabl-pplen-oboloch,2026-08-13 15:01:49
Лекарственные средства,Кожные заболевания,Глюкокортикостероиды активные в комбинации с антибиотиками. Бетаметазон в комбинации с антибиотиками.,Целестодерм-В с гарамицином 30 гр мазь,"Schering Plough Labo N.V., Бельгия",Бельгия,3 835 ₸,https://europharma.kz/tselestoderm-v-s-garamitsinom-30-gr-maz,2026-08-13 15:01:50
Лекарственные средства,Для повышения иммунитета,Антинеопластические и иммуномодулирующие препараты. Иммуностимуляторы. Иммуностимуляторы другие.,Бронхо-мунал 7 мг № 10 капс,Сандоз Фармасьютикалс д.д.,Швейцария,8 255 ₸,https://europharma.kz/bronkho-munal-7-mg-no-10-kaps,2026-08-13 15:01:52
Лекарственные средства,Для повышения иммунитета,Иммуномодуляторы. Иммуностимуляторы. Прочие иммуностимуляторы.,"Бронхо-мунал П 3,5 мг № 10 капс",Сандоз Фармасьютикалс д.д.,Словения,8 115 ₸,https://europharma.kz/bronkho-munal-p-35-mg-no-10-kaps,2026-08-13 15:01:53
Лекарственные средства,Средства от аллергии,Антиконгестанты и другие назальные препараты для местного применения. Нафазолин в комбинации с другими препаратами.,"Алергозол-DF 0,03% 10 мл капли",Досфарм,Казахстан,715 ₸,https://europharma.kz/alergozol-df-003-10-ml-kapli-2,2026-08-13 15:01:54
Лекарственные средства,Средства от аллергии,Антиконгестанты и другие назальные препараты для местного применения. Нафазолин в комбинации с другими препаратами.,"Алергозол-DF 0,06 % 10 мл спрей",Досфарм,Казахстан,1 960 ₸,https://europharma.kz/alergozol-df-006-10-ml-sprey,2026-08-13 15:01:55
Лекарственные средства,Антибиотики,Противомикробные препараты для системного применения. Амфениколы,"Левомицетин 0,5 мг № 10 табл",Ирбитский химико-фармацев,Россия,925 ₸,https://europharma.kz/levomitsetin-05-mg-no-10-tabl,2026-08-13 15:01:56
Лекарственные средства,Лечение артериального давления,,Кардиоприл 10 мг №20 табл 10мг/мл,"АО""Химфарм""",,2 520 ₸,https://europharma.kz/kardiopril-10-mg-no20-tabl-10mgml,2026-08-13 15:01:57
Лекарственные средства,Инъекционные растворы и ампулы,Другие не лечебные средства. Растворители.,"Натрия хлорид 0,9% 5 мл №10, амп",Дальхимфарм ОАО,Россия,735 ₸,https://europharma.kz/natriya-khlorid-09-5-ml-no10-amp,2026-08-13 15:01:58
Лекарственные средства,Кожные заболевания,Флуметазон в комбинации с другими препаратами.,Лоринден А 15 г мазь,Jelfa A.O.,Польша,2 440 ₸,https://europharma.kz/lorinden-a-15-g-maz,2026-08-13 15:01:59
Лекарственные средства,Лечение неврологических нарушений,,Бетагистин-ЛФ 24мг №30 таблетки,Лекфарм ООО,,4 020 ₸,https://europharma.kz/betagistin-lf-24mg-no30-tabletki,2026-08-13 15:02:00
Лекарственные средства,Лечение артериального давления,,"Хумира 40мг/0,4мл, №2, р-р в шприцах",Веттер Фарма-Фертигун Гмб,Германия,276 857 ₸,https://europharma.kz/khumira-40mg04ml-no2-r-r-v-shpritsakh,2026-08-13 15:02:04
Лекарственные средства,Препараты урологии и гинекологии,Антисептики и противомикробные препараты для лечения гинекологических заболеваний. Антисептики и противомикробные препараты для лечения гинекологических заболеваний (исключая комбинации с кортикостероидами). Производные имидазола. Имидазола производных комбинации,Нео-Пенторан Форте Л № 7 вагин. суппозитории,Мерк С.Л.,Турция,5 700 ₸,https://europharma.kz/neo-pentoran-forte-l-no-7-vagin-suppozitorii,2026-08-13 15:02:05
Лекарственные средства,Лечение лор заболеваний,Прочие препараты. Другие терапевтические препараты все. Другие лекарственные препараты.,Тонзипрет № 50 табл.д/рассасыв-я,Bionorica AG,Германия,3 130 ₸,https://europharma.kz/tonzipret-no-50-tabldrassasyv-ya,2026-08-13 15:02:06
Лекарственные средства,Лечение артериального давления,Бета-адреноблокаторы. Бета-адреноблокаторы селективные.,Конкор для приема внутрь 5 мг № 30 табл п/плён оболоч,Nycomed Austria GmbH,Германия,2 755 ₸,https://europharma.kz/konkor-dlya-priyema-vnutr-5-mg-no-30-tabl-pplen-oboloch,2026-08-13 15:02:07
Лекарственные средства,Антибиотики,Препараты для лечения заболеваний глаз. Антибиотики.,"Левомицетин-DF 0,5% 10 мл капли глазные",Досфарм,Казахстан,410 ₸,https://europharma.kz/levomitsetin-df-05-10-ml-kapli-glaznyye,2026-08-13 15:02:08
Лекарственные средства,Противогрибковые средства,,"Флуконазол Santo 150 мг, №1 капс.","АО «Химфарм», Республика Казахстан, г. Шымкент, у",,1 020 ₸,https://europharma.kz/flukonazol-santo-150-mg-no1-kaps,2026-08-13 15:02:09
Лекарственные средства,Лечение неврологических нарушений,,Бетагистин-ЛФ 16мг №30 таблетки,Лекфарм ООО,,2 236 ₸,https://europharma.kz/betagistin-lf-16mg-no30-tabletki,2026-08-13 15:02:10
Лекарственные средства,Противокашлевые препараты,Препараты для устранения симптомов простуды и кашля. Отхаркивающие препараты. Муколитики. Амброксол.,Лазолван 30 мг/5 мл 100 мл сироп,Stada Arzneimittel AG,Испания,2 835 ₸,https://europharma.kz/lazolvan-30-mg5-ml-100-ml-sirop,2026-08-13 15:02:11
Лекарственные средства,Лечение лор заболеваний,Антиконгестанты и другие препараты для местного применения. Симпатомиметики. Нафазолин.,"Нафтизин наз.капли 0,1 % 10 мл",Досфарм,Казахстан,180 ₸,https://europharma.kz/naftizin-nazkapli-01-10-ml,2026-08-13 15:02:12
Лекарственные средства,Лечение лор заболеваний,Препараты для лечения заболеваний горла. Антисептики. Прочие препараты,Анзибел со вкусом меда и лимона № 30 табл.д/рассасыв-я,Нобел АФФ,Казахстан,2 240 ₸,https://europharma.kz/anzibel-so-vkusom-meda-i-limona-no-30-tabldrassasyv-ya,2026-08-13 15:02:13
Лекарственные средства,Противокашлевые препараты,,"Мукалтин, порошок шипучий 2.0 г в пакетике. По 30 пакетиков в пачке из картона.",,,3 700 ₸,https://europharma.kz/mukaltin-poroshok-shipuchiy-20-g-v-paketike-po-30-paketikov-v-pachke-iz-kartona,2026-08-13 15:02:14
Лекарственные средства,Мужские препараты,Препараты для лечения нарушений эрекции. Силденафил,Камагра 100 мг № 4 табл п/плён оболоч,Аджанта Фарма ЛТД,Индия,6 515 ₸,https://europharma.kz/kamagra-100-mg-no-4-tabl-pplen-oboloch,2026-08-13 15:02:15
Лекарственные средства,Средства от аллергии,Антиконгестанты и другие назальные препараты для местного применения. Нафазолин в комбинации с другими препаратами.,"Алергозол-DF 0,03% 10 мл спрей",Досфарм,Казахстан,920 ₸,https://europharma.kz/alergozol-df-003-10-ml-sprey,2026-08-13 15:02:16
Лекарственные средства,Лечение глаз,Препараты для лечения заболеваний глаз. Антибиотики.,"Левомицетин-DF 0,25 % 10 мл капли глазные",Досфарм,Казахстан,365 ₸,https://europharma.kz/levomitsetin-df-025-10-ml-kapli-glaznyye,2026-08-13 15:02:17
Лекарственные средства,Лечение артериального давления,Кровь и кроветворные органы. Антитромботические препараты. Прямые ингибиторы фактора Ха. Апиксабан.,"Эликвис 2,5 мг №60 табл",Бристол Майерс Сквибб,Пуэрто - рико,29 366 ₸,https://europharma.kz/elikvis-25-mg-no60-tabl,2026-08-13 15:02:18
Лекарственные средства,Пробиотики и пребиотики,"Пищеварительный тракт и обмен веществ. Противодиарейные, кишечные противовоспалительные/противомикробные препараты. Антидиарейные микроорганизмы.",Энтерожермина форте 4млд/5мл №10,Санофи-Авентис,Франция,8 690 ₸,https://europharma.kz/enterozhermina-forte-4mld5ml-no10,2026-08-13 15:02:19
Лекарственные средства,Лечение артериального давления,Сердечно-сосудистая система. Антигипертензивные препараты. Антиадренергические препараты центрального действия. Агонисты имидазолиновых рецепторов. Моксонидин.,"Физиотенз 0,4 мг, № 14, табл.",Майлан Лабораториз САС,Франция,5 300 ₸,https://europharma.kz/fiziotenz-04-mg-no-14-tabl,2026-08-13 15:02:20
Лекарственные средства,Гинекологические препараты,Антиинфекционные и антисептические препараты для применения в гинекологии. Производные имидазола. Клотримазол.,Клотримазол 1% 15 г крем,FARMAPRIM SRL,"Молдова, республика",1 635 ₸,https://europharma.kz/klotrimazol-1-15-g-krem,2026-08-13 15:02:21
Лекарственные средства,Лечение лор заболеваний,Препараты для лечения заболеваний горла. Антисептики. Прочие препараты,Анзибел со вкусом ментола № 30 табл.д/рассасыв-я,Нобел АФФ,Казахстан,2 165 ₸,https://europharma.kz/anzibel-so-vkusom-mentola-no-30-tabldrassasyv-ya,2026-08-13 15:02:22
Лекарственные средства,Мужские препараты,Препараты для лечения нарушений эрекции. Силденафил,Камагра 50 мг № 4 табл п/плён оболоч,Аджанта Фарма ЛТД,Индия,5 320 ₸,https://europharma.kz/kamagra-50-mg-no-4-tabl-pplen-oboloch,2026-08-13 15:02:23
Лекарственные средства,Кожные заболевания,,Акридерм Гента мазь 30 г,АО «АКРИХИН» Россия,,2 880 ₸,https://europharma.kz/akriderm-genta-maz-30-g,2026-08-13 15:02:24
Лекарственные средства,Лечение лор заболеваний,Отхаркивающие препараты. Муколитики.,"Муцитус 300 мг, №30, капс.",Macleods Pharmaceuticals Limited,Индия,3 635 ₸,https://europharma.kz/mucitus-300-mg-no30-kaps,2026-08-13 15:02:25
Лекарственные средства,Мужские препараты,Препараты для лечения урологических заболеваний. Препараты для лечения доброкачественной гипертрофии простаты. Альфа-адреноблокаторы. Тамсулозин,"Омник Окас 0,4 мг № 30 табл",Астеллас Фарма Юроп Б.В.,Нидерланды,13 432 ₸,https://europharma.kz/omnik-okas-04-mg-no-30-tabl,2026-08-13 15:02:26
Лекарственные средства,Лечение жкт,,Бускопан 10 мг № 20 табл п/сахар оболоч,Берингер Ингельхайм Итали,Италия,3 110 ₸,https://europharma.kz/buskopan-10-mg-no-20-tabl-psakhar-oboloch,2026-08-13 15:02:27
Лекарственные средства,Противогрибковые средства,Антисептики и противомикробные препараты для лечения гинекологических заболеваний (исключая комбинации с кортикостероидами). Натамицин.,Пимафуцин 100 мг № 3 вагин. суппозитории,Яманучи,Нидерланды,5 325 ₸,https://europharma.kz/pimafutsin-100-mg-no-3-vagin-suppozitorii,2026-08-13 15:02:28
Лекарственные средства,Лечение заболеваний опорно-двигательного аппарата,Другие препараты для местного лечения при заболеваниях опорно-двигательного аппарата.,Тримол мазь 25 гр,Аджанта Фарма ЛТД,Индия,1 820 ₸,https://europharma.kz/trimol-maz-25-gr,2026-08-13 15:02:29
Лекарственные средства,Рецептурные препараты,Плазмозамещающие и перфузионные растворы. Прочие ирригационные растворы.,"Глюкоза 400 мг/мл 10 мл №10,амп",Дальхимфарм ОАО,Беларусь,1 085 ₸,https://europharma.kz/glukoza-400-mgml-10-ml-no10amp,2026-08-13 15:02:30
Лекарственные средства,Кожные заболевания,,M&Z Farm Интерферон мазь 10 гр.,M&Z Farm,,755 ₸,https://europharma.kz/mz-farm-interferon-maz-10-gr,2026-08-13 15:02:31
Лекарственные средства,Антисептики,Противомикробные препараты для наружного применения. Сульфаниламиды.,Аргосульфан 2% 15 г крем в тубе,Jelfa A.O.,Польша,2 895 ₸,https://europharma.kz/argosulfan-2-15-g-krem-v-tube,2026-08-13 15:02:32
Лекарственные средства,Кожные заболевания,,M&Z Farm Интерфероновая мазь 6.5 гр,M&Z Farm,,715 ₸,https://europharma.kz/mz-farm-interferonovaya-maz-65-gr,2026-08-13 15:02:33
Лекарственные средства,Антисептики,,M&Z Farm Раствор метиленовый синий 2%-10 мл,M&Z Farm,,635 ₸,https://europharma.kz/mz-farm-rastvor-metilenovyy-siniy-2-10-ml,2026-08-13 15:02:36
Лекарственные средства,Антисептики,Антисептики и дезинфицирующие препараты. Бигуаниды и амидины.,"Мираксидин-DF 0,05% 100 мл раствор",Досфарм,Казахстан,1 130 ₸,https://europharma.kz/miraksidin-df-005-100-ml-rastvor,2026-08-13 15:02:37
Лекарственные средства,Антисептики,,M&Z Farm Раствор протаргола 2%- 10 мл,M&Z Farm,,605 ₸,https://europharma.kz/mz-farm-rastvor-protargola-2-10-ml,2026-08-13 15:02:38
Лекарственные средства,Лечение сердечно-сосудистых заболеваний,,Аторвастатин-Санто 40мг №30,Химфарм ФЗ АО,,3 795 ₸,https://europharma.kz/atorvastatin-santo-40mg-no30,2026-08-13 15:02:39
Лекарственные средства,Антисептики,,M&Z Farm Раствор метиленовый синий 1%-10 мл,M&Z Farm,,635 ₸,https://europharma.kz/mz-farm-rastvor-metilenovyy-siniy-1-10-ml,2026-08-13 15:02:40
Лекарственные средства,Лечение лор заболеваний,,"Тантум Верде 0,15% для местного применения 120 мл раствор",Азиенде Кимике Риуните Ан,Италия,4 195 ₸,https://europharma.kz/tantum-verde-015-dlya-mestnogo-primeneniya-120-ml-rastvor,2026-08-13 15:02:41
Лекарственные средства,Лечение артериального давления,Бета-адреноблокаторы. Бета-адреноблокаторы селективные.,"Конкор Кор 2,5 мг № 30 табл.",Nycomed Austria GmbH,Германия,2 190 ₸,https://europharma.kz/konkor-kor-25-mg-no-30-tabl,2026-08-13 15:02:44
Лекарственные средства,Антисептики,,Перекись водорода 3% 100 мл раствор,ТК Фарм Актобе ТОО,Казахстан,235 ₸,https://europharma.kz/perekis-vodoroda-3-100-ml-rastvor,2026-08-13 15:02:45
Лекарственные средства,Инъекционные растворы и ампулы,Анестетики. Анестетики местные. Амиды. Лидокаин,Лидокаина гидрохлорид DF 10% для местного применения 38 г спрей,Досфарм,Казахстан,4 155 ₸,https://europharma.kz/lidokaina-gidrokhlorid-df-10-dlya-mestnogo-primeneniya-38-g-sprey,2026-08-13 15:02:46
Лекарственные средства,Антибиотики,Антибактериальные препараты для системного использования. Амфениколы. Тиамфеникол в комбинации с другими препаратами.,Флуимуцил-антибиотик ИТ 500 мг № 3 лиофилизат д/пригот р-ра,Замбон Груп С.п.А.,Италия,10 430 ₸,https://europharma.kz/fluimutsil-antibiotik-it-500-mg-no-3-liofilizat-dprigot-r-ra,2026-08-13 15:02:47
Лекарственные средства,Лечение артериального давления,"Сердечно-сосудистая система. Препараты, влияющие на ренин-ангиотензиновую систему. Ангиотензин-конвертирующего фермента (АКФ) ингибиторы в комбинации с другими препаратами. АКФ ингибиторы в комбинации с другими диуретиками. Периндоприл в комбинации с диуретиками.","Стопресс Инда табл. 8 мг+2,5 мг №30",,,3 275 ₸,https://europharma.kz/stopress-inda-tabl-8-mg25-mg-no30,2026-08-13 15:02:48
Лекарственные средства,Антисептики,,M&Z Farm Раствор протаргола 1%- 10 мл,M&Z Farm,,635 ₸,https://europharma.kz/mz-farm-rastvor-protargola-1-10-ml,2026-08-13 15:02:49
Лекарственные средства,Лечение артериального давления,"Препараты для лечения заболеваний сердечно-сосудистой системы. Препараты, влияющие на систему ренин-ангиотензин. Ангиотензина II антагонистыв комбинации с другими препаратами. Ангиотензина II антагонисты, другие комбинации. Сакубитрил/валсартан.","Юперио 100 мг №28,табл",Novartis Pharma AG,Швейцария,18 533 ₸,https://europharma.kz/yuperio-100-mg-no28tabl,2026-08-13 15:02:50
Лекарственные средства,Антибиотики,Отхаркивающие препараты. Муколитики. Ацетилцистеин.,Флуимуцил раствор д/инъекций 100 мг/ мл 3 мл № 5 амп,Замбон Груп С.п.А.,Италия,3 905 ₸,https://europharma.kz/fluimutsil-rastvor-dinyektsiy-100-mg-ml-3-ml-no-5-amp,2026-08-13 15:02:51
Лекарственные средства,Лизобакт № 30 табл.д/рассасыв-я,Респираторная система. Препараты для лечения заболевания горла. Антисептики. Прочие препараты.,Лизобакт № 30 табл.д/рассасыв-я,Босналек АО,,2 845 ₸,https://europharma.kz/lizobakt-no-30-tabldrassasyv-ya,2026-08-13 15:02:52
Лекарственные средства,Жаропонижающие,"Нервная система. Анальгетики. Другие анальгетики антипиретики. Анилиды. Парацетомол, комбинация исключая психолептики.",Терафлю Макстаб № 12 табл,ГлаксоСмитКляйн Дангарван Лтд,Ирландия,1 610 ₸,https://europharma.kz/teraflyu-makstab-no-12-tabl,2026-08-13 15:02:54
Лекарственные средства,Антисептики,Антисептики и дезинфицирующие препараты. Бигуаниды и амидины.,"Мираксидин-DF 0,05% 50 мл, спрей",Досфарм,Казахстан,1 195 ₸,https://europharma.kz/miraksidin-df-005-50-ml-sprej,2026-08-13 15:02:56
Лекарственные средства,Для повышения иммунитета,Антинеопластические и иммуномодулирующие препараты. Иммуностимуляторы.,Полиоксидоний 12 мг № 10 табл,Петровакс Фарм НПО ООО,Россия,8 085 ₸,https://europharma.kz/polioksidoniy-12-mg-no-10-tabl,2026-08-13 15:02:59
Лекарственные средства,Лечение лор заболеваний,Антиконгестанты и другие препараты для местного применения.,Золотая звезда спрей для горла 15 мл,Данафа Фармасьютикал Джой,Вьетнам,2 770 ₸,https://europharma.kz/zolotaya-zvezda-sprey-dlya-gorla-15-ml,2026-08-13 15:03:02
Лекарственные средства,Лечение лор заболеваний,Препараты для лечения заболеваний уха.,Анауран 25 мл капли ушные во флаконах,Замбон Груп С.п.А.,Италия,4 855 ₸,https://europharma.kz/anauran-25-ml-kapli-ushnyye-vo-flakonakh,2026-08-13 15:03:06
Лекарственные средства,Лечение артериального давления,"Препараты для лечения заболеваний сердечно-сосудистой системы. Препараты, влияющие на систему ренин-ангиотензин. Ангиотензина II антагонистыв комбинации с другими препаратами. Ангиотензина II антагонисты, другие комбинации. Сакубитрил/валсартан.","Юперио 50 мг №28,табл",Novartis Pharma AG,Швейцария,16 770 ₸,https://europharma.kz/yuperio-50-mg-no28tabl,2026-08-13 15:03:08
Лекарственные средства,Женские препараты,,Лилайз Роза 5 мг № 10 суппозитории,Help S.A.,Греция,6 660 ₸,https://europharma.kz/lilayz-roza-5-mg-no-10-suppozitorii,2026-08-13 15:03:13
Лекарственные средства,Лечение артериального давления,,Периндоприл-Тева 5 мг № 30 табл п/о,Teva Pharmaceutical Works Private Limited Company,Германия,2 650 ₸,https://europharma.kz/perindopril-teva-5-mg-no-30-tabl-po,2026-08-13 15:03:14
Лекарственные средства,Лечение глаз,Органы чувств. Офтальмологические препараты. Противоглаукомные препараты и миотики. Бета-блокаторы. Тимолол в комбинации с другими препаратами.,Дорзопт Плюс 20 мг/мл+5 мг/мл 5 мл капли глазные,Ромфарм Компания СРЛ,Румыния,7 055 ₸,https://europharma.kz/dorzopt-plyus-20-mgml5-mgml-5-ml-kapli-glaznyye,2026-08-13 15:03:16
Лекарственные средства,Препараты урологии и гинекологии,"Препараты для лечения урологических заболеваний. Препараты для лечения урологических заболеваний, включая спазмолитики. Препараты для лечения нарушений эрекции. Силденафил.","Арпегра 100 мг, №10, табл.",Арпимед ООО,Армения,4 085 ₸,https://europharma.kz/arpegra-100-mg-no10-tabl,2026-08-13 15:03:18
Лекарственные средства,Анальгетики,"Костно-мышечная система. Противовоспалительные и противоревматические препараты. Противовоспалительные и противоревматические препараты, нестероидные. Уксуснойкислоты производные и родственные соединения. Кеторолак.",Кеторол Экспресс 10 мг № 20 табл п/плён оболоч,Dr.Reddy`s Laboratories L,Индия,1 355 ₸,https://europharma.kz/ketorol-ekspress-10-mg-no-20-tabl-pplen-oboloch,2026-08-13 15:03:19
Лекарственные средства,Антибиотики,Антибактериальные препараты для системного использования. Бета-лактамные антибактериальные препараты – Пенициллины. Пенициллины в комбинации с ингибиторами бета-лактамаз. Клавулановая кислота+амоксициллин.,Амоксиклав 625 мг № 15 табл п/плён оболоч,Сандоз Фармасьютикалс д.д.,Словения,4 725 ₸,https://europharma.kz/amoksiklav-625-mg-no-15-tabl-pplen-oboloch,2026-08-13 15:03:20
Лекарственные средства,Лечение артериального давления,Бета-адреноблокаторы. Бета-адреноблокаторы селективные.,Конкор для приема внутрь 10 мг № 30 табл п/плён оболоч,Nycomed Austria GmbH,Германия,4 300 ₸,https://europharma.kz/konkor-dlya-priyema-vnutr-10-mg-no-30-tabl-pplen-oboloch,2026-08-13 15:03:22
Лекарственные средства,Антисептики,Антисептики и дезинфицирующие препараты. Бигуаниды и амидины.,"Мираксидин-DF 0,05% 50 мл раствор",Досфарм,Казахстан,880 ₸,https://europharma.kz/miraksidin-df-005-50-ml-rastvor,2026-08-13 15:03:23
Лекарственные средства,Лечение лор заболеваний,,"Протаргол рино 15 мл спрей, ЭскоФарм ООО",ЭскоФарм ООО,,2 000 ₸,https://europharma.kz/protargol-rino-15-ml-sprey-eskofarm-ooo,2026-08-13 15:03:24
Лекарственные средства,Антисептики,Прочие антисептики и дезинфицирующие препараты.,Перекись водорода-DF 3% 100 мл спрей,Досфарм,Казахстан,625 ₸,https://europharma.kz/perekis-vodoroda-df-3-100-ml-sprey,2026-08-13 15:03:27
Лекарственные средства,Женские препараты,Мочеполовая система и половые гормоны. Другиепрепараты для лечениягинекологических заболеваний. Цимицифуги корневища.,Климадинон № 60 табл покрытые оболочкой,Bionorica AG,Германия,5 565 ₸,https://europharma.kz/klimadinon-no-60-tabl-pokrytyye-obolochkoy,2026-08-13 15:03:28
Лекарственные средства,Антисептики,Антисептики и дезинфицирующие препараты. Бигуаниды и амидины.,"Мираксидин-DF 0,05% 100 мл, спрей",Досфарм,Казахстан,1 555 ₸,https://europharma.kz/miraksidin-df-005-100-ml-sprej,2026-08-13 15:03:29
Лекарственные средства,Лечение жкт,,Пантасан 40 мг № 30 табл,Сан Фарма,Индия,4 865 ₸,https://europharma.kz/pantasan-40-mg-no-30-tabl,2026-08-13 15:03:30
Лекарственные средства,Анальгетики,Нестероидные противовоспалительные средства. Пропионовой кислоты производные. Кетопрофен.,Кетонал 50 мг № 25 капс,Сандоз Фармасьютикалс д.д.,Словения,3 435 ₸,https://europharma.kz/ketonal-50-mg-no-25-kaps,2026-08-13 15:03:31
Лекарственные средства,Противоастматические препараты,Прочие ингаляционные препараты для лечения обструктивных заболеваний дыхательных путей.,"Симбикорт Турбухалер 160/4,5 мкг/доза 60 доз порошок для ингаляций дозированный",АстраЗенека,Швеция,13 585 ₸,https://europharma.kz/simbikort-turbukhaler-16045-mkgdoza-60-doz-poroshok-dlya-ingalyatsiy-dozirovannyy,2026-08-13 15:03:32
Лекарственные средства,Ринофлуимуцил 10 мл № 1 спрей,Антиконгестанты и другие назальные препараты для местного применения. Симпатомиметики в комбинации с другими препаратами (исключая кортикостероиды).,Ринофлуимуцил 10 мл № 1 спрей,Замбон Груп С.п.А.,Италия,4 850 ₸,https://europharma.kz/rinofluimutsil-10-ml-no-1-sprey,2026-08-13 15:03:33
Лекарственные средства,Противокашлевые препараты,,Флуимуцил 600 мг № 10 шипуч табл,Замбон Груп С.п.А.,Италия,5 865 ₸,https://europharma.kz/fluimutsil-600-mg-no-10-shipuch-tabl,2026-08-13 15:03:34
Лекарственные средства,Антисептики,,"Спасатель форте 30 гр, бальзам",Альфа Интел,Польша,2 295 ₸,https://europharma.kz/spasatel-forte-30-gr-balzam,2026-08-13 15:03:35
Лекарственные средства,Лечение заболеваний опорно-двигательного аппарата,,"Феброфид 2,5% 50 гр гель для наружного применения",Медана Фарма АО,Польша,3 125 ₸,https://europharma.kz/febrofid-25-50-gr-gel-dlya-naruzhnogo-primeneniya,2026-08-13 15:03:36
Лекарственные средства,Лечение неврологических нарушений,,"Милдронат 100мг/мл 10,0 №5 ампулы",ХБМ Фарма с.р.о,,10 480 ₸,https://europharma.kz/mildronat-100mgml-100-no5-ampuly,2026-08-13 15:03:37
Лекарственные средства,Антисептики,,M&Z Farm Борная кислота 50 гр,M&Z Farm,,775 ₸,https://europharma.kz/mz-farm-bornaya-kislota-50-gr,2026-08-13 15:03:38
Лекарственные средства,Препараты урологии и гинекологии,Другие антибактериальные препараты. Производные имидазола.Орнидазол.,Дазолик 500 мг № 50 табл,Сан Фарма,Индия,15 365 ₸,https://europharma.kz/dazolik-500-mg-no-50-tabl,2026-08-13 15:03:39
Лекарственные средства,Лечение лор заболеваний,,"Бромгексин 8 мг, №50, табл.",Борисовский завод медицинских препаратов ОАО,Беларусь,270 ₸,https://europharma.kz/bromgeksin-8-mg-no50-tabl-3,2026-08-13 15:03:40
Лекарственные средства,Лечение жкт,Противоязвенные препараты и препараты для лечения гастроэзофагеального рефлюкса (GORD). Ингибиторы протонового насоса. Эзомепразол.,Нексиум 40 мг № 14 табл покрытые оболочкой,АстраЗенека,Швеция,7 890 ₸,https://europharma.kz/neksium-40-mg-no-14-tabl-pokrytyye-obolochkoy,2026-08-13 15:03:41
Лекарственные средства,Лечение лор заболеваний,,Аквалор Актив Софт 150 мл,"Аурена Лабораториес АБ, Швеция",,7 459 ₸,https://europharma.kz/akvalor-aktiv-soft-150-ml,2026-08-13 15:03:42
Лекарственные средства,Лечение лор заболеваний,,Аквалор АКТИВ Форте 150 мл,"Аурена Лабораториес АБ, Швеция",,5 080 ₸,https://europharma.kz/akvalor-aktiv-forte-150-ml,2026-08-13 15:03:43
Лекарственные средства,Лечение артериального давления,"Сердечно-сосудистая система. Препараты, влияющие на ренин-ангиотензиновую систему. Ангиотензин-конвертирующего фермента (АКФ) ингибиторы, простые. Фозиноприл.",Фозиноприл-Тева 10мг №28 табл,Zdravle A.D. (SERBIA),,2 695 ₸,https://europharma.kz/fozinopril-teva-10mg-no28-tabl,2026-08-13 15:03:44
Лекарственные средства,Лечение жкт,,Нормобакт Форте 12 млрд №10,,,6 825 ₸,https://europharma.kz/normobakt-forte-12-mlrd-no10,2026-08-13 15:03:45
Лекарственные средства,Лечение жкт,Противоязвенные препараты и препараты для лечения гастроэзофагеального рефлюкса (GORD). Ингибиторы протонового насоса. Эзомепразол.,Нексиум 20 мг № 14 табл покрытые оболочкой,АстраЗенека,Швеция,6 285 ₸,https://europharma.kz/neksium-20-mg-no-14-tabl-pokrytyye-obolochkoy,2026-08-13 15:03:46
Лекарственные средства,Слабительные препараты,Контактные слабительные. Бисакодил.,Дульколакс 5 мг № 30 табл п/сахар оболоч,Берингер Ингельхайм Итали,Италия,5 995 ₸,https://europharma.kz/dulkolaks-5-mg-no-30-tabl-psakhar-oboloch,2026-08-13 15:03:47
Лекарственные средства,Супрадин Кидс мишки № 60 жев.конфеты,,Супрадин Кидс мишки № 60 жев.конфеты,"Байер, АГ",Германия,9 495 ₸,https://europharma.kz/supradin-kids-mishki-no-60-zhevkonfety,2026-08-13 15:03:48
Лекарственные средства,Лечение лор заболеваний,,Вернисал 30 мл №1 спрей местн. флак.,"""Уорлд Медицин Илач Сан. ве Тидж. А.Ш.""",,3 920 ₸,https://europharma.kz/vernisal-30-ml-no1-sprey-mestn-flak,2026-08-13 15:03:49
Лекарственные средства,Лечение заболеваний опорно-двигательного аппарата,Нестероидные противовоспалительные препараты для наружного применения.,"Феброфид 30 гр, гель",Полфарма,Польша,2 825 ₸,https://europharma.kz/febrofid-30-gr-gel,2026-08-13 15:03:50
Лекарственные средства,Лечение жкт,"Пищеварительный тракт и обмен веществ. Препараты для лечения заболеваний, связанных с нарушением кислотности. Антациды. Препараты алюминия. Комбинация препаратов алюминия",Алмагель-А 170 мл суспензия для приема внутрь,Actavis,Исландия,3 905 ₸,https://europharma.kz/almagel-a-170-ml-suspenziya-dlya-priyema-vnutr,2026-08-13 15:03:51
Лекарственные средства,Лечение заболеваний мочеполовой системы,Препараты для лечения доброкачественной гипертрофии простаты. Альфа-адреноблокаторы. Силодозин.,Урорек 8 мг № 30 капс,Recordati Industria Chimica e Farmaceutica S.P..//,Италия,8 510 ₸,https://europharma.kz/urorek-8-mg-no-30-kaps,2026-08-13 15:03:52
Лекарственные средства,Лечение лор заболеваний,,ДЕФЛЮ ЗАЩИТА НОС 10 г гель,Дельта Медикел Промоушнз АГ,,2 739 ₸,https://europharma.kz/deflyu-zashchita-nos-10-g-gel,2026-08-13 15:03:53
Лекарственные средства,Антисептики,,M&Z Farm Борная кислота 100гр,M&Z Farm,,1 265 ₸,https://europharma.kz/mz-farm-bornaya-kislota-100gr,2026-08-13 15:03:54
Лекарственные средства,Анальгетики,Нестероидные противовоспалительные средства. Пропионовой кислоты производные. Кетопрофен.,Кетонал 100 мг/2 мл № 10 р-р для инъекций,Сандоз Фармасьютикалс д.д.,Словения,5 850 ₸,https://europharma.kz/ketonal-100-mg2-ml-no-10-r-r-dlya-inyektsiy,2026-08-13 15:03:55
Лекарственные средства,Гинекологические препараты,Контрацептивное средство для местного применения.,"Фарматекс 18,9 мг, №10, ваг. свечи",Иннотера Шузи,Франция,5 280 ₸,https://europharma.kz/farmateks-189-mg-no10-vag-svechi,2026-08-13 15:03:56
Лекарственные средства,Лечение лор заболеваний,Прочие препараты для местного применения при заболеваниях полости рта,Камистад N 10 гр гель,Stada Arzneimittel AG,Германия,4 260 ₸,https://europharma.kz/kamistad-n-10-gr-gel,2026-08-13 15:03:59
Лекарственные средства,Лечение заболеваний опорно-двигательного аппарата,Нестероидные противовоспалительные препараты. Оксикамы. Теноксикам.,Тексикам с раст-лем 20 мг № 1 порошок для приготовления раствора для инъекций,Анфарм Эллас А.О,Греция,2 110 ₸,https://europharma.kz/teksikam-s-rast-lem-20-mg-no-1-poroshok-dlya-prigotovleniya-rastvora-dlya-inyektsiy,2026-08-13 15:04:00
Лекарственные средства,Антисептики,Антисептики и дезинфицирующие препараты прочие,Перекись водорода-DF 100 мл раствор,Досфарм,Казахстан,280 ₸,https://europharma.kz/perekis-vodoroda-df-100-ml-rastvor,2026-08-13 15:04:01
Лекарственные средства,Лечение артериального давления,"Препараты, влияющие на систему ренин-ангиотензин.","Каптоприл Штада 12,5 мг, №30, табл.",Нижфарм ОАО,Германия,1 900 ₸,https://europharma.kz/kaptopril-stada-125-mg-no30-tabl,2026-08-13 15:04:02
Лекарственные средства,Женские препараты,Прочие препараты. Другие терапевтические препараты все. Другие лекарственные препараты,Мастодинон № 60 табл.,Bionorica AG,Германия,6 640 ₸,https://europharma.kz/mastodinon-no-60-tabl,2026-08-13 15:04:04
Лекарственные средства,Гербион первоцвета 150 мл сироп,Препараты для устранения симптомов простуды и кашля. Отхаркивающие препараты. Комбинация отхаркивающих препаратов,Гербион первоцвета 150 мл сироп,KRKA d.d.,Словения,3 200 ₸,https://europharma.kz/gerbion-pervotsveta-150-ml-sirop,2026-08-13 15:04:05
Лекарственные средства,От паразитов,Антигельминтные препараты. Тетрагидропиримидина производные. Пирантел.,Пирантел 250 мг/5 мл 15 мл суспензия для приема внутрь,Медана Фарма АО,Польша,1 210 ₸,https://europharma.kz/pirantel-250-mg5-ml-15-ml-suspenziya-dlya-priyema-vnutr,2026-08-13 15:04:06
Лекарственные средства,Противовоспалительные средства,Противовоспалительные и противоревматические препараты. Нестероидные противовоспалительные препараты.,Этодин СР 600мг №10 табл,Нобел АФФ,Казахстан,2 196 ₸,https://europharma.kz/etodin-sr-600mg-no10-tabl,2026-08-13 15:04:07
Лекарственные средства,Лечение артериального давления,Ангиотензина II антагонисты в комбинации с другими препаратами. Ангиотензина II антагонисты в комбинации с диуретиками. Телмисартан и диуретики.,"Микардис Плюс 80 мг/12,5 мг № 28 табл",Берингер Ингельхайм Фарма ГмбХ и Ко.КГ,Греция,3 830 ₸,https://europharma.kz/mikardis-plyus-80-mg125-mg-no-28-tabl,2026-08-13 15:04:08
Лекарственные средства,Кожные заболевания,Кортикостероиды для системного использования. Глюкокортикостероиды. Преднизолон.,Преднизолон 5 мг № 60 табл,Биосинтез ОАО,Россия,810 ₸,https://europharma.kz/prednizolon-5-mg-no-60-tabl,2026-08-13 15:04:09
Лекарственные средства,Лечение лор заболеваний,Препараты для лечения заболеваний опорно-двигательного аппарата другие. Ферментные препараты.,Серрата 10 мг № 150 табл,Кусум Хелтхер,Индия,14 870 ₸,https://europharma.kz/serrata-10-mg-no-150-tabl,2026-08-13 15:04:10
Лекарственные средства,Антибиотики,"Антибактериальные препараты для системного использования. Макролиды, линкозамиды и стрептограмины. Макролиды. Азитромицин.",Зитмак 250 мг № 6 табл п/плён оболоч,Нобел АФФ,Казахстан,4 880 ₸,https://europharma.kz/zitmak-250-mg-no-6-tabl-pplen-oboloch,2026-08-13 15:04:11
Лекарственные средства,Лечение неврологических нарушений,,Витасон № 30 табл.,Claus Marsh,США,5 960 ₸,https://europharma.kz/vitason-no-30-tabl,2026-08-13 15:04:13
Лекарственные средства,Антибиотики,Антибактериальные препараты для системного использования. Бета-лактамные антибактериальные препараты – Пенициллины. Пенициллины в комбинации с ингибиторами бета-лактамаз. Клавулановая кислота+амоксициллин.,"Амоксиклав 312,5 мг/5 мл 100мл порошок для пригот. сусп.",Сандоз Фармасьютикалс д.д.,Словения,4 125 ₸,https://europharma.kz/amoksiklav-3125-mg5-ml-100ml-poroshok-dlya-prigot-susp,2026-08-13 15:04:16
Лекарственные средства,Женские препараты,Прочие препараты. Другие терапевтические препараты все. Другие лекарственные препараты,Мастодинон для приема внутрь 100 мл капли,Bionorica AG,Германия,8 170 ₸,https://europharma.kz/mastodinon-dlya-priyema-vnutr-100-ml-kapli,2026-08-13 15:04:17
Лекарственные средства,Лечение лор заболеваний,"Респираторная система. Препараты, применяемые при кашле и простудных заболеваниях. Экспекторанты, исключая комбинации с подавляющими кашель. Отхаркивающие препараты. Комбинация отхаркивающих препаратов.",Синупрет форте № 20 табл покрытые оболочкой,Bionorica AG,Германия,4 780 ₸,https://europharma.kz/sinupret-forte-no-20-tabl-pokrytyye-obolochkoy,2026-08-13 15:04:19
Лекарственные средства,Кожные заболевания,,M&Z Farm Квасцы Жжёные(алюмокалиевые)-10 гр (в пакете),M&Z Farm,,400 ₸,https://europharma.kz/mz-farm-kvastsy-zhzhenyyealyumokaliyevyye-10-gr-v-pakete,2026-08-13 15:04:20
Лекарственные средства,Лечение заболеваний мочеполовой системы,Препараты для лечения доброкачественной гипертрофии простаты. Альфа-адреноблокаторы. Силодозин.,Урорек 4 мг № 30 капс,Recordati Industria Chimica e Farmaceutica S.P..//,Италия,7 585 ₸,https://europharma.kz/urorek-4-mg-no-30-kaps,2026-08-13 15:04:21
Лекарственные средства,Лечение жкт,,Био-Гая пробиот для приема внутрь 5 мл капли,BioGaia AB,Швеция,8 470 ₸,https://europharma.kz/bio-gaya-probiot-dlya-priyema-vnutr-5-ml-kapli,2026-08-13 15:04:22
Лекарственные средства,Лечение лор заболеваний,,Лизобакт® Дуо №20 табл.д/рассас.,Босналек АО,,2 700 ₸,https://europharma.kz/lizobakt-duo-no20-tabldrassas,2026-08-13 15:04:23
Лекарственные средства,Кожные заболевания,,"Дексаметазон 0,5 мг, №10, табл.",КРКА д.д Ново Место,Словения,1 025 ₸,https://europharma.kz/deksametazon-05-mg-no10-tabl,2026-08-13 15:04:24
Лекарственные средства,Лечение жкт,,Алмагель-А Саше №10,Actavis,Исландия,3 575 ₸,https://europharma.kz/almagel-a-sashe-no10,2026-08-13 15:04:25
Лекарственные средства,Лечение жкт,"Препараты для лечения заболеваний, связанных с нарушением кислотности. Противоязвенные препараты и препараты для лечения гастроэзофагеального рефлюкса. Ингибиторы протонного насоса. Пантопразол",Пантоспей 20 мг № 28 табл,Laboratorios Normon S.A,Испания,3 235 ₸,https://europharma.kz/pantospey-20-mg-no-28-tabl,2026-08-13 15:04:26
Лекарственные средства,Противокашлевые препараты,"Респираторная система. Препараты, применяемые при кашле и простудных заболеваниях. Экспекторанты, исключая комбинации с подавляющими кашель. Отхаркивающие препараты. Комбинация отхаркивающих препаратов.",Бронхипрет 50 мл сироп,Bionorica AG,Германия,2 625 ₸,https://europharma.kz/bronkhipret-50-ml-sirop,2026-08-13 15:04:27
Лекарственные средства,Лечение артериального давления,"Препараты, влияющие на систему ренин-ангиотензин.",Каптоприл Штада 50 мг № 30 табл,Нижфарм ОАО,Германия,2 655 ₸,https://europharma.kz/kaptopril-shtada-50-mg-no-30-tabl,2026-08-13 15:04:28
Лекарственные средства,Лечение жкт,,ЛактоБаланс мультипробиотик 378 мг №7 капс,ООО «В-МИН+» РФ,,3 740 ₸,https://europharma.kz/laktobalans-multiprobiotik-378-mg-no7-kaps,2026-08-13 15:04:29
Лекарственные средства,Кожные заболевания,,"M&Z Farm Цинковая мазь 10%-30,0гр",M&Z Farm,,635 ₸,https://europharma.kz/mz-farm-tsinkovaya-maz-10-300gr,2026-08-13 15:04:30
Лекарственные средства,Инъекционные растворы и ампулы,Противомикробные препараты для системного применения. Цефалоспорины первого поколения. Цефазолин.,Цефазолина натриевая соль 1 гр № 1 порошок для приготовления раствора для инъекций,Химфарм ФЗ АО,Казахстан,385 ₸,https://europharma.kz/tsefazolina-natriyevaya-sol-1-gr-no-1-poroshok-dlya-prigotovleniya-rastvora-dlya-inyektsiy,2026-08-13 15:04:31
Лекарственные средства,Лечение лор заболеваний,Препараты для устранения симптомов простуды и кашля.,Линкас сироп 120 мл,Хербион,Пакистан,1 890 ₸,https://europharma.kz/linkas-sirop-120-ml,2026-08-13 15:04:32
Лекарственные средства,Антибиотики,,"АЗИТРОМИЦИН АВЕКСИМА 0,25 N6 ТАБЛ П/О","АОА ""Ирбитский химфарзавод"" (Россия).",,1 195 ₸,https://europharma.kz/azitromitsin-aveksima-025-n6-tabl-po,2026-08-13 15:04:33
Лекарственные средства,Гинекологические препараты,,Перрегина вагинальные суппозитории 2 гр № 10 шт,"Pharmaluce S.r.l.,Strada delle Seriole",Сан - марино,7 705 ₸,https://europharma.kz/perregina-vaginalnyye-suppozitorii-2-gr-no-10-sht,2026-08-13 15:04:36
Лекарственные средства,Антибиотики,"Противомикробные препараты для системного использования. Макролиды, линкозамиды и стрептограмины. Макролиды. Азитромицин.",Сумамед 500 мг № 3 табл диспер,Pliva Hrvatska d.o.o.,Хорватия,7 086 ₸,https://europharma.kz/sumamed-500-mg-no-3-tabl-disper,2026-08-13 15:04:37
Лекарственные средства,Инъекционные растворы и ампулы,,Демотон-Д в/в амп. №1,DEMO S.A. Pharmaceutical Греция,,4 405 ₸,https://europharma.kz/demoton-d-vv-amp-no1,2026-08-13 15:04:38
Лекарственные средства,Лечение глаз,Прочие препараты для лечения заболеваний глаз,Таурин DF 4% 10 мл капли глазные,Досфарм,Казахстан,495 ₸,https://europharma.kz/taurin-df-4-10-ml-kapli-glaznyye,2026-08-13 15:04:39
Лекарственные средства,Женские препараты,,"Гиадеваль 2,7 г № 10 суппозитории",Innate srl,Италия,7 355 ₸,https://europharma.kz/giadeval-27-g-no-10-suppozitorii,2026-08-13 15:04:40
Лекарственные средства,Лечение лор заболеваний,"Респираторная система. Препараты, применяемые при кашле и при простудных заболеваниях. Экспекторанты, исключая комбинации с подавляющими кашель. Отхаркивающие препараты. Комбинация отхаркивающих препаратов.",Синупрет экстракт № 20 табл покрытые оболочкой,Bionorica AG,Германия,6 660 ₸,https://europharma.kz/sinupret-ekstrakt-no-20-tabl-pokrytyye-obolochkoy,2026-08-13 15:04:41
Лекарственные средства,Препараты урологии и гинекологии,,Вагилак Проледи № 15 капс,Ядран-Галенски Лабораторий а.о.,Хорватия,7 625 ₸,https://europharma.kz/vagilak-proledi-no-15-kaps,2026-08-13 15:04:42
Лекарственные средства,Женские препараты,Мочеполовая система и половые гормоны. Другие препараты для лечения гинекологических заболеваний. Другие препараты для лечения гинекологических заболеваний.,Циклодинон № 30 табл покрытые оболочкой,Bionorica AG,Германия,5 440 ₸,https://europharma.kz/tsiklodinon-no-30-tabl-pokrytyye-obolochkoy,2026-08-13 15:04:43
Лекарственные средства,Лечение головного кровооброщения,Препараты для лечения заболеваний нервной системы другие. Препараты для лечения заболеваний нервной системы прочие.,Мексидол 125 мг № 30 табл п/плён оболоч,"ЗАО ""ЗиО-Здоровье"" для ОО",Россия,2 570 ₸,https://europharma.kz/meksidol-125-mg-no-30-tabl-pplen-oboloch,2026-08-13 15:04:44
Лекарственные средства,M&Z Farm Магния сульфат 100гр,,M&Z Farm Магния сульфат 100гр,M&Z Farm,,575 ₸,https://europharma.kz/mz-farm-magniya-sulfat-100gr,2026-08-13 15:04:45
Лекарственные средства,"Гелисал 27,78 мг/5 мл 100 мл сироп",,"Гелисал 27,78 мг/5 мл 100 мл сироп",Медана Фарма АО,Польша,2 990 ₸,https://europharma.kz/gelisal-2778-mg5-ml-100-ml-sirop,2026-08-13 15:04:46
Лекарственные средства,Мужские препараты,Прочие препараты для лечения доброкачественной гипертрофии простаты.,"Химплазия №30, табл.",Хималал ДЭ,Индия,4 855 ₸,https://europharma.kz/himplazia-no30-tabl,2026-08-13 15:04:47
Лекарственные средства,Анальгетики,"Костно-мышечная система. Противовоспалительные и противоревматические препараты. Противовоспалительные и противоревматические препараты, нестероидные. Уксусной кислоты производные и родственные соединения. Диклофенак.",Диклофенак-ратиофарм 75 мг/2 мл № 5 амп,Меркле ГмбХ,Германия,4 170 ₸,https://europharma.kz/diklofenak-ratiofarm-75-mg2-ml-no-5-amp,2026-08-13 15:04:48
Лекарственные средства,Лечение артериального давления,Бета-адреноблокаторы селективные. Небиволол.,Небилет 5 мг № 28 табл,Берлин-Хеми АГ (Менарини,Германия,2 926 ₸,https://europharma.kz/nebilet-5-mg-no-28-tabl,2026-08-13 15:04:49
Лекарственные средства,Анальгетики,,Ибуфен 100 мг/ 5 мл 100 мл суспензия для приема внутрь,Медана Фарма АО,Польша,2 630 ₸,https://europharma.kz/ibufen-100-mg-5-ml-100-ml-suspenziya-dlya-priyema-vnutr,2026-08-13 15:04:50
Лекарственные средства,Лечение лор заболеваний,Респираторная система. Препараты для лечения заболеваний горла. Антисептики. Прочие препараты,Декатилен № 20 табл,Acino Pharma AG,Израиль,5 165 ₸,https://europharma.kz/dekatilen-no-20-tabl,2026-08-13 15:04:51
Лекарственные средства,Антибиотики,"Антибактериальные препараты для системного использования. Макролиды, линкозамиды и стрептограмины. Макролиды. Азитромицин.",Зитмак 200мг/5мл 30мл порошок для пригот. сусп.,Нобел АФФ,Казахстан,4 680 ₸,https://europharma.kz/zitmak-200mg5ml-30ml-poroshok-dlya-prigot-susp,2026-08-13 15:04:52
Лекарственные средства,Пробиотики и пребиотики,,"Био-Гая ОРС №7, порошок для пригот. сусп.",BioGaia AB,Испания,7 555 ₸,https://europharma.kz/bio-gaya-ors-no7-poroshok-dlya-prigot-susp,2026-08-13 15:04:53
Лекарственные средства,Пробиотики и пребиотики,,НБЛ АТП пробиотик № 20 саше,Нобел АФФ,Казахстан,5 020 ₸,https://europharma.kz/nbl-atp-probiotik-no-20-sashe,2026-08-13 15:04:54
Лекарственные средства,Антибиотики,"Антибактериальные препараты для системного использования. Макролиды, линкозамиды и стрептограмины. Макролиды. Азитромицин.",Зитмак 125 мг № 6 табл п/плён оболоч,Нобел АФФ,Казахстан,3 410 ₸,https://europharma.kz/zitmak-125-mg-no-6-tabl-pplen-oboloch,2026-08-13 15:04:55
Лекарственные средства,Средства от аллергии,,Поллезин 5мг №14 таб покрытае пленочной оболочкой ОТС,,Венгрия,3 905 ₸,https://europharma.kz/pollezin-5mg-no14-tab-pokrytaye-plenochnoy-obolochkoy-ots,2026-08-13 15:04:56
Лекарственные средства,Анальгетики,,Ибуфен Ультра 200 мг № 10 капс,Медана Фарма АО,Польша,1 645 ₸,https://europharma.kz/ibufen-ultra-200-mg-no-10-kaps,2026-08-13 15:04:57
Лекарственные средства,Лечение заболеваний опорно-двигательного аппарата,,Артра MСM № 60 табл п/плён оболоч,Unipharm Inc,США,12 780 ₸,https://europharma.kz/artra-msm-no-60-tabl-pplen-oboloch,2026-08-13 15:04:58
Лекарственные средства,Лечение глаз,Препараты для лечения заболеваний глаз. Противомикробные препараты. Сульфонамиды.,Сульфацил натрия-DF (Альбуцид) 30% 10 мл капли глазные,Досфарм,Казахстан,715 ₸,https://europharma.kz/sulfatsil-natriya-df-albutsid-30-10-ml-kapli-glaznyye,2026-08-13 15:04:59
Лекарственные средства,Лечение лор заболеваний,,"Шалфей №12, пастилки",Natur Produkt,Франция,1 355 ₸,https://europharma.kz/shalfey-no12-pastilki,2026-08-13 15:05:00
Лекарственные средства,Антибиотики,"Антибактериальные препараты для системного использования. Макролиды, линкозамиды и стрептограмины. Макролиды. Азитромицин.",Зитмак 200мг/5мл 15 мл порошок для пригот. сусп.,Нобел АФФ,Казахстан,4 245 ₸,https://europharma.kz/zitmak-200mg5ml-15-ml-poroshok-dlya-prigot-susp,2026-08-13 15:05:01
Лекарственные средства,Гормональные препараты,Кортикостероиды для системного использования. Глюкокортикостероиды.,"Кеналог 40 мг, 1 мл, №5, амп.",KRKA d.d.,Словения,6 531 ₸,https://europharma.kz/kenalog-40-mg-1-ml-no5-amp,2026-08-13 15:05:02
Лекарственные средства,Противовоспалительные средства,,Цефуроксим 750 мг №5,,Казахстан,4 390 ₸,https://europharma.kz/tsefuroksim-750-mg-no5,2026-08-13 15:05:04
Лекарственные средства,Мужские препараты,"Препараты для лечения урологических заболеваний. Другие препараты для лечения урологических заболеваний, включая спазмолитики. Препараты для лечения нарушений эрекции. Силденафил",Синегра 50 мг № 1 табл п/плён оболоч,Нобел АФФ,Казахстан,2 570 ₸,https://europharma.kz/sinegra-50-mg-no-1-tabl-pplen-oboloch,2026-08-13 15:05:05
Лекарственные средства,Лечение глаз,Препараты для лечения заболеваний глаз. Противомикробные препараты. Сульфонамиды.,Сульфацил натрия-DF (Альбуцид) 20% 10 мл капли глазные,Досфарм,Казахстан,555 ₸,https://europharma.kz/sulfatsil-natriya-df-albutsid-20-10-ml-kapli-glaznyye,2026-08-13 15:05:06
Лекарственные средства,Лечение лор заболеваний,,"Риноцил (2,5мг/0,25мг)/1мл 15мл капли назальные","ООО""Рубикон""",,4 530 ₸,https://europharma.kz/rinotsil-25mg025mg1ml-15ml-kapli-nazalnyye,2026-08-13 15:05:09
Лекарственные средства,Лечение жкт,Препараты для лечения функциональных расстройств ЖКТ,Иберогаст для приема внутрь 20 мл капли,Штайгервальд Арцнаймиттел,Германия,3 845 ₸,https://europharma.kz/iberogast-dlya-priyema-vnutr-20-ml-kapli,2026-08-13 15:05:10
Лекарственные средства,Лечение жкт,Препараты для лечения функциональных расстройств кишечника. Стимуляторы моторики ЖКТ.,Мотинорм 10 мг № 30 табл,Медлей Фармасьютикалз Лтд,Индия,3 230 ₸,https://europharma.kz/motinorm-10-mg-no-30-tabl,2026-08-13 15:05:11
Лекарственные средства,Гормональные препараты,,"ФЛУТЕЛ-Ф 27,5 МКГ/ДОЗА 120 ДОЗ СПРЕЙ НАЗ",Уорлд Медицин Илач Сан.Ве Тидж.А.Ш. (Турция),,4 840 ₸,https://europharma.kz/flutel-f-275-mkgdoza-120-doz-sprey-naz,2026-08-13 15:05:12
Лекарственные средства,Антибиотики,"Противовирусные препараты для системного применения прямого действия, нуклеозиды и нуклеотиды.",Ациклостад 200 мг № 25 табл.,Stada Arzneimittel AG,Германия,3 960 ₸,https://europharma.kz/atsiklostad-200-mg-no-25-tabl,2026-08-13 15:05:13
Лекарственные средства,Лечение сердечно-сосудистых заболеваний,Гиполипидемические препараты. HMG CоА редуктазы ингибиторы.,"Ультрокс 10 мг, №14, табл.",Нобел АФФ,Казахстан,3 124 ₸,https://europharma.kz/ultroks-10-mg-no14-tabl,2026-08-13 15:05:14
Лекарственные средства,Лечение лор заболеваний,,"Риноцил(2,5мг/0,25мг)/1мл 10 спрей назальный","ООО""Рубикон""",,4 855 ₸,https://europharma.kz/rinotsil25mg025mg1ml-10-sprey-nazalnyy,2026-08-13 15:05:15
Лекарственные средства,Лечение заболеваний опорно-двигательного аппарата,Препараты для лечения заболеваний опорно-двигательного аппарата прочие.,Алфлутоп 1 мл № 10 амп,Биотехнос С.А.,Румыния,14 595 ₸,https://europharma.kz/alflutop-1-ml-no-10-amp,2026-08-13 15:05:16
Лекарственные средства,Жаропонижающие,Костно-мышечная система. Противовоспалительные и,"ИБУФЕН, 400 мг, №50 таблетки","АО «Химфарм», Республика Казахстан, г. Шымкент, у",,3 975 ₸,https://europharma.kz/ibufen-400-mg-no50-tabletki,2026-08-13 15:05:17
Лекарственные средства,Противовирусные препараты,Противовирусные препараты прямого действия. Противовирусные препараты прочие.,Гроприносин 500 мг № 20 табл,Гедеон Рихтер ОАО,Польша,3 625 ₸,https://europharma.kz/groprinosin-500-mg-no-20-tabl,2026-08-13 15:05:18
Лекарственные средства,Лечение сердечно-сосудистых заболеваний,Гиполипидемические препараты. HMG CоА редуктазы ингибиторы.,"Ультрокс 20 мг, №14, табл.",Нобел АФФ,Казахстан,4 643 ₸,https://europharma.kz/ultroks-20-mg-no14-tabl,2026-08-13 15:05:19
Лекарственные средства,Антибиотики,"Противоинфекционные препараты для системного применения. Антибактериальные препараты для системного применения. Макролиды, линкозамиды и стрептограмины. Макролиды. Кларитромицин.","Клабел 250 мг, №14, табл.",Нобел АФФ,Казахстан,3 955 ₸,https://europharma.kz/klabel-250-mg-no14-tabl,2026-08-13 15:05:20
Лекарственные средства,Антибиотики,Антибактериальные препараты для системного использования. Бета-лактамные антибактериальные препараты прочие. Цефалоспорины второго поколения. Цефуроксим.,Зиннат 500 мг № 10 табл п/плён оболоч,Сандоз Фармасьютикалс д.д.,Великобритания,5 495 ₸,https://europharma.kz/zinnat-500-mg-no-10-tabl-pplen-oboloch,2026-08-13 15:05:21
Лекарственные средства,Лечение печени,"Пищеварительный тракт и обмен веществ. Препараты для лечения заболеваний печени и желчевыводящих путей. Препараты для лечения заболеваний печени, липотропные препараты. Препараты для лечения заболеваний печени.",Гепабене 275/50 мг № 30 капс,Ратиофарм ГмбХ,Германия,5 240 ₸,https://europharma.kz/gepabene-27550-mg-no-30-kaps,2026-08-13 15:05:22
Лекарственные средства,Антисептики,Антисептики и дезинфицирующие препараты прочие. Этанол.,Спирт этиловый DF 70% 50 мл спрей,Досфарм,Казахстан,820 ₸,https://europharma.kz/spirt-etilovyy-df-70-50-ml-sprey,2026-08-13 15:05:23
Лекарственные средства,Лечение глаз,Прочие препараты для лечения заболеваний глаз. Декспантенол,Корнерегель 5% 10 гр гл. гель,Д-р Герхард Манн Химико-Фармацевтическое предприят,Германия,7 115 ₸,https://europharma.kz/korneregel-5-10-gr-gl-gel,2026-08-13 15:05:24
Лекарственные средства,Лечение сердечно-сосудистых заболеваний,,"Гепариновая 25 гр, мазь",Алтайвитамины ЗАО,Россия,770 ₸,https://europharma.kz/geparinovaa-25-gr-maz-2,2026-08-13 15:05:25
Лекарственные средства,Антибиотики,"Антибактериальные препараты для системного использования. Макролиды, линкозамиды и стрептограмины. Макролиды. Азитромицин.",Зитмак 100 мг/ 5 мл 20 мл порошок для пригот. сусп.,Нобел АФФ,Казахстан,3 388 ₸,https://europharma.kz/zitmak-100-mg-5-ml-20-ml-poroshok-dlya-prigot-susp,2026-08-13 15:05:26
Лекарственные средства,Лечение печени,Препараты для лечения заболеваний печени и желчевыводящих путей. Препараты для лечения заболеваний печени.,Эссенциале форте Н № 30 капс,Санофи-Авентис,Франция,6 305 ₸,https://europharma.kz/essentsiale-forte-n-no-30-kaps,2026-08-13 15:05:27
Лекарственные средства,Противовирусные препараты,Противовирусные препараты прямого действия. Противовирусные препараты прочие. Инозин пранобекс,Гроприносин-Рихтер 250 мг/5 мл 150 мл сироп,Гедеон Рихтер ОАО,Венгрия,5 335 ₸,https://europharma.kz/groprinosin-rikhter-250-mg5-ml-150-ml-sirop,2026-08-13 15:05:28
Лекарственные средства,Лечение артериального давления,"Препараты, влияющие на ренин-ангиотензиновую систему.",Энап H 10 мг/25 мг № 20 табл,KRKA d.d.,Словения,2 265 ₸,https://europharma.kz/enap-h-10-mg25-mg-no-20-tabl,2026-08-13 15:05:29
Лекарственные средства,Антибиотики,"Противовирусные препараты для системного применения прямого действия, нуклеозиды и нуклеотиды.",Ациклостад 400 мг № 35 табл.,Stada Arzneimittel AG,Германия,9 595 ₸,https://europharma.kz/atsiklostad-400-mg-no-35-tabl,2026-08-13 15:05:30
Лекарственные средства,Противовоспалительные средства,Прочие гематологические препараты. Ферментные препараты.,Дистрептаза № 6 суппозит. ректал.,Биомед Сурум энд Вэксин П,Польша,8 340 ₸,https://europharma.kz/distreptaza-no-6-suppozit-rektal,2026-08-13 15:05:31
Лекарственные средства,Пробиотики и пребиотики,,Нормобакт Complex 118 мг во.фл 7мл №10,S.I.I.T.s.r.i Италия,,7 320 ₸,https://europharma.kz/normobakt-complex-118-mg-vofl-7ml-no10,2026-08-13 15:05:32
Лекарственные средства,Лечение печени,Препараты для лечения заболеваний печени.,"Эссенциале Н 250 мг, 5 мл, №5, амп.","Фамар Хелскейр сервисес Мадрид, С.А.",Испания,9 748 ₸,https://europharma.kz/essentsiale-n-250-mg-5-ml-no5-amp,2026-08-13 15:05:33
Лекарственные средства,Лечение печени,Кортикостероиды для системного применения. Глюкокортикоиды.,"Буденофальк 3 мг, №20 капс",Др. Фалк Фарма ГмбХ,Германия,18 255 ₸,https://europharma.kz/budenofalk-3-mg-no20-kaps,2026-08-13 15:05:34
Лекарственные средства,Антибиотики,Противомикробные препараты для лечения заболеваний кожи. Прочие антибиотики для наружного применения,Синтомицин линимент 10% 25 гр,Алтайвитамины ЗАО,Россия,645 ₸,https://europharma.kz/sintomicin-liniment-10-25-gr,2026-08-13 15:05:35
Лекарственные средства,Антисептики,,Перекись водорода р-р 3% 100мл во фл.,Фармация 2010 ТОО,,215 ₸,https://europharma.kz/perekis-vodoroda-r-r-3-100ml-vo-fl,2026-08-13 15:05:36
Лекарственные средства,Антибиотики,"Противовирусные препараты для системного применения прямого действия, нуклеозиды и нуклеотиды.",Ациклостад 800 мг № 35 табл.,Stada Arzneimittel AG,Германия,12 545 ₸,https://europharma.kz/atsiklostad-800-mg-no-35-tabl,2026-08-13 15:05:37
Лекарственные средства,Лечение артериального давления,"Препараты, влияющие на ренин-ангиотензиновую систему.","Энап HL 10 мг/12,5 мг № 20 табл",KRKA d.d.,Словения,2 190 ₸,https://europharma.kz/enap-hl-10-mg125-mg-no-20-tabl,2026-08-13 15:05:38
Лекарственные средства,Лечение заболеваний опорно-двигательного аппарата,Другие препараты для местного лечения заболеваний опорно-двигательного аппарата. Прочие препараты.,Траумель С мазь 50 г,Biologische Heilmittel Heel GmbH,Германия,6 475 ₸,https://europharma.kz/traumel-s-maz-50-g,2026-08-13 15:05:41
Лекарственные средства,Мужские препараты,"Препараты для лечения урологических заболеваний. Другие препараты для лечения урологических заболеваний, включая спазмолитики. Препараты для лечения нарушений эрекции. Силденафил",Синегра 25 мг № 12 табл п/плён оболоч,Нобел АФФ,Казахстан,11 745 ₸,https://europharma.kz/sinegra-25-mg-no-12-tabl-pplen-oboloch,2026-08-13 15:05:42
Лекарственные средства,Анальгетики,Анальгетики. Анальгетики-антипиретики другие. Салициловая кислота и ее производные. Ацетилсалициловая кислота.,Тромбо АСС 50 мг № 30 табл покр кишечнораст оболочкой,G.L Pharma GmbH,Австрия,1 375 ₸,https://europharma.kz/trombo-ass-50-mg-no-30-tabl-pokr-kishechnorast-obolochkoy,2026-08-13 15:05:43
Лекарственные средства,Инъекционные растворы и ампулы,Витамины. Витамин В1 и его комбинация с витаминами В6 и В12. Комбинация витамина B1 с витаминами B6 и B12.,Мильгамма раствор д/ внутримышеч. введения 2 мл № 5 амп,"Солюфарм Фармацайтише Эрцойгниссе ГмбХ,",Германия,4 340 ₸,https://europharma.kz/milgamma-rastvor-d-vnutrimyshech-vvedeniya-2-ml-no-5-amp,2026-08-13 15:05:44
Лекарственные средства,Лечение лор заболеваний,Назальные препараты. Антиконгенстанты и другие назальные препараты для местного применения. Симпатомиметики. Оксиметазолин.,Назол Адванс 10 мл спрей назальный,"Байер, АГ",США,2 430 ₸,https://europharma.kz/nazol-advans-10-ml-sprey-nazalnyy,2026-08-13 15:05:45
Лекарственные средства,Лечение лор заболеваний,Антиконгестанты и другие назальные препараты для местного применения.,Назол 10 мл спрей назальный,"Байер, АГ",США,2 305 ₸,https://europharma.kz/nazol-10-ml-sprey-nazalnyy,2026-08-13 15:05:46
Лекарственные средства,Лечение артериального давления,Ангиотензин-конвертирующего фермента (АКФ) ингибиторы.,Энап 10 мг № 20 табл,KRKA d.d.,Словения,2 017 ₸,https://europharma.kz/enap-10-mg-no-20-tabl,2026-08-13 15:05:47
Лекарственные средства,Антисептики,Антисептики и дезинфицирующие препараты прочие. Этанол.,Спирт этиловый DF 90% 50 мл спрей,Досфарм,Казахстан,7 583 ₸,https://europharma.kz/spirt-etilovyy-df-90-50-ml-sprey,2026-08-13 15:05:48
Лекарственные средства,Лечение артериального давления,Ангиотензин-конвертирующего фермента (АКФ) ингибиторы.,Энап 20 мг № 20 табл,KRKA d.d.,Словения,2 250 ₸,https://europharma.kz/enap-20-mg-no-20-tabl,2026-08-13 15:05:49
Лекарственные средства,Мужские препараты,,Максигра 100 мг № 12 табл покрытые оболочкой,Польфарма ФЗ АО,Польша,22 927 ₸,https://europharma.kz/maksigra-100-mg-no-12-tabl-pokrytyye-obolochkoy,2026-08-13 15:05:50
Лекарственные средства,Антисептики,Дерматопротекторы. Парафина и жиров препараты.,Вазелин-DF 25 гр мазь,Досфарм,Казахстан,630 ₸,https://europharma.kz/vazelin-df-25-gr-maz,2026-08-13 15:05:51
Лекарственные средства,Противогрибковые средства,"Стоматологические препараты. Противомикробные препараты для местного лечения заболеваний полости рта.
Код АТХ А01АВ","Фунгостатин 7,5 г/50 мл гран.д/пригот-я суспен-и",Нобел АФФ,Казахстан,2 500 ₸,https://europharma.kz/fungostatin-75-g50-ml-grandprigot-ya-suspen-i,2026-08-13 15:05:52
Лекарственные средства,Противогрибковые средства,Прочие противогрибковые препараты для местного применения. Тербинафин.,Экзифин 1% 10 гр крем,Dr.Reddy`s Laboratories L,Индия,2 090 ₸,https://europharma.kz/ekzifin-1-10-gr-krem,2026-08-13 15:05:53
Лекарственные средства,Лечение лор заболеваний,,Аквалор софт 50 мл спрей назальный,Нижфарм ОАО,Франция,4 180 ₸,https://europharma.kz/akvalor-soft-50-ml-sprey-nazalnyy,2026-08-13 15:05:54
Лекарственные средства,Анальгетики,Нестероидные противовоспалительные препараты.,"Декстанол 25 мг, №10, табл.",Нобел АФФ,Казахстан,1 445 ₸,https://europharma.kz/dekstanol-25-mg-no10-tabl,2026-08-13 15:05:55
Лекарственные средства,Лечение лор заболеваний,Препараты для лечения заболеваний горла. Антисептики. Амбазон,"Фарингосепт №20, табл.",S.C.Terapia S.A.,Румыния,3 915 ₸,https://europharma.kz/faringosept-no20-tabl,2026-08-13 15:05:56
Лекарственные средства,Лечение лор заболеваний,Препараты для лечения заболеваний горла. Антисептики. Амбазон,"Фарингосепт со вкусом лимона №20, табл.",S.C.Terapia S.A.,Румыния,3 945 ₸,https://europharma.kz/faringosept-so-vkusom-limona-no20-tabl,2026-08-13 15:05:57
Лекарственные средства,Противокашлевые препараты,"Респираторная система. Препараты применяемые при кашле и простудных заболеваниях. Экспекторанты, исключая комбинации с подавляющими кашель. Муколитики. Ацетилцистеин",АЦЦ 100 мг № 20 шипуч табл,Сандоз Фармасьютикалс д.д.,Словения,2 950 ₸,https://europharma.kz/atsts-100-mg-no-20-shipuch-tabl,2026-08-13 15:05:58
Лекарственные средства,Лечение артериального давления,"Препараты, влияющие на систему ренин-ангиотензин. Ингибиторы ангиотензин-превращающего фермента (АПФ). Периндоприл.",Стопресс 4 мг № 30 табл.,Польфарма ФЗ АО,Польша,2 845 ₸,https://europharma.kz/stopress-4-mg-no-30-tabl,2026-08-13 15:05:59
Лекарственные средства,Противогрибковые средства,,"Лостерин цинково-нафталиновая паста, 50гр","ООО НПК""АС-КОМ""",Швейцария,7 007 ₸,https://europharma.kz/losterin-cinkovo-naftalinovaa-pasta-50gr,2026-08-13 15:06:00
Лекарственные средства,"Лечение алкоголизма, наркомании, табакокурения",,Анти-похмелин (Антип) №6 табл,Инат-фарма ООО,Россия,760 ₸,https://europharma.kz/anti-pohmelin-antip-no6-tabl,2026-08-13 15:06:01
Лекарственные средства,Препараты урологии и гинекологии,Антисептики и противомикробные препараты для лечения гинекологических заболеваний. Антисептики и противомикробные препараты для лечения гинекологических заболеваний (исключая комбинации с кортикостероидами). Органические кислоты. Молочная кислота,Фемилекс 100 мг №10 супп,Нижфарм ОАО,Россия,4 720 ₸,https://europharma.kz/femileks-100-mg-no10-supp,2026-08-13 15:06:02
Лекарственные средства,Лечение артериального давления,"Препараты, влияющие на систему ренин-ангиотензин.",Каптоприл Штада 25 мг № 30 табл,Нижфарм ОАО,Германия,1 870 ₸,https://europharma.kz/kaptopril-shtada-25-mg-no-30-tabl,2026-08-13 15:06:03
Лекарственные средства,Лечение лор заболеваний,Препараты для лечения заболеваний горла. Антисептики. Прочие препараты,Люголит 1% 30 г спрей,Досфарм,Казахстан,1 385 ₸,https://europharma.kz/lyugolit-1-30-g-sprey,2026-08-13 15:06:04
Лекарственные средства,Анальгетики,Противовоспалительные и противоревматические препараты. Нестероидные противовоспалительные препараты. Оксикамы. Мелоксикам.,Локсидол 15 мг № 20 табл,Уорлд Медицин Илач Сан.Ве Тидж А.Ш,Турция,4 930 ₸,https://europharma.kz/loksidol-15-mg-no-20-tabl,2026-08-13 15:06:05
Лекарственные средства,Кожные заболевания,,"Ациклостад 5%, 2 гр, крем",Stada Arzneimittel AG,Германия,2 460 ₸,https://europharma.kz/aciklostad-5-2-gr-krem,2026-08-13 15:06:06
Лекарственные средства,Лечение сахарного диабета,Прочие препараты для лечения заболеваний желудочно-кишечного тракта (ЖКТ) и нарушений обмена веществ. Различные прочие препараты для лечения заболеваний ЖКТ и обмена веществ. Тиоктовая кислота.,"Тиогамма 600 №30, табл.",Woerwag Pharma GmbH & Co.,Германия,14 975 ₸,https://europharma.kz/tiogamma-600-no30-tabl,2026-08-13 15:06:07
Лекарственные средства,Лечение заболеваний мочеполовой системы,"Сердечно-сосудистая система. Диуретики. Комбинации диуретиков с калийсберегающими препаратами. Диуретики, действующие на кортикальный сегмент петли Генле в комбинации с калийсберегающими препаратами. Гидрохлоротиазид в комбинации с калийсберегающими препаратами","Триампур композитум 25 мг, №50, табл.",Teva Pharmaceuticals s.r.,Израиль,2 395 ₸,https://europharma.kz/triampur-kompozitum-25-mg-no50-tabl,2026-08-13 15:06:08
Лекарственные средства,Лечение артериального давления,Ангиотензин-конвертирующего фермента (АКФ) ингибиторы.,Энап 5 мг № 20 табл,KRKA d.d.,Словения,1 132 ₸,https://europharma.kz/enap-5-mg-no-20-tabl,2026-08-13 15:06:09
Лекарственные средства,Лечение артериального давления,"Препараты, влияющие на систему ренин-ангиотензин. Ингибиторы ангиотензин-превращающего фермента (АПФ). Периндоприл.","Стопресс 8 мг, №30, табл.",Польфарма ФЗ АО,Польша,4 640 ₸,https://europharma.kz/stopress-8-mg-no30-tabl,2026-08-13 15:06:10
Лекарственные средства,Средства от аллергии,Антигистаминные препараты системного действия другие.,"Лордес 2,5 мг/5 мл, 100 мл, сироп",Нобел АФФ,Казахстан,3 385 ₸,https://europharma.kz/lordes-25-mg5-ml-100-ml-sirop,2026-08-13 15:06:13
Лекарственные средства,Инъекционные растворы и ампулы,Анестетики. Анестетики местные. Аминобензойной кислоты эфиры. Прокаин,Новокаин 5 мл № 10 амп,Дальхимфарм ОАО,Россия,765 ₸,https://europharma.kz/novokain-5-ml-no-10-amp,2026-08-13 15:06:14
Лекарственные средства,Противокашлевые препараты,Препараты для устранения симптомов простуды и кашля. Противокашлевые препараты (исключая комбинацию с отхаркивающими препаратами). Противокашлевые препараты прочие. Бутамират.,Синекод 20 мл капли,Novartis Consumer Health,Швейцария,3 070 ₸,https://europharma.kz/sinekod-20-ml-kapli,2026-08-13 15:06:16
Лекарственные средства,Анальгетики,Нестероидные противовоспалительные препараты.,Декстанол 25 мг № 30 табл,Нобел АФФ,Казахстан,3 565 ₸,https://europharma.kz/dekstanol-25-mg-no-30-tabl,2026-08-13 15:06:17
Лекарственные средства,Лечение лор заболеваний,Назальные препараты. Антиконгестанты и другие назальные препараты для местного применения. Симпатомиметики. Ксилометазолин,"Снуп 0,05% 15 мл спрей назальный",Hemomont d.o.o,Германия,3 155 ₸,https://europharma.kz/snup-005-15-ml-sprey-nazalnyy,2026-08-13 15:06:18
Лекарственные средства,Лечение жкт,"Препараты для лечения заболеваний, связанных с нарушением кислотности. Противоязвенные препараты и препараты для лечения гастроэзофагального рефлюкса. Ингибиторы протонового насоса. Пантопразол.",Контролок 40 мг № 1 порошок для приготовления раствора для инъекций,"Такеда ГмбХ, Зинген",Германия,2 620 ₸,https://europharma.kz/kontrolok-40-mg-no-1-poroshok-dlya-prigotovleniya-rastvora-dlya-inyektsiy,2026-08-13 15:06:19
Лекарственные средства,Лечение сердечно-сосудистых заболеваний,Ингибиторы агрегации тромбоцитов,Ко-плавикс 75 мг № 28 табл п/плён оболоч,Санофи-Авентис,Франция,12 340 ₸,https://europharma.kz/ko-plaviks-75-mg-no-28-tabl-pplen-oboloch,2026-08-13 15:06:20
Лекарственные средства,Гинекологические препараты,,Кызыл май № 10 суппозитории,ФитОлеум ТОО,Казахстан,2 005 ₸,https://europharma.kz/kyzyl-may-no-10-suppozitorii,2026-08-13 15:06:21
Лекарственные средства,Пробиотики и пребиотики,Фармакологические свойства,Смекта Экспресс 3 гр № 12 порошок,"Бофур ИПСЕН Индастри, Фра",Франция,3 815 ₸,https://europharma.kz/smekta-ekspress-3-gr-no-12-poroshok,2026-08-13 15:06:22
Лекарственные средства,Противокашлевые препараты,Препараты для устранения симптомов простуды и кашля. Противокашлевые препараты (исключая комбинацию с отхаркивающими препаратами). Противокашлевые препараты прочие. Бутамират.,Синекод 200 мл сироп,Novartis Consumer Health,Швейцария,3 055 ₸,https://europharma.kz/sinekod-200-ml-sirop,2026-08-13 15:06:23
Лекарственные средства,Лечение заболеваний опорно-двигательного аппарата,"Костно-мышечная система. Препараты для местного применения при суставной и мышечной боли. Препараты для местного применения при суставной мышечной боли, другие.",Випросал В для наружного применения 75 г мазь,Гриндекс АО,Латвия,6 045 ₸,https://europharma.kz/viprosal-v-dlya-naruzhnogo-primeneniya-75-g-maz,2026-08-13 15:06:24
Лекарственные средства,Лечение заболеваний мочеполовой системы,,Простекс 2 мг № 10 лиофилизат д/пригот р-ра,Stada Arzneimittel AG,,4 660 ₸,https://europharma.kz/prosteks-2-mg-no-10-liofilizat-dprigot-r-ra,2026-08-13 15:06:25
Лекарственные средства,Анальгетики,Нестероидные противовоспалительные препараты. Уксусной кислоты производные. Диклофенак в комбинации с другими препаратами,Дикловит № 30 капс,Ланнахер Хайльмиттель Гмб,Австрия,3 628 ₸,https://europharma.kz/diklovit-no-30-kaps,2026-08-13 15:06:25
Лекарственные средства,Лечение заболеваний опорно-двигательного аппарата,"Костно-мышечная система. Препараты для местного применения при суставной и мышечной боли. Противовоспалительные препараты, нестероидные, для местного применения. Диклофенак",Диклофенак-Тева 1% 40 г гель,Ратиофарм ГмбХ,Германия,2 470 ₸,https://europharma.kz/diklofenak-teva-1-40-g-gel,2026-08-13 15:06:27
Лекарственные средства,Противогрибковые средства,Противогрибковые препараты для лечения заболеваний кожи.,Экзифин 250 мг № 16 табл,Dr.Reddy`s Laboratories L,Индия,8 490 ₸,https://europharma.kz/ekzifin-250-mg-no-16-tabl,2026-08-13 15:06:28
Лекарственные средства,Мужские препараты,,Максигра 50 мг № 12 табл покрытые оболочкой,Польфарма ФЗ АО,Польша,16 714 ₸,https://europharma.kz/maksigra-50-mg-no-12-tabl-pokrytyye-obolochkoy,2026-08-13 15:06:29
Лекарственные средства,Противовоспалительные средства,Препараты для лечения заболеваний нервной системы. Анальгетики. Анальгетики-антипиретики другие. Анилиды. Парацетамол в комбинации с другими препаратами (исключая психолептики).,МаксиГриппин® № 10 табл. шипуч.,Natur Produkt,Нидерланды,3 555 ₸,https://europharma.kz/maksigrippin-no-10-tabl-shipuch,2026-08-13 15:06:30
Лекарственные средства,Для повышения иммунитета,"Минеральные добавки, препараты кальция в комбинации с другими препаратами.",Кальций Д3 со вкусом апельсина 500 мг № 120 табл,Такеда Никомед АС,Австрия,10 910 ₸,https://europharma.kz/kaltsiy-d3-so-vkusom-apelsina-500-mg-no-120-tabl,2026-08-13 15:06:31
Лекарственные средства,Анальгетики,Нестероидные противовоспалительные препараты. Оксикамы.,Локсидол 15 мг № 6 суппозит. ректал.,К.O. Магистра К&К С.Р.Л.,Румыния,4 565 ₸,https://europharma.kz/loksidol-15-mg-no-6-suppozit-rektal,2026-08-13 15:06:32
Лекарственные средства,Ниотит-DF 10 мл капли ушные во флаконах,Препараты для лечения отологических заболеваний прочие.,Ниотит-DF 10 мл капли ушные во флаконах,Досфарм,Казахстан,955 ₸,https://europharma.kz/niotit-df-10-ml-kapli-ushnyye-vo-flakonakh,2026-08-13 15:06:33
Лекарственные средства,Противокашлевые препараты,Препараты для устранения симптомов простуды и кашля,"Антитус 7,5 мг/5 мл 150 мл сироп",Нобел АФФ,Казахстан,2 305 ₸,https://europharma.kz/antitus-75-mg5-ml-150-ml-sirop,2026-08-13 15:06:34
Лекарственные средства,Лечение лор заболеваний,Другие препараты для местного лечения заболеваний опорно-двигательного аппарата. Прочие препараты.,"Эвкалипт 50 гр, мазь",Доктор Тайсс,Германия,2 920 ₸,https://europharma.kz/evkalipt-50-gr-maz,2026-08-13 15:06:35
Лекарственные средства,Лечение лор заболеваний,,Ингалор 30мл аэрозоль,Алтайвитамины ЗАО,,1 395 ₸,https://europharma.kz/ingalor-30ml-aerozol,2026-08-13 15:06:36
Лекарственные средства,Лечение лор заболеваний,Назальные препараты. Антиконгестанты и другие назальные препараты для местного применения. Симпатомиметики. Ксилометазолин,"Отризол-ДF 0,05% 10 мл капли назальные",Досфарм,Казахстан,615 ₸,https://europharma.kz/otrizol-df-005-10-ml-kapli-nazalnyye,2026-08-13 15:06:37
Лекарственные средства,Средства от аллергии,Назальные препараты. Антиконгестанты и другие назальные препараты для местного применения. Симпатомиметики. Ксилометазолин,"Отризол-ДF 0,1% 10 мл капли назальные",Досфарм,Казахстан,8 875 ₸,https://europharma.kz/otrizol-df-01-10-ml-kapli-nazalnyye,2026-08-13 15:06:38
Лекарственные средства,Лечение глаз,,"Хило-Дуал 10 мл, гл. капли",URSAPHARM Arzneimittel Gm,Германия,15 500 ₸,https://europharma.kz/khilo-dual-10-ml-gl-kapli,2026-08-13 15:06:39
Лекарственные средства,Противовирусные препараты,,Кагоцел 12 мг № 30 табл,НИАРМЕДИК ФАРМА ООО,,7 835 ₸,https://europharma.kz/kagotsel-12-mg-no-30-tabl,2026-08-13 15:06:40
Лекарственные средства,Лечение сахарного диабета,Прочие препараты для лечения заболеваний желудочно-кишечного тракта (ЖКТ) и нарушений обмена веществ. Различные прочие препараты для лечения заболеваний ЖКТ и обмена веществ. Тиоктовая кислота.,Тиогамма 600 мг № 60 табл п/плён оболоч,Woerwag Pharma GmbH & Co.,Германия,27 090 ₸,https://europharma.kz/tiogamma-600-mg-no-60-tabl-pplen-oboloch,2026-08-13 15:06:41
Лекарственные средства,"Сироп от кашля с подорожником 100 мл, без сахара",,"Сироп от кашля с подорожником 100 мл, без сахара",Доктор Тайсс,Германия,3 185 ₸,https://europharma.kz/sirop-ot-kasla-s-podoroznikom-100-ml-bez-sahara,2026-08-13 15:06:42
Лекарственные средства,Для повышения иммунитета,"Минеральные добавки, препараты кальция в комбинации с другими препаратами.",Кальций Д3 со вкусом апельсина 500 мг № 60 табл,Такеда Никомед АС,Австрия,7 600 ₸,https://europharma.kz/kaltsiy-d3-so-vkusom-apelsina-500-mg-no-60-tabl,2026-08-13 15:06:43
Лекарственные средства,Сироп от кашля с подорожником 250 мл,Препараты для устранения симптомов простуды и кашля. Другие комбинации препаратов для устранения симптомов простуды.,Сироп от кашля с подорожником 250 мл,Доктор Тайсс,Германия,4 290 ₸,https://europharma.kz/sirop-ot-kasla-s-podoroznikom-250-ml,2026-08-13 15:06:46
Лекарственные средства,Лечение неврологических нарушений,,Стрессовит №60,Грокам ГБЛ сп. з.о.о.,,7 105 ₸,https://europharma.kz/stressovit-no60,2026-08-13 15:06:47
Лекарственные средства,Кожные заболевания,Препараты для лечения заболеваний глаз. Дексаметазон вкомбинации с противомикробным препаратом.,ДексаТобром 5 мл капли глазные,Ромфарм Компания СРЛ,Румыния,2 210 ₸,https://europharma.kz/deksatobrom-5-ml-kapli-glaznyye,2026-08-13 15:06:48
Лекарственные средства,Пробиотики и пребиотики,,Ферталь Сэлтфар Детский 15 мл №6 жидк. флак.,ESI,,6 790 ₸,https://europharma.kz/fertal-seltfar-detskiy-15-ml-no6-zhidk-flak,2026-08-13 15:06:49
Лекарственные средства,От паразитов,Антигельминтные препараты. Препараты для лечения нематодоза. Бензимидазола производные.,Альбезол 400 мг № 1 табл.,Нобел АФФ,Казахстан,2 230 ₸,https://europharma.kz/albezol-400-mg-no-1-tabl,2026-08-13 15:06:50
Лекарственные средства,Слабительные препараты,,"ГЛИЦЕРИН 1,24 N10 СУПП РЕКТАЛЬНЫЕ",Нижфарм ОАО,,1 800 ₸,https://europharma.kz/glitserin-124-n10-supp-rektalnyye,2026-08-13 15:06:51
Лекарственные средства,Антибиотики,Противомикробные препараты – производные хинолона. Фторхинолоны. Левофлоксацин.,Леволет 500 мг № 10 табл покрытые оболочкой,Dr.Reddy`s Laboratories L,Индия,6 185 ₸,https://europharma.kz/levolet-500-mg-no-10-tabl-pokrytyye-obolochkoy,2026-08-13 15:06:52
Лекарственные средства,Противовоспалительные средства,Нестероидные противовоспалительные препараты для местного применения.,Нимид гель 100 гр,Кусум Хелтхер,Индия,3 540 ₸,https://europharma.kz/nimid-gel-100-gr,2026-08-13 15:06:53
Лекарственные средства,Сироп от кашля с подорожником 100 мл,Препараты для устранения симптомов простуды и кашля. Другие комбинации препаратов для устранения симптомов простуды.,Сироп от кашля с подорожником 100 мл,Доктор Тайсс,Германия,2 495 ₸,https://europharma.kz/sirop-ot-kasla-s-podoroznikom-100-ml,2026-08-13 15:06:54
Лекарственные средства,Жаропонижающие,Анальгетики. Анальгетики-антипиретики другие. Анилиды. Парацетамол в комбинации с другими препаратами (исключая психолептики).,МаксиГриппин® д/детей № 30 табл. шипуч.,Natur Produkt,Нидерланды,7 175 ₸,https://europharma.kz/maksigrippin-ddetey-no-30-tabl-shipuch,2026-08-13 15:06:55
Лекарственные средства,Лечение жкт,"Пищеварительный тракт и обмен веществ. Препараты, способствующие пищеварению, включая ферменты. Ферментные препараты. Панкреатин",Креон 10000 МЕ 150мг № 20 капс покр кишечнораст оболочкой,Эбботт Продактс ГмбХ,Германия,3 160 ₸,https://europharma.kz/kreon-10000-me-150mg-no-20-kaps-pokr-kishechnorast-obolochkoy,2026-08-13 15:06:56
Лекарственные средства,"Отризол-ДF 0,05% 10 мл спрей назальный",Назальные препараты. Антиконгестанты и другие назальные препараты для местного применения. Симпатомиметики. Ксилометазолин,"Отризол-ДF 0,05% 10 мл спрей назальный",Досфарм,Казахстан,855 ₸,https://europharma.kz/otrizol-df-005-10-ml-sprey-nazalnyy,2026-08-13 15:06:57
Лекарственные средства,Лечение сердечно-сосудистых заболеваний,Анальгетики. Салициловая кислота и ее производные. Ацетилсалициловая кислота.,Тромбо АСС 75 мг № 30 табл покр кишечнораст оболочкой,G.L Pharma GmbH,Австрия,1 745 ₸,https://europharma.kz/trombo-ass-75-mg-no-30-tabl-pokr-kishechnorast-obolochkoy,2026-08-13 15:06:58
Лекарственные средства,Спазмолитические препараты,Препараты для лечения функциональных расстройств ЖКТ.,"Но-шпа 40 мг, 2 мл, №5, амп.",Stada Arzneimittel AG,Франция,2 835 ₸,https://europharma.kz/no-shpa-40-mg-2-ml-no5-amp,2026-08-13 15:06:59
Лекарственные средства,Лечение сердечно-сосудистых заболеваний,Сердечно-сосудистая система. Прочие препараты для лечения заболеваний сердца. Прочие кардиотонические препараты. Триметазидин,Предуктал ОД 80 мг № 30 капс. с пролон.высв-ем,ЭГИС Фармацевтический Завод ЗАО,Венгрия,5 665 ₸,https://europharma.kz/preduktal-od-80-mg-no-30-kaps-s-prolonvysv-yem,2026-08-13 15:07:00
Лекарственные средства,Лечение лор заболеваний,,"Витаргол Форте назальные капли 15,0 мл ( протаргол )",ЭЛЮСАН НПЦ ООО,Россия,3 890 ₸,https://europharma.kz/vitargol-forte-nazalnyye-kapli-150-ml-protargol,2026-08-13 15:07:01
Лекарственные средства,Лечение артериального давления,"Сердечно-сосудистая система. Блокаторы кальциевых каналов. Блокаторы кальциевых каналов селективные, с преимущественным влиянием на сосуды. Дигидропиридина производные. Нифедипин.",Коринфар ретард 20 мг № 30 табл покрытые оболочкой,Pliva Hrvatska d.o.o.,Хорватия,2 255 ₸,https://europharma.kz/korinfar-retard-20-mg-no-30-tabl-pokrytyye-obolochkoy,2026-08-13 15:07:02
Лекарственные средства,Лечение лор заболеваний,Назальные препараты. Антиконгестанты и другие назальные препараты для местного применения. Симпатомиметики. Ксилометазолин,"Снуп 0,1% 15 мл спрей назальный",Hemomont d.o.o,Германия,3 045 ₸,https://europharma.kz/snup-01-15-ml-sprey-nazalnyy,2026-08-13 15:07:03
Лекарственные средства,Противовоспалительные средства,Нестероидные противовоспалительные препараты. Неселективные нестероидные противовоспалительные препараты.,Нимид 2 гр № 30 гран.д/пригот-я суспен-и,Кусум Хелтхер,Индия,4 655 ₸,https://europharma.kz/nimid-2-gr-no-30-grandprigot-ya-suspen-i,2026-08-13 15:07:04
Лекарственные средства,Кожные заболевания,Глюкокортикостероиды для местного лечения заболеваний кожи. Глюкокортикостероиды в комбинации с другими препаратами. Кортикостероиды сильные в комбинации с другими препаратами. Бетаметазон в комбинации с другими препаратами.,Белосалик д/наруж применения 15 г мазь,Belupo,Хорватия,2 170 ₸,https://europharma.kz/belosalik-dnaruzh-primeneniya-15-g-maz,2026-08-13 15:07:05
Лекарственные средства,Жаропонижающие,Анальгетики. Анальгетики-антипиретики другие. Анилиды. Парацетамол в комбинации с другими препаратами (исключая психолептики).,МаксиГриппин для детей № 10 шипуч табл,Natur Produkt,Нидерланды,3 035 ₸,https://europharma.kz/maksigrippin-dlya-detey-no-10-shipuch-tabl,2026-08-13 15:07:06
Лекарственные средства,Антибиотики,Антибактериальные средства для системного применения. Макролиды.,"Зиомицин 250 мг, №6, табл.",Кусум Хелтхер,Индия,2 300 ₸,https://europharma.kz/ziomicin-250-mg-no6-tabl,2026-08-13 15:07:08
Лекарственные средства,Анальгетики,Нестероидные противовоспалительные препараты. Производные уксусной кислоты.,Кеторол 30 мг/мл 1 мл № 10 амп,Dr.Reddy`s Laboratories L,Индия,1 785 ₸,https://europharma.kz/ketorol-30-mgml-1-ml-no-10-amp,2026-08-13 15:07:09
Лекарственные средства,Противовоспалительные средства,Противовоспалительные и противоревматические препараты. Нестероидные противовоспалительные препараты. Производные уксусной кислоты. Диклофенак.,"Диклофенак Штада 100 мг, №10, супп.",Нижфарм ОАО,Германия,1 960 ₸,https://europharma.kz/diklofenak-stada-100-mg-no10-supp,2026-08-13 15:07:10
Лекарственные средства,Лечение глаз,Препараты для лечения заболеваний глаз.,"Диклофенак 0,1%, 5 мл, гл. капли",Ромфарм Компания СРЛ,Румыния,1 860 ₸,https://europharma.kz/diklofenak-01-5-ml-gl-kapli,2026-08-13 15:07:11
Лекарственные средства,Лечение жкт,"Препараты для лечения заболеваний, связанных с нарушением кислотности. Противоязвенные препараты и препараты для лечения гастроэзофагального рефлюкса. Ингибиторы протонового насоса. Пантопразол.",Контролок 40 мг № 14 табл покр кишечнораст оболочкой,"Такеда ГмбХ, Ораниенбург",Германия,3 950 ₸,https://europharma.kz/kontrolok-40-mg-no-14-tabl-pokr-kishechnorast-obolochkoy,2026-08-13 15:07:12
Лекарственные средства,Лечение жкт,Пищеварительный тракт и обмен веществ. Препараты для лечения заболеваний связанных с нарушением кислотности. Противоязвенные препараты и препараты для лечения гастроэзофагальной рефлюксной болезни (gastro-oesophageal reflux disease – GORD). Протонового насоса ингибиторы Омепразол.,Омез 40 мг № 1 порошок для приготовления раствора для инъекций,Dr.Reddy`s Laboratories L,Индия,2 950 ₸,https://europharma.kz/omez-40-mg-no-1-poroshok-dlya-prigotovleniya-rastvora-dlya-inyektsiy,2026-08-13 15:07:13
Лекарственные средства,Лечение жкт,"Пищеварительный тракт и обмен веществ. Препараты, способствующие пищеварению, включая ферменты. Ферментные препараты. Панкреатин",Креон 25000 ЕД 300 мг № 20 капс покр кишечнораст оболочкой,Эбботт Продактс ГмбХ,Германия,6 585 ₸,https://europharma.kz/kreon-25000-yed-300-mg-no-20-kaps-pokr-kishechnorast-obolochkoy,2026-08-13 15:07:14
Лекарственные средства,Для повышения иммунитета,"Минеральные добавки, препараты кальция в комбинации с другими препаратами.",Кальций Д3 со вкусом апельсина 500 мг № 30 табл,Такеда Никомед АС,Австрия,5 440 ₸,https://europharma.kz/kaltsiy-d3-so-vkusom-apelsina-500-mg-no-30-tabl,2026-08-13 15:07:15
Лекарственные средства,Лечение глаз,Препараты для лечения заболеваний глаз. Глюкокортикостероиды.,"Дексаметазон 0,1%, 10 мл, гл. капли",Ромфарм Компания СРЛ,Румыния,1 260 ₸,https://europharma.kz/deksametazon-01-10-ml-gl-kapli-2,2026-08-13 15:07:16
Лекарственные средства,Гормональные препараты,Половые гормоны и модуляторы половой системы. Гормональные контрацептивы для системного использования. Прогестагены и эстрогены (фиксированные сочетания). Дроспиренон и эстрогены,Кристи № 21 табл п/плён оболоч,Лабораториос Леон Фарм С.А,Испания,2 850 ₸,https://europharma.kz/kristi-no-21-tabl-pplen-oboloch,2026-08-13 15:07:19
Лекарственные средства,Гинекологические препараты,,ДефлаГин вагинальный гель №1(в комплекте с аппликаторами 28 шт),Selo Medical GmbH,Австрия,35 240 ₸,https://europharma.kz/deflagin-vaginalnyj-gel-no1v-komplekte-s-applikatorami-28-st,2026-08-13 15:07:20
Лекарственные средства,Лечение артериального давления,,"Лизиноприл-Тева 20 мг, №50, табл.",Меркле ГмбХ,Германия,5 245 ₸,https://europharma.kz/lizinopril-teva-20-mg-no50-tabl,2026-08-13 15:07:21
Лекарственные средства,Лечение лор заболеваний,Препараты для лечения отологических заболеваний. Препараты для лечения отологических заболеваний прочие. Анальгетики и анестетики. Комбинированные препараты.,Отирелакс 15 мл капли ушные во флаконах,Ромфарм Компания СРЛ,Румыния,2 755 ₸,https://europharma.kz/otirelaks-15-ml-kapli-ushnyye-vo-flakonakh,2026-08-13 15:07:22
Лекарственные средства,Антибиотики,Антибактериальные препараты. Фторхинолоны,Леволет 500 мг 100 мл раствор для инфузий,Dr.Reddy`s Laboratories L,Индия,4 275 ₸,https://europharma.kz/levolet-500-mg-100-ml-rastvor-dlya-infuziy,2026-08-13 15:07:23
Лекарственные средства,Лечение лор заболеваний,Антиконгестанты и другие назальные препараты для местного применения. Симпатомиметики. Ксилометазолин.,"Отривин 0,05% 10 мл капли назальные",Novartis Consumer Health,Швейцария,1 595 ₸,https://europharma.kz/otrivin-005-10-ml-kapli-nazalnyye,2026-08-13 15:07:24
Лекарственные средства,Рецептурные препараты,,Лувитан Лонг АКШН № 30 табл,Лаборатория Калифар НВ,Бельгия,9 215 ₸,https://europharma.kz/luvitan-long-akshn-no-30-tabl,2026-08-13 15:07:25
Лекарственные средства,Лечение жкт,Пищеварительный тракт и обмен веществ. Препараты для лечения заболеваний связанных с нарушением кислотности. Противоязвенные препараты и препараты для лечения гастроэзофагальной рефлюксной болезни (gastro-oesophageal reflux disease – GORD). Протонового насоса ингибиторы Омепразол.,Омез 40 мг № 28 капс покр кишечнораст оболочкой,Dr.Reddy`s Laboratories L,Индия,4 100 ₸,https://europharma.kz/omez-40-mg-no-28-kaps-pokr-kishechnorast-obolochkoy,2026-08-13 15:07:26
Лекарственные средства,Лечение жкт,Пищеварительный тракт и обмен веществ. Препараты для лечения функциональных желудочно-кишечных расстройств.Стимуляторы моторики ЖКТ. Метоклопрамид.,Церукал 2% 2 мл № 10 амп,Pliva Hrvatska d.o.o.,Хорватия,3 315 ₸,https://europharma.kz/tserukal-2-2-ml-no-10-amp,2026-08-13 15:07:27
Лекарственные средства,Кожные заболевания,Препараты для лечения ран и язв. Препараты для лечения гиперрубцевания. Другие препараты для лечения гиперрубцевания.,Гидротен крем 5% 30 гр,Нобел АФФ,Казахстан,2 790 ₸,https://europharma.kz/gidroten-krem-5-30-gr,2026-08-13 15:07:28
Лекарственные средства,Лечение заболеваний опорно-двигательного аппарата,Нестероидные противовоспалительные препараты для местного применения.Диклофенак.,Вольтарен 1% 50 гр эмульгель,Novartis Consumer Health,Швейцария,2 385 ₸,https://europharma.kz/voltaren-1-50-gr-emulgel,2026-08-13 15:07:29
Лекарственные средства,"А-церумен 2 мл, №5, капли ушные во флаконах",,"А-церумен 2 мл, №5, капли ушные во флаконах",Nycomed Austria GmbH,Австрия,4 145 ₸,https://europharma.kz/a-cerumen-2-ml-no5-kapli-usnye-vo-flakonah,2026-08-13 15:07:30
Лекарственные средства,Лечение головного кровооброщения,Средства для устранения головокружения.,"Бетагист 16 мг, №30, табл.",Нобел АФФ,Казахстан,5 705 ₸,https://europharma.kz/betagist-16-mg-no30-tabl,2026-08-13 15:07:31
Лекарственные средства,Лечение жкт,,"Лаксигал, Капли для пр/вн,Фл 25 мл",TEVA Czech Industries s.r.o. (CZECHIA),,3 530 ₸,https://europharma.kz/laksigal-kapli-dlya-prvnfl-25-ml,2026-08-13 15:07:32
Лекарственные средства,Лечение жкт,,Алмагель сусп. для приема внутрь 10 мл №10,Balkanpharma- Troyan AD (Bulgaria),,2 830 ₸,https://europharma.kz/almagel-susp-dlya-priyema-vnutr-10-ml-no10,2026-08-13 15:07:33
Лекарственные средства,Лечение лор заболеваний,,Марисоль изотонический спрей назальный 100 мл,Esensa D.O.O,,3 005 ₸,https://europharma.kz/marisol-izotoniceskij-sprej-nazalnyj-100-ml,2026-08-13 15:07:34
Лекарственные средства,Рецептурные препараты,Антикоагулянты. Прямые ингибиторы фактора Ха. Ривароксабан.,Ксарелто 10 мг № 30 табл п/плён оболоч,Bayer AG,Германия,25 316 ₸,https://europharma.kz/ksarelto-10-mg-no-30-tabl-pplen-oboloch,2026-08-13 15:07:35
Лекарственные средства,Лечение жкт,,Омез 10 мг № 30 капс покр кишечнораст оболочкой,Dr.Reddy`s Laboratories L,Индия,2 545 ₸,https://europharma.kz/omez-10-mg-no-30-kaps-pokr-kishechnorast-obolochkoy,2026-08-13 15:07:36
Лекарственные средства,Гормональные препараты,,Долместр 50 мл раствор для приема внутрь,Эрба Вита,Италия,8 510 ₸,https://europharma.kz/dolmestr-50-ml-rastvor-dlya-priyema-vnutr,2026-08-13 15:07:37
Лекарственные средства,Анальгетики,,"Азитромицин Авексима, таблетки, покрытые пленочной оболочкой, 500 мг №3 500 мг","АОА ""Ирбитский химфарзавод"" (Россия).",,1 845 ₸,https://europharma.kz/azitromitsin-aveksima-tabletki-pokrytyye-plenochnoy-obolochkoy-500-mg-no3-500-mg,2026-08-13 15:07:38
Лекарственные средства,Лечение лор заболеваний,Антикогестанты и другие назальные препараты для местного применения.,"Отривин 0,1% 10 гр спрей назальный",Novartis Consumer Health,Швейцария,1 860 ₸,https://europharma.kz/otrivin-01-10-gr-sprey-nazalnyy,2026-08-13 15:07:39
Лекарственные средства,Лечение сердечно-сосудистых заболеваний,,Кворекс для приема внутрь 75 мг № 20 табл покрытые оболочкой,Химфарм ФЗ АО,Казахстан,10 115 ₸,https://europharma.kz/kvoreks-dlya-priyema-vnutr-75-mg-no-20-tabl-pokrytyye-obolochkoy,2026-08-13 15:07:41
Лекарственные средства,Антибиотики,,"Нолицин 400 мг, №20, табл.",KRKA d.d.,Словения,3 485 ₸,https://europharma.kz/nolicin-400-mg-no20-tabl,2026-08-13 15:07:42
Лекарственные средства,Лечение жкт,,"Энтеросгель? 22,5 г №10 паста для приема внутрь",Силма ТНК ООО,,8 435 ₸,https://europharma.kz/enterosgel-225-g-no10-pasta-dlya-priyema-vnutr,2026-08-13 15:07:43
Лекарственные средства,Противовирусные препараты,,Амизон МАКС 500мг №20 капс,Фармак ОАО,,6 975 ₸,https://europharma.kz/amizon-maks-500mg-no20-kaps,2026-08-13 15:07:44
Лекарственные средства,Лечение сердечно-сосудистых заболеваний,"Препараты для лечения заболеваний сердечно-сосудистой системы. Препараты, влияющие на систему ренин-ангиотензин. Ангиотензина II антагонисты в комбинации с другими препаратами. Ангиотензина II антагонисты, другие комбинации. Сакубитрил/валсартан.","Юперио 200 мг №28,табл",Novartis Pharma AG,Швейцария,18 245 ₸,https://europharma.kz/yuperio-200-mg-no28tabl,2026-08-13 15:07:45
Лекарственные средства,Анальгетики,Нестероидные противовоспалительные препараты. Противовоспалительные и противоревматические препараты. Уксусной кислоты производные. Диклофенак.,Диклоберл ретард 100 мг № 20 капс,Берлин-Хеми АГ (Менарини,Германия,2 015 ₸,https://europharma.kz/dikloberl-retard-100-mg-no-20-kaps,2026-08-13 15:07:46
Лекарственные средства,Лечение лор заболеваний,Препараты для лечения заболеваний горла. Антисептики.,"Граммидин детский 1,5 мг+1 мг № 18 табл",Валента Фармацевтика ОАО,Россия,4 590 ₸,https://europharma.kz/grammidin-detskiy-15-mg1-mg-no-18-tabl,2026-08-13 15:07:47
Лекарственные средства,Лечение жкт,Пищеварительный тракт и обмен веществ. Препараты для лечения функциональных желудочно-кишечных расстройств. Стимуляторы моторики желудочно-кишечного тракта. Метоклопрамид.,Церукал 10 мг № 50 табл,Pliva Hrvatska d.o.o.,Хорватия,1 320 ₸,https://europharma.kz/tserukal-10-mg-no-50-tabl,2026-08-13 15:07:48
Лекарственные средства,Лечение заболеваний опорно-двигательного аппарата,Нестероидные противовоспалительные препараты для местного применения.Диклофенак.,Вольтарен 1% 20 гр эмульгель,Novartis Consumer Health,Швейцария,1 475 ₸,https://europharma.kz/voltaren-1-20-gr-emulgel,2026-08-13 15:07:49
Лекарственные средства,Лечение глаз,Препараты для лечения заболеваний глаз.,Бестоксол 4% 10 мл капли глазные,World Medicine,Румыния,2 440 ₸,https://europharma.kz/bestoksol-4-10-ml-kapli-glaznyye,2026-08-13 15:07:52
Лекарственные средства,Лечение ран и ожогов,Дерматология. Антибактериальные препараты и противомикробные препараты для лечения заболеваний кожи. Антибактериальные препараты для местного применения. Прочие антибактериальные препараты для местного применения.,Банеоцин д/наруж применения 20 г мазь,Сандоз Фармасьютикалс д.д.,Австрия,3 630 ₸,https://europharma.kz/baneotsin-dnaruzh-primeneniya-20-g-maz,2026-08-13 15:07:53
Лекарственные средства,Средства от аллергии,Антигистаминные средства системного действия,Тавегил 1 мг № 20 табл,Novartis Consumer Health,Швейцария,2 550 ₸,https://europharma.kz/tavegil-1-mg-no-20-tabl,2026-08-13 15:07:54
Лекарственные средства,Таблетки от кашля № 10 табл,Препараты для устранения симптомов простуды и кашля.,Таблетки от кашля № 10 табл,Татхимфарм,Россия,145 ₸,https://europharma.kz/tabletki-ot-kashlya-no-10-tabl,2026-08-13 15:07:55
Лекарственные средства,Лечение печени,Пищеварительный тракт и обмен веществ. Препараты для лечения заболеваний печени и желчевыводящих путей. Препараты для лечения заболеваний печени.,Гепа-мерц 5 г № 30 гран.д/пригот-я р-ра,Мерц Фарма ГмбХ и Ко. КГа,Германия,22 530 ₸,https://europharma.kz/gepa-merts-5-g-no-30-grandprigot-ya-r-ra,2026-08-13 15:07:56
Лекарственные средства,Лечение заболеваний опорно-двигательного аппарата,Нестероидные противовоспалительные препараты для местного применения. Кетопрофен.,"Фастум гель 2,5 % 50 гр",Берлин-Хеми АГ (Менарини,Германия,2 764 ₸,https://europharma.kz/fastum-gel-25-50-gr,2026-08-13 15:07:57
Лекарственные средства,Инъекционные растворы и ампулы,,Алфлутоп 1% 2мл № 10 амп,Биотехнос С.А.,,25 530 ₸,https://europharma.kz/alflutop-1-2ml-no-10-amp,2026-08-13 15:07:58
Лекарственные средства,Анальгетики,Нестероидные противовоспалительные препараты. Производные уксусной кислоты.,Кеторол 10 мг № 20 табл п/плён оболоч,Dr.Reddy`s Laboratories L,Индия,1 310 ₸,https://europharma.kz/ketorol-10-mg-no-20-tabl-pplen-oboloch,2026-08-13 15:07:59
Лекарственные средства,Лечение лор заболеваний,Препараты для устранения симптомов простуды и кашля.,"Инсти-чай травяной от гриппа и простуды №10, пакетики",Хербион,Пакистан,2 185 ₸,https://europharma.kz/insti-chay-travyanoy-ot-grippa-i-prostudy-no10-paketiki,2026-08-13 15:08:00
Лекарственные средства,Анальгетики,Другие анальгетики-антипиретики. Пиразолоны.,"Анальгин 0,5 г № 10 табл",Ирбитский химико-фармацев,Россия,440 ₸,https://europharma.kz/analgin-05-g-no-10-tabl-2,2026-08-13 15:08:01
Лекарственные средства,Анальгетики,Препараты для лечения заболеваний костно-мышечной системы. Противовоспалительные и противоревматические препараты. Нестероидные противовоспалительные препараты. Производные уксусной кислоты.,Кеторол 30 гр гель,Dr.Reddy`s Laboratories L,Индия,2 205 ₸,https://europharma.kz/ketorol-30-gr-gel,2026-08-13 15:08:02
Лекарственные средства,Кожные заболевания,Глюкокортикостероиды для местного лечения заболеваний кожи. Глюкокортикостероиды. Глюкокортикостероиды активные (группа 3). Бетаметазон.,"Нобетазон 0,1% 30 гр мазь",Нобел АФФ,Казахстан,2 855 ₸,https://europharma.kz/nobetazon-01-30-gr-maz,2026-08-13 15:08:03
Лекарственные средства,Лечение ран и ожогов,Препараты для лечения ран и язв. Препараты для лечения гиперрубцевания.,Контрактубекс 20 г гель,Фарма Гарант,Германия,6 375 ₸,https://europharma.kz/kontraktubeks-20-g-gel,2026-08-13 15:08:04
Лекарственные средства,Антибиотики,Противомикробные препараты для системного использования. Макролиды.,Фромилид 500 мг № 14 табл,KRKA d.d.,Словения,6 080 ₸,https://europharma.kz/fromilid-500-mg-no-14-tabl,2026-08-13 15:08:05
Лекарственные средства,Лечение жкт,Фармакологические свойства,Рефубел Адванс 200 мл фл,Нобел АФФ,Казахстан,4 115 ₸,https://europharma.kz/refubel-advans-200-ml-fl,2026-08-13 15:08:06
Лекарственные средства,Средства от аллергии,Антигистаминные препараты системного действия другие.,Лордес 5 мг № 10 табл п/плён оболоч,Нобел АФФ,Казахстан,3 205 ₸,https://europharma.kz/lordes-5-mg-no-10-tabl-pplen-oboloch,2026-08-13 15:08:07
Лекарственные средства,Лечение головного кровооброщения,Средства для устранения головокружения.,"Бетагист 24 мг, №30, табл.",Нобел АФФ,Казахстан,5 415 ₸,https://europharma.kz/betagist-24-mg-no30-tabl,2026-08-13 15:08:08
Лекарственные средства,Кожные заболевания,Глюкокортикостероиды для местного лечения заболеваний кожи. Глюкокортикостероиды. Глюкокортикостероиды активные (группа 3). Бетаметазон.,"Нобетазон 0,1% 30 гр крем",Нобел АФФ,Казахстан,2 700 ₸,https://europharma.kz/nobetazon-01-30-gr-krem,2026-08-13 15:08:09
Лекарственные средства,Лечение лор заболеваний,,Стрепсилс Интенсив мед-лимон № 24 леденцы,Рекитт Бенкизер Хэлскер Интернешнл Лтд,Великобритания,3 285 ₸,https://europharma.kz/strepsils-intensiv-med-limon-no-24-ledentsy,2026-08-13 15:08:10
Лекарственные средства,Женские препараты,Половые гормоны и модуляторы половой системы. Гормональные контрацептивы для системного использования. Прогестагены и эстрогены (фиксированные сочетания).,"Силует 2 мг/0,03 мг № 21 табл",Гедеон Рихтер ОАО,Венгрия,4 572 ₸,https://europharma.kz/siluyet-2-mg003-mg-no-21-tabl,2026-08-13 15:08:11
Лекарственные средства,Лечение лор заболеваний,,Аквалор беби для детей 125 мл спрей назальный,Нижфарм ОАО,Франция,5 060 ₸,https://europharma.kz/akvalor-bebi-dlya-detey-125-ml-sprey-nazalnyy,2026-08-13 15:08:12
Лекарственные средства,Анальгетики,Нестероидные противовоспалительные препараты. Пропионовой кислоты производные. Флурбипрофен.,"Мапрофен 100 мг, №10, табл., покрытые оболочкой",Нобел АФФ,Казахстан,1 795 ₸,https://europharma.kz/maprofen-100-mg-no10-tabl-pokrytye-obolockoj,2026-08-13 15:08:13
Лекарственные средства,Противогрибковые средства,,Флуконазол-Тева 150 мг №1 капс.,Teva Pharmaceutical Works Private Limited Company,,,https://europharma.kz/flukonazol-teva-150-mg-no1-kaps,2026-08-13 15:08:14
Лекарственные средства,Противокашлевые препараты,Отхаркивающие препараты. Муколитики. Бромгексин.,Бромгексин 8 мг № 25 драже,Берлин-Хеми АГ (Менарини,Германия,740 ₸,https://europharma.kz/bromgeksin-8-mg-no-25-drazhe,2026-08-13 15:08:15
Лекарственные средства,Противогрибковые средства,Антисептики и противомикробные препараты для лечения гинекологических заболеваний (исключая комбинации с кортикостероидами). Нистатин в комбинации с другими препаратами,Макмирор 500 мг № 8 вагин. суппозитории,Doppel Farmaceutici S.r.I,Италия,8 092 ₸,https://europharma.kz/makmiror-500-mg-no-8-vagin-suppozitorii,2026-08-13 15:08:16
Лекарственные средства,Лечение лор заболеваний,,Аквалор софт 125 мл спрей назальный,Нижфарм ОАО,Франция,5 000 ₸,https://europharma.kz/akvalor-soft-125-ml-sprey-nazalnyy,2026-08-13 15:08:17
Лекарственные средства,Анальгетики,,Интрафен 400 мг/4мл 4мл №10р/р для в/в введения,Производственное подразделение-фабрика АО Ген Илач,Турция,14 660 ₸,https://europharma.kz/intrafen-400-mg4ml-4ml-no10rr-dlya-vv-vvedeniya,2026-08-13 15:08:18
Лекарственные средства,Жаропонижающие,"Костно-мышечная система. Противовоспалительные и противоревматические препараты. Противовоспалительные и противоревматические препараты, нестероидные. Пропионовой кислоты производные. Ибупрофен",Нурофен Экспресс 200 мг № 10 табл покрытые оболочкой,Рекитт Бенкизер Хэлскер Интернешнл Лтд,Великобритания,1 365 ₸,https://europharma.kz/nurofen-ekspress-200-mg-no-10-tabl-pokrytyye-obolochkoy,2026-08-13 15:08:19
Лекарственные средства,Противокашлевые препараты,,Траволайф Плющ сироп 7мг/мл 100мл №1,ЛОЗЕН ФАРМА Приват Лимитед,,4 370 ₸,https://europharma.kz/travolayf-plyushch-sirop-7mgml-100ml-no1,2026-08-13 15:08:20
Лекарственные средства,Противовоспалительные средства,"Антисептики и дезинфицирующие препараты, прочие",Диоксидин 10 мг/ мл 5 мл № 10 амп,Новосибхимфарм ОАО,Россия,7 135 ₸,https://europharma.kz/dioksidin-10-mg-ml-5-ml-no-10-amp,2026-08-13 15:08:21
Лекарственные средства,Лечение глаз,,Тетрациклиновая 1% 10 гр гл. мазь,Татхимфарм,Россия,2 185 ₸,https://europharma.kz/tetratsiklinovaya-1-10-gr-gl-maz,2026-08-13 15:08:24
Лекарственные средства,Лечение лор заболеваний,,Марисоль форте гипертонический спрей назальный 50 мл,Esensa D.O.O,,2 560 ₸,https://europharma.kz/marisol-forte-gipertoniceskij-sprej-nazalnyj-50-ml,2026-08-13 15:08:25
Лекарственные средства,Противовоспалительные средства,Нестероидные противовоспалительные препараты. Производные пропионовой кислоты. Ибупрофен.,"Ибуфлекс таблетки 400 мг №10, таблетки покрытые оболочкой","ООО ""Рубикон"", Республика Беларусь",,1 065 ₸,https://europharma.kz/ibufleks-tabletki-400-mg-no10-tabletki-pokrytyye-obolochkoy,2026-08-13 15:08:26
Лекарственные средства,Лечение жкт,Препараты для лечения функциональных расстройств кишечника. Другие препараты для лечения функциональных расстройств кишечника. Силиконы.,"Эспумизан 40 мг, №50, капс.",Берлин-Хеми АГ (Менарини,Германия,3 475 ₸,https://europharma.kz/espumizan-40-mg-no50-kaps,2026-08-13 15:08:27
Лекарственные средства,Противокашлевые препараты,Отхаркивающие препараты. Муколитики.,Бромгексин 4 мг 60мл сироп,Берлин-Хеми АГ (Менарини,Германия,1 615 ₸,https://europharma.kz/bromgeksin-4-mg-60ml-sirop,2026-08-13 15:08:28
Лекарственные средства,Инъекционные растворы и ампулы,,"Натрия хлорид 0,9% р-р д/ин-й 10 мл № 10 амп",Досфарм,Россия,675 ₸,https://europharma.kz/natriya-khlorid-09-r-r-din-y-10-ml-no-10-amp,2026-08-13 15:08:29
Лекарственные средства,Анальгетики,Другие нестероидные противовоспалительные препараты. Нимесулид.,Найз 100 мг № 20 табл,Dr.Reddy`s Laboratories L,Индия,1 415 ₸,https://europharma.kz/nayz-100-mg-no-20-tabl,2026-08-13 15:08:30
Лекарственные средства,Анальгетики,Нестероидные противовоспалительные препараты. Пропионовой кислоты производные. Флурбипрофен.,Мапрофен 100 мг № 30 табл п/плён оболоч,Нобел АФФ,Казахстан,4 565 ₸,https://europharma.kz/maprofen-100-mg-no-30-tabl-pplen-oboloch,2026-08-13 15:08:31
Лекарственные средства,Персен ночной № 20 капс,Прочие снотворные и седативные средства,Персен ночной № 20 капс,Lek Pharmaceuticals d.d.,Словения,6 165 ₸,https://europharma.kz/persen-nochnoy-no-20-kaps,2026-08-13 15:08:33
Лекарственные средства,Лечение почек,,"Уростин №45,капс",Noventis s.r.o,Чешская республика,6 860 ₸,https://europharma.kz/urostin-no45kaps,2026-08-13 15:08:34
Лекарственные средства,Мужские препараты,"Препараты для лечения урологических заболеваний. Другие препараты для лечения урологических заболеваний, включая спазмолитики. Препараты для лечения нарушений эрекции. Силденафил",Синегра 100 мг № 12 табл п/плён оболоч,Нобел АФФ,Казахстан,17 030 ₸,https://europharma.kz/sinegra-100-mg-no-12-tabl-pplen-oboloch,2026-08-13 15:08:35
Лекарственные средства,Анальгетики,Другие препараты для местного лечения заболеваний опорно-двигательного аппарата,Найз 1% 20 г гель,Dr.Reddy`s Laboratories L,Индия,1 540 ₸,https://europharma.kz/nayz-1-20-g-gel,2026-08-13 15:08:36
Лекарственные средства,Пробиотики и пребиотики,Пробиотический комплекс,Пробиз №30 капс,Unigue Biotech Limited,Индия,4 890 ₸,https://europharma.kz/probiz-no30-kaps,2026-08-13 15:08:37
Лекарственные средства,Рецептурные препараты,Растворы влияющие на водно-солевой баланс,Дисоль 200 мл флак,Биосинтез ОАО,Россия,715 ₸,https://europharma.kz/disol-200-ml-flak,2026-08-13 15:08:38
Лекарственные средства,Лечение лор заболеваний,Деконгестанты и другие назальные препараты для местного применения. Глюкокортикостероиды. Мометазон,Ризонель 50 мкг/доза 140 доз 18 г спрей назальный,Абди Ибрахим Илач,Турция,4 325 ₸,https://europharma.kz/rizonel-50-mkgdoza-140-doz-18-g-sprey-nazalnyy,2026-08-13 15:08:39
Лекарственные средства,Клабел 250 мг/5 мл 70 мл сусп д/ приема внутрь,"Противоинфекционные препараты для системного применения. Антибактериальные препараты для системного применения. Макролиды, линкозамиды и стрептограмины. Макролиды. Кларитромицин.",Клабел 250 мг/5 мл 70 мл сусп д/ приема внутрь,Нобел АФФ,Казахстан,6 092 ₸,https://europharma.kz/klabel-250-mg5-ml-70-ml-susp-d-priyema-vnutr,2026-08-13 15:08:40
Лекарственные средства,Лечение артериального давления,"Препараты, влиющие на ренин-ангиотензиновую систему. Антагонисты ангиотензина II. Азилсартан медоксомил.
Код АТХ C09CA09",Эдарби 80 мг № 28 табл,Такеда Фармасьютикал Комапани Лтд.,Япония,13 115 ₸,https://europharma.kz/edarbi-80-mg-no-28-tabl,2026-08-13 15:08:41
Лекарственные средства,Лечение печени,Препараты для лечения заболеваний печени и желчевыводящих путей. Препараты для лечения заболевания желчного пузыря. Препараты желчных кислот. Урсодезоксихолевая кислота.,Урсоцид 250 мг №30 капс,Нобел АФФ,Казахстан,5 630 ₸,https://europharma.kz/ursocid-250-mg-no30-kaps,2026-08-13 15:08:42
Лекарственные средства,Рецептурные препараты,Растворы влияющие на водно-солевой баланс,"Дисоль 400 мл., фл.",Биосинтез ОАО,Россия,820 ₸,https://europharma.kz/disol-400-ml-fl-3,2026-08-13 15:08:43
Лекарственные средства,Инъекционные растворы и ампулы,,Феринжект раствор для внутривенного введения 50мг/мл 10мл №1,,Германия,47 300 ₸,https://europharma.kz/ferinzhekt-rastvor-dlya-vnutrivennogo-vvedeniya-50mgml-10ml-no1,2026-08-13 15:08:44
Лекарственные средства,Лечение глаз,,Тетрациклиновая 1% 3 гр гл. мазь,Татхимфарм,Россия,1 065 ₸,https://europharma.kz/tetratsiklinovaya-1-3-gr-gl-maz,2026-08-13 15:08:45
Лекарственные средства,Лечение глаз,Фармакологические свойства,"Эритромициновая 10 гр, гл. мазь",Татхимфарм,Россия,520 ₸,https://europharma.kz/eritromitsinovaya-10-gr-gl-maz,2026-08-13 15:08:46
Лекарственные средства,Мужские препараты,"Препараты для лечения урологических заболеваний. Другие препараты для лечения урологических заболеваний, включая спазмолитики. Препараты для лечения нарушений эрекции. Силденафил",Синегра 50 мг № 12 табл п/плён оболоч,Нобел АФФ,Казахстан,12 561 ₸,https://europharma.kz/sinegra-50-mg-no-12-tabl-pplen-oboloch,2026-08-13 15:08:47
Лекарственные средства,Противокашлевые препараты,Препараты для устранения симптомов простуды и кашля. Отхаркивающие препараты. Mуколитики. Карбоцистеин,"Мукосол 375 мг, №20, капс.",Медикал Юнион Фармасьютикалс,Египет,2 495 ₸,https://europharma.kz/mukosol-375-mg-no20-kaps,2026-08-13 15:08:48
Лекарственные средства,Лечение артериального давления,"Препараты, влиющие на ренин-ангиотензиновую систему. Антагонисты ангиотензина II. Азилсартан медоксомил.
Код АТХ C09CA09",Эдарби 40 мг № 28 табл,Такеда Фармасьютикал Комапани Лтд.,Япония,7 995 ₸,https://europharma.kz/edarbi-40-mg-no-28-tabl,2026-08-13 15:08:49
Лекарственные средства,Лечение заболеваний опорно-двигательного аппарата,Препараты для лечения заболеваний опорно-двигательного аппарата прочие.,"Траумель С 2,2 мл №5,р-р д/ин.амп",Biologische Heilmittel Heel GmbH,Германия,5 955 ₸,https://europharma.kz/traumel-s-22-ml-no5r-r-dinamp,2026-08-13 15:08:50
Лекарственные средства,Лечение сердечно-сосудистых заболеваний,Прочие препараты для лечения заболеваний сердца. Прочие кардиотонические препараты. Мельдоний,Рипронат 10% раствор д/инъекций 100 мг/мл 5мл № 10 амп,Мефар Илач Санаи А.Ш,Румыния,6 910 ₸,https://europharma.kz/ripronat-10-rastvor-dinyektsiy-100-mgml-5ml-no-10-amp,2026-08-13 15:08:51
Лекарственные средства,Для повышения иммунитета,Препараты для лечения ран и язв. Препараты для лечения гиперрубцевания. Другие препараты для лечения гиперрубцевания,"Прополиса 10%, 25 мл, настойка, шт",Аксу Дзен ТОО СП,Казахстан,640 ₸,https://europharma.kz/propolisa-10-25-ml-nastoyka-sht,2026-08-13 15:08:52
Лекарственные средства,Лечение лор заболеваний,Препараты для лечения заболеваний горла. Антисептики,Ангисепт № 10 табл,Жанафарм Фирма ТОО,Казахстан,220 ₸,https://europharma.kz/angisept-no-10-tabl,2026-08-13 15:08:53
Лекарственные средства,Мужские препараты,"Мочеполовая система и половые гормоны. Урологические препараты. Урологические препараты другие. Препараты, применяемые при эректильной дисфункции. Тадалафил.",Эрлис 20 мг №1,Фармацевтический завод «ПОЛЬФАРМА» АО Отдел Медана,,2 220 ₸,https://europharma.kz/erlis-20-mg-no1,2026-08-13 15:08:54
Лекарственные средства,Лечение сердечно-сосудистых заболеваний,Прочие препараты для лечения заболеваний сердца. Мельдоний.,"Милдронат 10%, 5 мл, №20, амп.",ХБМ Фарма с.р.о,Словакия,13 756 ₸,https://europharma.kz/mildronat-10-5-ml-no20-amp,2026-08-13 15:08:57
Лекарственные средства,Лечение сахарного диабета,Сахароснижающие препараты для перорального приема.,Амарил 3 мг № 30 табл,Санофи-Авентис,Франция,3 815 ₸,https://europharma.kz/amaril-3-mg-no-30-tabl,2026-08-13 15:08:58
Лекарственные средства,Лечение лор заболеваний,,"Ангисептин №18, таблетки","ООО ""Рубикон"", Республика Беларусь",,2 265 ₸,https://europharma.kz/angiseptin-no18-tabletki,2026-08-13 15:08:59
Лекарственные средства,Женские препараты,,Вагилайф № 10 вагин. суппозитории,Biofaktor Sp. z o. o.,Польша,7 090 ₸,https://europharma.kz/vagilayf-no-10-vagin-suppozitorii,2026-08-13 15:09:00
Лекарственные средства,Лечение глаз,Противоглаукомные препараты и миотики. Бета – адреноблокаторы. Тимолол в комбинации с другими препаратами.,"Дорзасопт 5 мл, гл. капли",Ромфарм Компания СРЛ,Румыния,7 485 ₸,https://europharma.kz/dorzasopt-5-ml-gl-kapli,2026-08-13 15:09:01
Лекарственные средства,Мужские препараты,Препараты для лечения урологических заболеваний. Препараты для лечения доброкачественной гипертрофии простаты. Прочие препараты для лечения доброкачественной гипертрофии простаты. Пальмы ползучей препарат.,Простамол Уно № 30 капс,Берлин-Хеми АГ (Менарини,Германия,7 730 ₸,https://europharma.kz/prostamol-uno-no-30-kaps,2026-08-13 15:09:02
Лекарственные средства,Инъекционные растворы и ампулы,,Ацесоль 200мл,"ОАФ НПК Эском, Россия",,655 ₸,https://europharma.kz/atsesol-200ml,2026-08-13 15:09:03
Лекарственные средства,Анальгетики,Прочие нестероидные противовоспалительные препараты,Нимулид 100 мг № 30 табл,Panacea Biotec Ltd,Индия,2 235 ₸,https://europharma.kz/nimulid-100-mg-no-30-tabl,2026-08-13 15:09:04
Лекарственные средства,Слабительные препараты,,Фитолакс 100 мл раствор,Эвалар ЗАО,Россия,4 480 ₸,https://europharma.kz/fitolaks-100-ml-rastvor,2026-08-13 15:09:05
Лекарственные средства,Лечение лор заболеваний,Деконгестанты и другие назальные препараты для местного применения. Глюкокортикостероиды. Мометазон,Ризонель 50 мкг/доза 70 доз 9 г спрей назальный,Абди Ибрахим Илач,Турция,2 625 ₸,https://europharma.kz/rizonel-50-mkgdoza-70-doz-9-g-sprey-nazalnyy,2026-08-13 15:09:06
Лекарственные средства,Лечение неврологических нарушений,Снотворные и седативные средства.,"Корвалтаб №20, табл.",Мерк С.Л.,Украина,1 040 ₸,https://europharma.kz/korvaltab-no20-tabl,2026-08-13 15:09:07
Лекарственные средства,Лечение сахарного диабета,Сахароснижающие препараты для перорального приема.,"Амарил 4 мг, №30, табл.",Санофи-Авентис,Франция,4 632 ₸,https://europharma.kz/amaril-4-mg-no30-tabl,2026-08-13 15:09:08
Лекарственные средства,Препараты урологии и гинекологии,,"Ярина® Плюс, таблетки, покрытые пленочной оболочкой №28","Байер Веймар ГмбХ и Ко.КГ, Германия",,6 547 ₸,https://europharma.kz/yarina-plyus-tabletki-pokrytyye-plenochnoy-obolochkoy-no28,2026-08-13 15:09:09
Лекарственные средства,Инъекционные растворы и ампулы,Стимуляторы гемопоэза. Витамин В12 и фолиевая кислота. Цианокобаламин и его производные. Цианокобаламин.,"Вит В12 200мкг, 1 мл, №10, амп.",Химфарм ФЗ АО,Казахстан,1 190 ₸,https://europharma.kz/vit-v12-200mkg-1-ml-no10-amp,2026-08-13 15:09:11
Лекарственные средства,Противоастматические препараты,,"Сальбутамол АВ аэр.100мкг/доза, 200 доз",Алтайвитамины ЗАО,,1 335 ₸,https://europharma.kz/salbutamol-av-aer100mkgdoza-200-doz,2026-08-13 15:09:12
Лекарственные средства,Панадол детский 125 мг/5мл 100 мл суспензия для приема внутрь,Анальгетики-антипиретики другие. Анилиды. Парацетамол.,Панадол детский 125 мг/5мл 100 мл суспензия для приема внутрь,ФАРМАКЛЕР,Франция,2 135 ₸,https://europharma.kz/panadol-detskiy-125-mg5ml-100-ml-suspenziya-dlya-priyema-vnutr,2026-08-13 15:09:13
Лекарственные средства,Лечение глаз,Противоглаукомное средство,"Латасопт 0,005% 2,5 мл капли глазные",Ромфарм Компания,Румыния,7 660 ₸,https://europharma.kz/latasopt-0005-25-ml-kapli-glaznyye,2026-08-13 15:09:14
Лекарственные средства,Анальгетики,Прочие нестероидные противовоспалительные средства.,Диафлекс 50 мг № 30 капс,Ромфарм Компания СРЛ,Румыния,6 800 ₸,https://europharma.kz/diafleks-50-mg-no-30-kaps,2026-08-13 15:09:15
Лекарственные средства,Лечение лор заболеваний,,ЛЕКАДОЛ®,,,5 555 ₸,https://europharma.kz/lekadol,2026-08-13 15:09:16
Лекарственные средства,Лечение заболеваний опорно-двигательного аппарата,"Препараты для лечения заболеваний костей. Другие препараты, влияющие на структуру и минерализацию костей.",Остеогенон 830 мг № 40 табл покрытые оболочкой,Pierre Fabre Medicament,Франция,9 975 ₸,https://europharma.kz/osteogenon-830-mg-no-40-tabl-pokrytyye-obolochkoy,2026-08-13 15:09:17
Лекарственные средства,Лечение сердечно-сосудистых заболеваний,"Сердечно-сосудистая система. Липид-модифицирующие препараты. Липид-модифицирующие препараты, простые. HMG-CoA-редуктазы ингибиторы. Аторвастатин",Аторвастатин-САНТО 10 мг № 30 табл п/о,Химфарм ФЗ АО,Беларусь,2 355 ₸,https://europharma.kz/atorvastatin-santo-10-mg-no-30-tabl-po,2026-08-13 15:09:18
Лекарственные средства,Лечение глаз,,"ОКУТИАРЗ® ГИДРО +, капли глазные, 10 мл",OFFHEALTH S.P.A.,,7 295 ₸,https://europharma.kz/okutiarz-gidro-kapli-glaznyye-10-ml,2026-08-13 15:09:19
Лекарственные средства,Антибиотики,,Фитомуцил Слим Смарт порошок 5 г пакетики №30,Pharmamed,США,13 480 ₸,https://europharma.kz/fitomucil-slim-smart-porosok-5-g-paketiki-no30,2026-08-13 15:09:20
Лекарственные средства,Мужские препараты,Препараты для лечения урологических заболеваний. Препараты для лечения доброкачественной гипертрофии простаты. Прочие препараты для лечения доброкачественной гипертрофии простаты. Пальмы ползучей препарат.,Простамол Уно № 60 капс,Берлин-Хеми АГ (Менарини,Германия,13 730 ₸,https://europharma.kz/prostamol-uno-no-60-kaps,2026-08-13 15:09:21
Лекарственные средства,Антибиотики,"Противодиарейные, кишечные противовоспалительные и противомикробные препараты. Антибактериальные препараты.",Альфа Нормикс 200 мг № 12 табл покрытые оболочкой,Альфа Сигма С.п.А.,Италия,8 120 ₸,https://europharma.kz/alfa-normiks-200-mg-no-12-tabl-pokrytyye-obolochkoy,2026-08-13 15:09:22
Лекарственные средства,Лечение сахарного диабета,Сахароснижающие препараты для перорального приема.,Амарил 2 мг № 30 табл,Санофи-Авентис,Франция,2 545 ₸,https://europharma.kz/amaril-2-mg-no-30-tabl,2026-08-13 15:09:23
Лекарственные средства,Лечение жкт,Препараты для лечения функциональных расстройств кишечника. Другие препараты для лечения функциональных расстройств кишечника. Силиконы.,"Эспумизан 40 мг, №25, капс.",Берлин-Хеми АГ (Менарини,Германия,2 040 ₸,https://europharma.kz/espumizan-40-mg-no25-kaps,2026-08-13 15:09:24
Лекарственные средства,Мужские препараты,"Препараты для лечения заболеваний урогенитальных органов и половые гормоны. Препараты для лечения урологических заболеваний. Другие препараты для лечения урологических заболеваний. Комбинированные препараты, применяемые при нарушении эрекции.","Синегра LONG 50мг/30мг, №1, табл.",Нобел АФФ,Казахстан,3 560 ₸,https://europharma.kz/sinegra-long-50mg30mg-no1-tabl,2026-08-13 15:09:25
Лекарственные средства,Противовоспалительные средства,Нестероидные противовоспалительные препараты. Производные пропионовой кислоты. Ибупрофен.,"Ибуфлекс таблетки 400 мг №20, таблетки покрытые оболочкой","ООО ""Рубикон"", Республика Беларусь",,1 690 ₸,https://europharma.kz/ibufleks-tabletki-400-mg-no20-tabletki-pokrytyye-obolochkoy,2026-08-13 15:09:26
Лекарственные средства,Мужские препараты,"Диуретики. Нетиазидные диуретики, действующие на кортикальный сегмент петли Генле. Сульфонамиды. Индапамид.","Равел СР 1,5 мг, №30, табл.",KRKA d.d.,Словения,1 646 ₸,https://europharma.kz/ravel-sr-15-mg-no30-tabl,2026-08-13 15:09:27
Лекарственные средства,Кожные заболевания,Другие противомикробные препараты для наружного применения. Противовирусные препараты. Ацикловир,Зовиракс 5% 2 гр крем д/губ,GlaxoSmithKline SpA,Великобритания,3 480 ₸,https://europharma.kz/zoviraks-5-2-gr-krem-dgub,2026-08-13 15:09:30
Лекарственные средства,Пробиотики и пребиотики,,"Био-Гая капли с вит Д3,5 мл",ТуПек АБ,Швеция,8 725 ₸,https://europharma.kz/bio-gaa-kapli-s-vit-d35-ml,2026-08-13 15:09:31
Лекарственные средства,Антибиотики,,"Сефабел порошок 1г, №1",Нобел АФФ,Турция,1 715 ₸,https://europharma.kz/sefabel-porosok-1g-no1,2026-08-13 15:09:32
Лекарственные средства,Лечение сердечно-сосудистых заболеваний,"Сердечно-сосудистая система. Липид-модифицирующие препараты. Липид-модифицирующие препараты, простые. HMG-CoA-редуктазы ингибиторы. Аторвастатин",Аторвастатин-САНТО 20 мг № 30 табл п/о,Химфарм ФЗ АО,Казахстан,3 904 ₸,https://europharma.kz/atorvastatin-santo-20-mg-no-30-tabl-po,2026-08-13 15:09:33
Лекарственные средства,Противогрибковые средства,Прочие противогрибковые препараты для наружного применения,"Эрбинол 1%, 20 мл, спрей",Ромфарм Компания,Румыния,3 387 ₸,https://europharma.kz/erbinol-1-20-ml-sprej,2026-08-13 15:09:34
Лекарственные средства,Гинекологические препараты,Антисептики и противомикробные препараты для лечения гинекологических заболеваний. Антибактериальные препараты. Клиндамицин.,Клиндабиокс 100 мг № 3 вагин. суппозитории,FARMAPRIM SRL,"Молдова, республика",5 260 ₸,https://europharma.kz/klindabioks-100-mg-no-3-vagin-suppozitorii,2026-08-13 15:09:35
Лекарственные средства,Кожные заболевания,Кортикостероиды для системного использования. Глюкокортикостероиды.,"Дексаметазон 4 мг/1 мл, № 25, амп.",Ромфарм Компания СРЛ,Румыния,3 230 ₸,https://europharma.kz/deksametazon-4-mg1-ml-no-25-amp-2,2026-08-13 15:09:36
Лекарственные средства,Лечение лор заболеваний,Препараты для лечения заболеваний носа. Деконгенстанты и другие препараты для местного применения. Симпатомиметики. Оксиметазолин,"Називин 0,025% 10 мл капли",Nycomed Austria GmbH,Австрия,1 530 ₸,https://europharma.kz/nazivin-0025-10-ml-kapli,2026-08-13 15:09:37
Лекарственные средства,Антисептики,Антисептики и дезинфицирующие препараты. Препараты йода,Повидон-йод DF раствор 100 мл,Досфарм,Казахстан,860 ₸,https://europharma.kz/povidon-yod-df-rastvor-100-ml,2026-08-13 15:09:38
Лекарственные средства,Лечение сердечно-сосудистых заболеваний,Минеральные добавки. Прочие минеральные вещества.,Аспаркам № 50 табл,Здоровье Харьковское госу,Украина,860 ₸,https://europharma.kz/asparkam-no-50-tabl,2026-08-13 15:09:39
Лекарственные средства,Лечение лор заболеваний,Респираторная система. Назальные препараты. Деконгестанты и другие назальные препараты для местного применения. Симпатомиметики. Ксилометазолин.,"Риномарис Адванс 0,05% 10 мл спрей назальный",Ядран-Галенски Лабораторий а.о.,Хорватия,3 575 ₸,https://europharma.kz/rinomaris-advans-005-10-ml-sprey-nazalnyy,2026-08-13 15:09:40
Лекарственные средства,"Инокаин 0,4%, 5 мл, гл. капли",Препараты для лечения заболеваний глаз. Анестетики местные. Оксибупрокаин,"Инокаин 0,4%, 5 мл, гл. капли",Sentiss Pharma Pvt.Ltd,Индия,1 790 ₸,https://europharma.kz/inokain-04-5-ml-gl-kapli,2026-08-13 15:09:41
Лекарственные средства,Мужские препараты,"Препараты для лечения заболеваний урогенитальных органов и половые гормоны. Препараты для лечения урологических заболеваний. Другие препараты для лечения урологических заболеваний. Комбинированные препараты, применяемые при нарушении эрекции.","Синегра LONG 50мг/30мг, №12, табл.",Нобел АФФ,Казахстан,28 435 ₸,https://europharma.kz/sinegra-long-50mg30mg-no12-tabl,2026-08-13 15:09:42
Лекарственные средства,Препараты урологии и гинекологии,,Лифта 5мг № 28 табл,,,34 995 ₸,https://europharma.kz/lifta-5mg-no-28-tabl,2026-08-13 15:09:43
Лекарственные средства,Лечение заболеваний опорно-двигательного аппарата,,"Целкокс 200 мг, №20, табл.",Гетц Фарма Пакистан Пвт Л,Пакистан,4 820 ₸,https://europharma.kz/celkoks-200-mg-no20-tabl,2026-08-13 15:09:44
Лекарственные средства,M&Z Борная кислота 10 гр,,M&Z Борная кислота 10 гр,M&Z Farm ТОО,,385 ₸,https://europharma.kz/mz-bornaya-kislota-10-gr,2026-08-13 15:09:45
Лекарственные средства,Лечение заболеваний опорно-двигательного аппарата,Прочие нестероидное противовоспалительное препараты.,"Нимулид трансдермальный 1%, 30 гр, гель",Panacea Biotec Ltd,Индия,2 030 ₸,https://europharma.kz/nimulid-transdermalnyj-1-30-gr-gel,2026-08-13 15:09:46
Лекарственные средства,Лечение глаз,Препараты для лечения заболеваний глаз. Противомикробные препараты другие. Ципрофлоксацин.,"Ципромед 0,3% 5 мл капли глазные",Sentiss Pharma Pvt.Ltd,Индия,2 300 ₸,https://europharma.kz/tsipromed-03-5-ml-kapli-glaznyye,2026-08-13 15:09:47
Лекарственные средства,Анальгетики,Противовоспалительные и противоревматические препараты.,"Декстанол 12,5 мг/1 гр 60г гель",Нобел АФФ,Казахстан,2 785 ₸,https://europharma.kz/dekstanol-125-mg1-gr-60g-gel,2026-08-13 15:09:48
Лекарственные средства,Лечение ран и ожогов,,Декспантен Софарма 5% 30 гр крем,Софарма АО,Болгария,2 790 ₸,https://europharma.kz/dekspanten-sofarma-5-30-gr-krem,2026-08-13 15:09:49
Лекарственные средства,Лечение головного кровооброщения,,Пирацетам 400 мг №60 капс.,Борисовский завод медицинских препаратов ОАО,,845 ₸,https://europharma.kz/piratsetam-400-mg-no60-kaps,2026-08-13 15:09:50
Лекарственные средства,Антибиотики,"Противоинфекционные препараты системного использования. Антибактериальные препараты системного применения. Макролиды, линкозамиды и стрептограмины. Макролиды. Азитромицин.",Аратро 200мг/5мл пор д/сусп для приема внутрь,Arafarma Group S.A.,Испания,4 585 ₸,https://europharma.kz/aratro-200mg5ml-por-dsusp-dla-priema-vnutr,2026-08-13 15:09:51
Лекарственные средства,Лечение заболеваний мочеполовой системы,,Урофурагин макс 100мг №30 табл.,Adamed Pharma S.A.,,4 775 ₸,https://europharma.kz/urofuragin-maks-100mg-no30-tabl,2026-08-13 15:09:52
Лекарственные средства,Лечение лор заболеваний,Препараты для лечения заболеваний носа. Деконгенстанты и другие препараты для местного применения. Симпатомиметики. Оксиметазолин,"Називин 0,05% 10 мл капли",Nycomed Austria GmbH,Австрия,1 550 ₸,https://europharma.kz/nazivin-005-10-ml-kapli,2026-08-13 15:09:54
Лекарственные средства,Инъекционные растворы и ампулы,Противомикробные препараты - производные хинолона.,"Левоцин 5 мг/5 мл, 100 мл, фл.",Гетц Фарма Пакистан Пвт Л,Пакистан,3 700 ₸,https://europharma.kz/levocin-5-mg5-ml-100-ml-fl,2026-08-13 15:09:54
Лекарственные средства,Лечение заболеваний мочеполовой системы,Мочеполовая система и половые гормоны. Урологические препараты. Урологические препараты другие.,Канефрон форте Н № 30 табл покрытые оболочкой,Bionorica CE,,6 075 ₸,https://europharma.kz/kanefron-forte-n-no-30-tabl-pokrytyye-obolochkoy,2026-08-13 15:09:55
Лекарственные средства,Препараты урологии и гинекологии,Антисептики и противомикробные препараты для лечения гинекологических заболеваний. Другие антисептики и противомикробные препараты.,Овумикс № 6 вагин. суппозитории,Cefak KG,Аргентина,6 704 ₸,https://europharma.kz/ovumiks-no-6-vagin-suppozitorii,2026-08-13 15:09:56
Лекарственные средства,Лечение артериального давления,Препараты для лечения заболеваний сердечно-сосудистой системы. Препараты для лечения заболеваний сердца. Антиаритмические препараты I и III классов. Антиаритмические препараты III класса. Амиодарон.,Кордарон 200 мг № 30 табл,Санофи-Авентис,Франция,4 305 ₸,https://europharma.kz/kordaron-200-mg-no-30-tabl,2026-08-13 15:09:58
Лекарственные средства,Лечение лор заболеваний,Препараты для лечения заболеваний носа. Деконгенстанты и другие препараты для местного применения. Симпатомиметики. Оксиметазолин.,"Називин 0,05% 10 мл спрей",Nycomed Austria GmbH,Австрия,1 860 ₸,https://europharma.kz/nazivin-005-10-ml-sprey,2026-08-13 15:09:59
Лекарственные средства,Лечение лор заболеваний,Препараты для лечения заболеваний носа. Деконгенстанты и другие препараты для местного применения. Симпатомиметики. Оксиметазолин,"Називин 0,01% 5 мл капли",Nycomed Austria GmbH,Австрия,1 360 ₸,https://europharma.kz/nazivin-001-5-ml-kapli,2026-08-13 15:10:00
Лекарственные средства,Лечение глаз,Препараты для лечения заболеваний глаз. Противоглаукомные препараты,"Окумед 0,5%, 5 мл, капли",Sentiss Pharma Pvt.Ltd,Индия,1 195 ₸,https://europharma.kz/okumed-05-5-ml-kapli,2026-08-13 15:10:03
Лекарственные средства,Лечение сердечно-сосудистых заболеваний,Лечение синдрома варикозного расширения вен. Гепаринсодержащие препараты для местного применения,Лиотон-1000 50 гр гель,Берлин-Хеми АГ (Менарини,Германия,5 285 ₸,https://europharma.kz/lioton-1000-50-gr-gel,2026-08-13 15:10:04
Лекарственные средства,Лечение сердечно-сосудистых заболеваний,,Рамиприл - САНТО 5 мг № 30 табл,Химфарм ФЗ АО,Казахстан,2 036 ₸,https://europharma.kz/ramipril-santo-5-mg-no-30-tabl,2026-08-13 15:10:05
Лекарственные средства,Лечение лор заболеваний,Пищеварительный тракт и обмен веществ. Стоматологические препараты. Препараты для местного лечения заболеваний полости рта другие.,Анзибел 30 мл спрей для горла,Нобел АФФ,Казахстан,2 965 ₸,https://europharma.kz/anzibel-30-ml-sprey-dlya-gorla,2026-08-13 15:10:06
Лекарственные средства,Антибиотики,"Противоинфекционные препараты для системного использования. Антибактериальные препараты для системного применения. Бета-лактамные антибактериальные препараты, пенициллины. Пенициллины широкого действия. Амоксициллин.",Оспамокс 125 мг/5мл 60 мл порошок для пригот. сусп.,Сандоз Фармасьютикалс д.д.,Австрия,1 940 ₸,https://europharma.kz/ospamoks-125-mg5ml-60-ml-poroshok-dlya-prigot-susp,2026-08-13 15:10:07
Лекарственные средства,Лечение заболеваний опорно-двигательного аппарата,,Долгит Гель 50 гр,Долоргит ГмбХ и Ко. КГ Германия,,2 855 ₸,https://europharma.kz/dolgit-gel-50-gr,2026-08-13 15:10:08
Лекарственные средства,Лечение сердечно-сосудистых заболеваний,,Телмиста 40 мг № 28 табл,KRKA d.d.,Словения,2 620 ₸,https://europharma.kz/telmista-40-mg-no-28-tabl,2026-08-13 15:10:09
Лекарственные средства,Инъекционные растворы и ампулы,,Лонгидаза суппозит ваг и рек 3000 МЕ №10,ООО «НПО Петровакс Фарм»,,19 380 ₸,https://europharma.kz/longidaza-suppozit-vag-i-rek-3000-me-no10,2026-08-13 15:10:10
Лекарственные средства,Лечение заболеваний опорно-двигательного аппарата,Препараты для местного лечения заболеваний опорно-двигательного аппарата. Нестероидные противовоспалительные препараты для местного применения. Диклофенак,Клодифен 5% 45 гр гель,Уорлд Медицин Илач Сан.Ве Тидж А.Ш,Румыния,4 795 ₸,https://europharma.kz/klodifen-5-45-gr-gel,2026-08-13 15:10:11
Лекарственные средства,Противовирусные препараты,.,"Ацикловир 200 мг, №20, табл.",СВС Фармация ТОО,Казахстан,655 ₸,https://europharma.kz/aciklovir-200-mg-no20-tabl-3,2026-08-13 15:10:12
Лекарственные средства,Спазмолитические препараты,,Но-шпа форте 80 мг № 24 табл,Stada Arzneimittel AG,Франция,5 015 ₸,https://europharma.kz/no-shpa-forte-80-mg-no-24-tabl,2026-08-13 15:10:13
Лекарственные средства,Лечение глаз,Препараты для лечения заболеваний глаз.,"Дикло-Ф 0,1% 5 мл капли глазные",Sentiss Pharma Pvt.Ltd,Индия,2 585 ₸,https://europharma.kz/diklo-f-01-5-ml-kapli-glaznyye,2026-08-13 15:10:14
Лекарственные средства,Противогрибковые средства,"Противогрибковые препараты для системного применения, производные триазола. Флуконазол",Рофлузол 150мг № 1 капс,К.O. Магистра К&К С.Р.Л.,Румыния,3 765 ₸,https://europharma.kz/rofluzol-150mg-no-1-kaps,2026-08-13 15:10:15
Лекарственные средства,Лечение жкт,"Пищеварительный тракт и обмен веществ. Противодиарейные, кишечные противовоспалительные/противомикробные препараты. Кишечные противовоспалительные препараты. Аминосалициловая кислота и аналогичные препараты. Месалазин.",Салофальк 1 гр № 30 суппозит. ректал.,Dr. Falk Pharma GmbH,Германия,37 505 ₸,https://europharma.kz/salofalk-1-gr-no-30-suppozit-rektal,2026-08-13 15:10:16
Лекарственные средства,Препараты урологии и гинекологии,,Лифта 20 мг № 2 табл,ABDI IBRAHIM,Турция,7 795 ₸,https://europharma.kz/lifta-20-mg-no-2-tabl,2026-08-13 15:10:17
Лекарственные средства,Рецептурные препараты,"Препараты, влияющие на систему ренин-ангиотензин. Ангиотензин-конвертирующего фермента (АКФ) ингибиторы. АКФ ингибиторы. Периндоприл",Престариум 5 мг № 30 табл покрытые оболочкой,Сервье Ле Лаборатуар,Франция,3 815 ₸,https://europharma.kz/prestarium-5-mg-no-30-tabl-pokrytyye-obolochkoy-2,2026-08-13 15:10:18
Лекарственные средства,Лечение глаз,Препараты для лечения заболеваний глаз прочие. Искусственные слезы и прочие индифферентные препараты.,Офтолик 10 мл капли глазные,Sentiss Pharma Pvt.Ltd,Индия,3 965 ₸,https://europharma.kz/oftolik-10-ml-kapli-glaznyye,2026-08-13 15:10:19
Лекарственные средства,Лечение артериального давления,Сердечно-сосудистая система. Антигипертензивные препараты. Антиадренергические препараты центрального действия. Агонисты имидазолиновых рецепторов. Моксонидин.,"Физиотенз 0,2 мг, №28, табл., покрытые оболочкой",Майлан Лабораториз САС,Франция,6 110 ₸,https://europharma.kz/fiziotenz-02-mg-no28-tabl-pokrytyye-obolochkoy,2026-08-13 15:10:20
Лекарственные средства,Спазмолитические препараты,Препараты для лечения функциональных расстройств кишечника.,Но-шпа 40 мг № 24 табл,Stada Arzneimittel AG,Франция,2 795 ₸,https://europharma.kz/no-shpa-40-mg-no-24-tabl,2026-08-13 15:10:21
Лекарственные средства,Лечение сердечно-сосудистых заболеваний,Препараты для лечения заболеваний сердчено-сосудистой системы. Гиполипидемические препараты. Гипохолестеринемические и гипотриглицеридемические препараты. Фибраты. Фенофибрат.,Трайкор 145 мг № 30 табл п/плён оболоч,Фурнье Лаборатории Ирланд,Ирландия,8 986 ₸,https://europharma.kz/traykor-145-mg-no-30-tabl-pplen-oboloch,2026-08-13 15:10:23
Лекарственные средства,Лечение артериального давления,Бета-адреноблокаторы. Бета-адреноблокаторы селективные.,"Конкор 10 мг, №50 табл.",Nycomed Austria GmbH,Германия,5 065 ₸,https://europharma.kz/konkor-10-mg-no50-tabl,2026-08-13 15:10:24
Лекарственные средства,Препараты урологии и гинекологии,,Лифта 10 мг № 2 табл,ABDI IBRAHIM,Турция,6 795 ₸,https://europharma.kz/lifta-10-mg-no-2-tabl,2026-08-13 15:10:25
Лекарственные средства,M&Z Farm Магния сульфат 50 гр,,M&Z Farm Магния сульфат 50 гр,M&Z Farm ТОО,,465 ₸,https://europharma.kz/mz-farm-magniya-sulfat-50-gr,2026-08-13 15:10:26
Лекарственные средства,Лечение сердечно-сосудистых заболеваний,,Телмиста 80 мг № 28 табл,KRKA d.d.,Словения,4 525 ₸,https://europharma.kz/telmista-80-mg-no-28-tabl,2026-08-13 15:10:27
Лекарственные средства,Лечение заболеваний опорно-двигательного аппарата,Миорелаксанты центрального действия другие. Тиоколхикозид,Мускомед 4 мг № 20 капс,Уорлд Медицин Илач Сан.Ве Тидж А.Ш,Турция,3 400 ₸,https://europharma.kz/muskomed-4-mg-no-20-kaps,2026-08-13 15:10:28
Лекарственные средства,Лечение заболеваний опорно-двигательного аппарата,Препараты для местного лечения заболеваний опорно-двигательного аппарата. Нестероидные противовоспалительные препараты для местного применения. Кетопрофен,"Артрокол 2,5% 45 гр гель",Уорлд Медицин Илач Сан.Ве Тидж А.Ш,Турция,3 840 ₸,https://europharma.kz/artrokol-25-45-gr-gel,2026-08-13 15:10:29
Лекарственные средства,Антисептики,Прочие антисептики и дезинфицирующие препараты,Формидрон 90 мл раствор,Фармация 2010 ТОО,Казахстан,385 ₸,https://europharma.kz/formidron-90-ml-rastvor,2026-08-13 15:10:30
Лекарственные средства,Лечение артериального давления,Бета-адреноблокаторы. Бета-адреноблокаторы селективные.,Конкор для приема внутрь 5 мг № 50 табл п/плён оболоч,Nycomed Austria GmbH,Германия,3 905 ₸,https://europharma.kz/konkor-dlya-priyema-vnutr-5-mg-no-50-tabl-pplen-oboloch,2026-08-13 15:10:31
Лекарственные средства,Гормональные препараты,Препараты для лечения заболеваний щитовидной железы. Препараты йода. Код АТХ Н03СА,Йодомарин 200 мкг № 100 табл,Берлин-Хеми АГ (Менарини,Германия,3 785 ₸,https://europharma.kz/yodomarin-200-mkg-no-100-tabl,2026-08-13 15:10:32
Лекарственные средства,Противогрибковые средства,Противогрибковые препараты для системного использования. Триазола производные. Флуконазол.,Флунол 25 мг/5 мл 70 мл сироп,Нобел АФФ,Казахстан,4 585 ₸,https://europharma.kz/flunol-25-mg5-ml-70-ml-sirop,2026-08-13 15:10:33
Лекарственные средства,Анальгетики,Анальгетики антипиретики другие. Салициловая кислота и ее производные.,Алка зельтцер № 10 шипуч табл,"Байер, АГ",Германия,3 525 ₸,https://europharma.kz/alka-zelttser-no-10-shipuch-tabl,2026-08-13 15:10:36
Лекарственные средства,Гормональные препараты,Препараты для лечения заболеваний щитовидной железы. Антитиреоидные препараты. Серасодержащие производные имидазола. Тиамазол.,"Тирозол 5 мг, №50, табл.",Nycomed Austria GmbH,Австрия,3 555 ₸,https://europharma.kz/tirozol-5-mg-no50-tabl,2026-08-13 15:10:37
Лекарственные средства,Гормональные препараты,Препараты для лечения заболеваний щитовидной железы. Щитовидной железы гормоны. Левотироксин.,L-тироксин 50 Берлин Хеми № 50 табл,Берлин-Хеми АГ (Менарини,Германия,905 ₸,https://europharma.kz/l-tiroksin-50-berlin-khemi-no-50-tabl,2026-08-13 15:10:38
Лекарственные средства,Лечение глаз,,"Оптинол 0,4% 10 мл капли глазные",Ядран-Галенски Лабораторий а.о.,Хорватия,8 625 ₸,https://europharma.kz/optinol-04-10-ml-kapli-glaznyye,2026-08-13 15:10:39
Лекарственные средства,Средства от аллергии,Антигистаминные препараты системного действия. Антигистаминные препараты системного действия другие. Лоратадин,Кларитин 10 мг № 10 табл,Bayer AG,Франция,2 430 ₸,https://europharma.kz/klaritin-10-mg-no-10-tabl,2026-08-13 15:10:40
Лекарственные средства,Лечение лор заболеваний,Препараты для лечения офтальмологических и отологических заболеваний. Глюкокортикоиды в комбинации с противомикробными препаратами. Дексаметазон в комбинации с противомикробными препаратами.,"Комбинил-Дуо 5 мл, гл. ушн. капли",Sentiss Pharma Pvt.Ltd,Индия,3 365 ₸,https://europharma.kz/kombinil-duo-5-ml-gl-ushn-kapli,2026-08-13 15:10:41
Лекарственные средства,Средства от аллергии,Антигистаминные препараты системного применения. Производные пиперазина. Цетиризин.,"Парлазин 10 мг, №10, табл.",ЭГИС Фармацевтический Завод ЗАО,Венгрия,1 735 ₸,https://europharma.kz/parlazin-10-mg-no10-tabl,2026-08-13 15:10:42
Лекарственные средства,Анальгетики,Нестероидные противовоспалительные препараты. Производные пропионовой кислоты. Ибупрофен.,МИГ 400 мг № 10 табл п/плён оболоч,Берлин-Хеми АГ (Менарини,Германия,1 445 ₸,https://europharma.kz/mig-400-mg-no-10-tabl-pplen-oboloch,2026-08-13 15:10:43
Лекарственные средства,Лечение лор заболеваний,Стоматологические препараты. Прочие препараты для лечения полости рта. Бензидамин.,"Спрей Золотая Звезда Ингасепт 0,15% 30мл",Данафа Фармасьютикал Джой,Вьетнам,2 850 ₸,https://europharma.kz/sprey-zolotaya-zvezda-ingasept-015-30ml,2026-08-13 15:10:44
Лекарственные средства,Средства от аллергии,Антигистаминные препараты системного применения. Производные пиперазина. Цетиризин.,Парлазин 10 мг № 30 табл покрытые оболочкой,ЭГИС Фармацевтический Завод ЗАО,Венгрия,4 010 ₸,https://europharma.kz/parlazin-10-mg-no-30-tabl-pokrytyye-obolochkoy,2026-08-13 15:10:45
Лекарственные средства,Гормональные препараты,Препараты для лечения заболеваний щитовидной железы. Гормоны щитовидной железы. Левотироксин натрия.,"Эутирокс 25 мг, №100, табл.",Мерк КГаА унд Ко.,Германия,1 895 ₸,https://europharma.kz/eutiroks-25-mg-no100-tabl,2026-08-13 15:10:46
Лекарственные средства,Гормональные препараты,Препараты для лечения заболеваний щитовидной железы. Препараты йода. Код АТХ Н03СА,Йодомарин 100 мкг № 100 табл,Берлин-Хеми АГ (Менарини,Германия,2 345 ₸,https://europharma.kz/yodomarin-100-mkg-no-100-tabl,2026-08-13 15:10:47
Лекарственные средства,Отипакс 16 г капли ушные во флаконах,Препараты для лечения заболеваний органов чувств. Препараты для лечения отологических заболеваний прочие. Анальгетики и анестетики. Комбинированные препараты.,Отипакс 16 г капли ушные во флаконах,Brupharmexport,Бельгия,4 440 ₸,https://europharma.kz/otipaks-16-g-kapli-ushnyye-vo-flakonakh,2026-08-13 15:10:48
Лекарственные средства,Гормональные препараты,Препараты для лечения заболеваний щитовидной железы. Щитовидной железы гормоны. Левотироксин.,L-тироксин 100 Берлин Хеми № 50 табл,Берлин-Хеми АГ (Менарини,Германия,1 050 ₸,https://europharma.kz/l-tiroksin-100-berlin-khemi-no-50-tabl,2026-08-13 15:10:50
Лекарственные средства,Лечение лор заболеваний,,Л-эликсир 30 мл капли,Claus Marsh,США,7 605 ₸,https://europharma.kz/l-eliksir-30-ml-kapli,2026-08-13 15:10:51
Лекарственные средства,Лечение жкт,Антидиарейные микроорганизмы. Сахаромицеты Boulardii.,"Энтерол 250 мг, №10, капс.",BIOCODEX,Бельгия,5 770 ₸,https://europharma.kz/enterol-250-mg-no10-kaps,2026-08-13 15:10:52
Лекарственные средства,Лечение артериального давления,Сердечно-сосудистая система. Антигипертензивные препараты. Антиадренергические препараты центрального действия. Агонисты имидазолиновых рецепторов. Моксонидин.,"Физиотенз 0,4 мг, №28, табл., покрытые оболочкой",Майлан Лабораториз САС,Франция,10 115 ₸,https://europharma.kz/fiziotenz-04-mg-no28-tabl-pokrytyye-obolochkoy,2026-08-13 15:10:53
Лекарственные средства,Антибиотики,Противомикробные препараты для системного использования. Противомикробные препараты – производные хинолона. Фторхинолоны. Ципрофлоксацин.,"Ципрофлоксацин 500 мг, №10",Синтез Акционерное Курган,Россия,605 ₸,https://europharma.kz/ciprofloksacin-500-mg-no10,2026-08-13 15:10:54
Лекарственные средства,Противовирусные препараты,Анальгетики-антипиретики другие. Анилиды. Парацетамол в комбинации с другими препаратами (исключая психолептики).,Солпадеин актив № 12 шипуч табл,Смит Кляйн Бичем Консьюме,Великобритания,2 110 ₸,https://europharma.kz/solpadein-aktiv-no-12-shipuch-tabl,2026-08-13 15:10:55
Лекарственные средства,Противогрибковые средства,Противогрибковое средство для системного применения.,"Флуконазол ТК 50 мг №10,капс",ТК Фарм Актобе ТОО,Казахстан,790 ₸,https://europharma.kz/flukonazol-tk-50-mg-no10kaps,2026-08-13 15:10:56
Лекарственные средства,Кожные заболевания,Глюкокортикостероиды для местного лечения заболеваний кожи. Глюкокортикостероиды. Глюкокортикостероиды активные (группа III). Мометазон.,"Элоком 0,1% 15 г мазь",Schering Plough,Бельгия,4 738 ₸,https://europharma.kz/elokom-01-15-g-maz,2026-08-13 15:10:57
Лекарственные средства,Инъекционные растворы и ампулы,,Феркайл 50 мг/мл 2 мл № 5 амп,Laboratories STEROP,Бельгия,6 080 ₸,https://europharma.kz/ferkayl-50-mgml-2-ml-no-5-amp,2026-08-13 15:10:58
Лекарственные средства,Лечение сахарного диабета,"Препараты, для лечения сахарного диабета. Сахароснижающие препараты для перорального приема. Прочие сахароснижающие препараты. Эмпаглифлозин.","Джардинс 10 мг № 30 табл п/плён оболоч , шт",Берингер Ингельхайм Фарма ГмбХ и Ко.КГ,Германия,20 851 ₸,https://europharma.kz/dzhardins-10-mg-no-30-tabl-pplen-oboloch-sht,2026-08-13 15:10:59
Лекарственные средства,Противогрибковые средства,Прочие противогрибковые препараты для наружного применения. Нафтифин,Экзодерил 20 мл раствор,Сандоз Фармасьютикалс д.д.,Словения,7 820 ₸,https://europharma.kz/ekzoderil-20-ml-rastvor,2026-08-13 15:11:00
Лекарственные средства,Гормональные препараты,Препараты для лечения заболеваний щитовидной железы. Антитиреоидные препараты. Серасодержащие производные имидазола. Тиамазол.,Тирозол 10 мг № 50 табл п/плён оболоч,Nycomed Austria GmbH,Германия,7 500 ₸,https://europharma.kz/tirozol-10-mg-no-50-tabl-pplen-oboloch,2026-08-13 15:11:01
Лекарственные средства,Лечение жкт,Пищеварительный тракт и обмен веществ. Препараты для лечения заболеваний печени и желчевыводящих путей. Другие препараты для лечения заболеваний желчевыводящихпутей. Гимекромон.,Одестон 200 мг № 100 табл.,Пабяницкий фармацевтическ,Польша,14 070 ₸,https://europharma.kz/odeston-200-mg-no-100-tabl,2026-08-13 15:11:02
Лекарственные средства,Лечение сахарного диабета,"Препараты, для лечения сахарного диабета. Сахароснижающие препараты для перорального приема. Прочие сахароснижающие препараты. Эмпаглифлозин.","Джардинс 25 мг № 30 табл п/плён оболоч, шт",Берингер Ингельхайм Фарма ГмбХ и Ко.КГ,Германия,24 630 ₸,https://europharma.kz/dzhardins-25-mg-no-30-tabl-pplen-oboloch-sht,2026-08-13 15:11:03
Лекарственные средства,Лечение ран и ожогов,"Прочие препараты, способствующие нормальному рубцеванию.",Бепантен 5% д/наруж применения 30 гр крем,ГП Гринцах Продукционс ГмбХ,Швейцария,4 100 ₸,https://europharma.kz/bepanten-5-dnaruzh-primeneniya-30-gr-krem,2026-08-13 15:11:04
Лекарственные средства,Лечение лор заболеваний,,Аргентокеа 25 мл спрей назальный,Ламира-Фармакар ООО Беларусь,Беларусь,4 995 ₸,https://europharma.kz/argentokea-25-ml-sprey-nazalnyy,2026-08-13 15:11:05
Лекарственные средства,Антибиотики,,Цефазолина натриевая соль 1 г №10 пор. д/ин.фл. 1 гр 10,Борисовский завод медицинских препаратов ОАО,,2 685 ₸,https://europharma.kz/tsefazolina-natriyevaya-sol-1-g-no10-por-dinfl-1-gr-10,2026-08-13 15:11:06
Лекарственные средства,Лечение глаз,"Препараты для лечения заболеваний глаз. Деконгестанты и антиаллергические препараты. Симпатомиметики, используемые в качестве деконгестантов. Оксиметазолин",Оксивин-DF 0.025% глазные капли 10 мл,Досфарм,Казахстан,2 305 ₸,https://europharma.kz/oksivin-df-0025-glaznye-kapli-10-ml,2026-08-13 15:11:09
Лекарственные средства,Гинекологические препараты,Другие терапевтические продукты. Другие лекарственные препараты.,Лонгидаза лиоф.р-р 3000 МЕ № 5 флакон,Петровакс Фарм НПО ООО,Россия,20 540 ₸,https://europharma.kz/longidaza-liofr-r-3000-me-no-5-flakon,2026-08-13 15:11:10
Лекарственные средства,Лечение жкт,,"Пиколакс 7,5 мг № 30 табл",АО Фармак,,6 680 ₸,https://europharma.kz/pikolaks-75-mg-no-30-tabl,2026-08-13 15:11:11
Лекарственные средства,Лечение лор заболеваний,Назальные препараты. Антиконгестанты и другие назальные препараты для местного применения. Симпатомиметики. Оксиметазолин,"Оксивин-DF 0,01% 10 мл капли назальные",Досфарм,Казахстан,670 ₸,https://europharma.kz/oksivin-df-001-10-ml-kapli-nazalnyye,2026-08-13 15:11:12
Лекарственные средства,Антибиотики,,Кварцеф пор д/приг р-р д/и.и 1000 мг №1,Nectar LifeSciences,,1 985 ₸,https://europharma.kz/kvartsef-por-dprig-r-r-dii-1000-mg-no1,2026-08-13 15:11:13
Лекарственные средства,Гормональные препараты,ПОЛОВЫЕ ГОРМОНЫ И МОДУЛЯТОРЫ ПОЛОВОЙ СИСТЕМЫ.,Жанин № 21 табл,Schering Plough,Германия,7 790 ₸,https://europharma.kz/zhanin-no-21-tabl,2026-08-13 15:11:14
Лекарственные средства,Кожные заболевания,Глюкокортикостероиды для местного лечения заболеваний кожи. Глюкокортикостероиды. Глюкокортикостероиды активные (группа III). Мометазон.,"Элоком 0,1%, 15 гр, крем",Schering Plough,Бельгия,4 894 ₸,https://europharma.kz/elokom-01-15-gr-krem,2026-08-13 15:11:15
Лекарственные средства,Пробиотики и пребиотики,"Противодиарейные препараты.Антидиарейные микроорганизмы.Комбинация микроорганизмов, продуцирующих молочную кислоту с другими препаратами",Линекс форте № 14 капс,Сандоз Фармасьютикалс д.д.,Словения,6 625 ₸,https://europharma.kz/lineks-forte-no-14-kaps,2026-08-13 15:11:16
Лекарственные средства,Гормональные препараты,Препараты для лечения заболеваний щитовидной железы. Гормоны щитовидной железы. Левотироксин натрия.,"Эутирокс 75 мг, №100, табл.",Мерк КГаА унд Ко.,Германия,2 205 ₸,https://europharma.kz/eutiroks-75-mg-no100-tabl,2026-08-13 15:11:17
Лекарственные средства,Жаропонижающие,Анальгетики и антипиретики.,Эффералган (с 4 лет-10 лет) 300 мг № 10 суппозит. ректал.,УПСА,Франция,2 080 ₸,https://europharma.kz/efferalgan-s-4-let-10-let-300-mg-no-10-suppozit-rektal,2026-08-13 15:11:18
Лекарственные средства,Антибиотики,"Антибактериальные препараты для системного использования. Макролиды, линкозамиды и стрептограмины. Макролиды. Азитромицин.",Зитмак 500 мг № 3 табл п/плён оболоч,Нобел АФФ,Казахстан,4 875 ₸,https://europharma.kz/zitmak-500-mg-no-3-tabl-pplen-oboloch,2026-08-13 15:11:19
Лекарственные средства,Противовирусные препараты,,"ИбуВир таблетки, 500 мг, №50","АО «Химфарм», Республика Казахстан, г. Шымкент, у",,6 535 ₸,https://europharma.kz/ibuvir-tabletki-500-mg-no50,2026-08-13 15:11:20
Лекарственные средства,Лечение жкт,"Препараты, способствующие пищеварению, (в т.ч. ферментные препараты)",Панзинорм 10 000 ЕД № 21 капс,KRKA d.d.,Словения,2 835 ₸,https://europharma.kz/panzinorm-10-000-yed-no-21-kaps,2026-08-13 15:11:21
Лекарственные средства,Антибиотики,,"ЛЕВОЯПС 0,5 N10 ТАБЛ П/О",Belinda,,6 920 ₸,https://europharma.kz/levoyaps-05-n10-tabl-po,2026-08-13 15:11:22
Лекарственные средства,Лечение заболеваний опорно-двигательного аппарата,Нестероидные противовоспалительные препараты для местного применения. Кетопрофен.,"Фастум гель 2,5 % 100 гр",Берлин-Хеми АГ (Менарини,Германия,4 750 ₸,https://europharma.kz/fastum-gel-25-100-gr,2026-08-13 15:11:23
Лекарственные средства,Лечение лор заболеваний,"Респираторная система. Препараты, применяемые при кашле и простудных заболеваниях. Экспекторанты, исключая комбинации с подавляющими кашель. Муколитики. Ацетилцистеин.",АЦЦ ЮНИОР 20 мг/мл 100 мл раствор для приема внутрь,Сандоз Фармасьютикалс д.д.,Германия,3 880 ₸,https://europharma.kz/atsts-yunior-20-mgml-100-ml-rastvor-dlya-priyema-vnutr,2026-08-13 15:11:24
Лекарственные средства,Для повышения иммунитета,Противовирусные препараты для системного применения. Противовирусные препараты прямого действия. Противовирусные препараты прочие. Умифеновир.,Арпефлю 100 мг №30 табл,Лекфарм ООО,Беларусь,5 320 ₸,https://europharma.kz/arpeflyu-100-mg-no30-tabl,2026-08-13 15:11:25
Лекарственные средства,Кожные заболевания,"Глюкокортикостероиды для местного лечения заболеваний кожи. Глюкокортикостероиды, активные (группа III). Бетаметазон.","Целестодерм-В 0,1% 30 гр мазь","Schering Plough Labo N.V., Бельгия",Бельгия,3 810 ₸,https://europharma.kz/tselestoderm-v-01-30-gr-maz,2026-08-13 15:11:27
Лекарственные средства,Лечение лор заболеваний,Препараты для лечения отологических заболеваний,Ципромед 3 мг/мл 10 мл капли ушные во флаконах,Sentiss Pharma Pvt.Ltd,Индия,2 240 ₸,https://europharma.kz/tsipromed-3-mgml-10-ml-kapli-ushnyye-vo-flakonakh,2026-08-13 15:11:28
Лекарственные средства,Лечение сердечно-сосудистых заболеваний,Антикоагулянты. Прямые ингибиторы фактора Ха. Ривароксабан.,Ксарелто 20 мг № 28 табл п/плён оболоч,Bayer AG,Германия,21 095 ₸,https://europharma.kz/ksarelto-20-mg-no-28-tabl-pplen-oboloch,2026-08-13 15:11:29
Лекарственные средства,Кожные заболевания,,"Тридерм 15 гр, крем",Schering Plough,Франция,5 422 ₸,https://europharma.kz/triderm-15-gr-krem,2026-08-13 15:11:30
Лекарственные средства,Гормональные препараты,Препараты для лечения заболеваний щитовидной железы. Гормоны щитовидной железы. Левотироксин натрия.,"Эутирокс 50 мг, №100, табл.",Мерк КГаА унд Ко.,Германия,2 365 ₸,https://europharma.kz/eutiroks-50-mg-no100-tabl,2026-08-13 15:11:31
Лекарственные средства,Лечение жкт,,Панкрим 10000 таб. п/о №20,Химфарм ФЗ АО,Казахстан,2 505 ₸,https://europharma.kz/pankrim-10000-tab-po-no20,2026-08-13 15:11:32
Лекарственные средства,Противовирусные препараты,,"ИбуВир таблетки, 500 мг, №20","АО «Химфарм», Республика Казахстан, г. Шымкент, у",,3 080 ₸,https://europharma.kz/ibuvir-tabletki-500-mg-no20,2026-08-13 15:11:33
Лекарственные средства,Лечение ран и ожогов,"Прочие препараты, способствующие нормальному рубцеванию. Декспантенол.",Бепантен 5% д/наруж применения 30 гр мазь,ГП Гринцах Продукционс ГмбХ,Швейцария,3 800 ₸,https://europharma.kz/bepanten-5-dnaruzh-primeneniya-30-gr-maz,2026-08-13 15:11:34
Лекарственные средства,Лечение сердечно-сосудистых заболеваний,,Актен №30 табл.,ERBOZETA S.p.A. (Сан-Марино),,8 200 ₸,https://europharma.kz/akten-no30-tabl,2026-08-13 15:11:35
Лекарственные средства,Анальгетики,Нестероидные противовоспалительные препараты. Производные пропионовой кислоты. Ибупрофен.,МИГ 400 мг № 20 табл п/плён оболоч,Берлин-Хеми АГ (Менарини,Германия,2 505 ₸,https://europharma.kz/mig-400-mg-no-20-tabl-pplen-oboloch,2026-08-13 15:11:36
Лекарственные средства,Гормональные препараты,Препараты для лечения заболеваний щитовидной железы. Гормоны щитовидной железы. Левотироксин натрия.,"Эутирокс 100 мг, №100, табл.",Мерк КГаА унд Ко.,Германия,2 295 ₸,https://europharma.kz/eutiroks-100-mg-no100-tabl,2026-08-13 15:11:37
Лекарственные средства,Гормональные препараты,Половые гормоны и модуляторы половой системы.,Логест № 21 драже,"Байер, АГ",Германия,5 040 ₸,https://europharma.kz/logest-no-21-drazhe,2026-08-13 15:11:38
Лекарственные средства,Гормональные препараты,Половые гормоны и модуляторы половой системы. Прогестагены и эстрогены в комбинации. Прогестагены и эстрогены (фиксированное сочетание). Дидрогестерон и эстрогены,"Фемостон 0,5/2,5 №28, табл.",Solvay Pharmaceuticals,Франция,7 595 ₸,https://europharma.kz/femoston-0525-no28-tabl,2026-08-13 15:11:39
Лекарственные средства,Гормональные препараты,Препараты для лечения заболеваний щитовидной железы. Гормоны щитовидной железы. Левотироксин натрия.,Эутирокс 150 мкг № 100 табл.,Мерк КГаА унд Ко.,Германия,3 005 ₸,https://europharma.kz/eutiroks-150-mkg-no-100-tabl,2026-08-13 15:11:42
Лекарственные средства,Лечение жкт,,Холосас 95 мл сироп,Алтайвитамины ЗАО,,1 575 ₸,https://europharma.kz/kholosas-95-ml-sirop,2026-08-13 15:11:43
Лекарственные средства,Лечение заболеваний опорно-двигательного аппарата,,Диклофенак-АКОС 50 гр гель,Синтез Акционерное Курган,Россия,1 865 ₸,https://europharma.kz/diklofenak-akos-50-gr-gel,2026-08-13 15:11:44
Лекарственные средства,Лечение печени,Прочие препараты для лечения заболеваний ЖКТ и нарушения обмена веществ. Аминокислоты и их производные. Адеметионин.,Гептрал 500 мг № 20 табл,Аббви С.р.л.,Италия,17 900 ₸,https://europharma.kz/geptral-500-mg-no-20-tabl,2026-08-13 15:11:45
Лекарственные средства,Лечение печени,,"Эссенциале® форте Н, 300 мг №90",А.Наттерманн и Сие. ГмбХ,,14 175 ₸,https://europharma.kz/essentsiale-forte-n-300-mg-no90,2026-08-13 15:11:46
Лекарственные средства,Гормональные препараты,Половые гормоны и модуляторы половой системы. Гормональные контрацептивы для системного применения. Прогестагены и эстрогены (фиксированные комбинации). Дроспиренон и эстрогены.,Джес № 28 табл п/плён оболоч,Schering AG,Германия,7 439 ₸,https://europharma.kz/dzhes-no-28-tabl-pplen-oboloch,2026-08-13 15:11:47
Лекарственные средства,Лечение лор заболеваний,Назальные препараты. Антиконгестанты и другие назальные препараты для местного применения. Симпатомиметики. Оксиметазолин,"Оксивин-DF 0,05% 10 мл капли назальные",Досфарм,Казахстан,710 ₸,https://europharma.kz/oksivin-df-005-10-ml-kapli-nazalnyye,2026-08-13 15:11:48
Лекарственные средства,Лечение лор заболеваний,Назальные препараты. Антиконгестанты и другие назальные препараты для местного применения. Симпатомиметики. Оксиметазолин,Оксивин-DF 0.025% 10 мл спрей назальный,Досфарм,Казахстан,905 ₸,https://europharma.kz/oksivin-df-0025-10-ml-sprey-nazalnyy,2026-08-13 15:11:49
Лекарственные средства,Жаропонижающие,Анальгетики и антипиретики. Анилиды. Парацетамол.,"Эффералган 500 мг, №16, шипуч. табл.",УПСА,Франция,3 210 ₸,https://europharma.kz/efferalgan-500-mg-no16-sipuc-tabl,2026-08-13 15:11:50
Лекарственные средства,Лечение сахарного диабета,Пищеварительный тракт и обмен веществ. Средства для лечения сахарного диабета. Сахароснижающие препараты для перорального приема. Ингибиторы дипептидилпептидазы-4 (ДРР-4).,Тражента 5 мг № 30 табл,Берингер Ингельхайм Итали,Италия,15 685 ₸,https://europharma.kz/trazhenta-5-mg-no-30-tabl,2026-08-13 15:11:51
Лекарственные средства,Мужские препараты,,Трансера №14 табл,Lifeplan,,10 085 ₸,https://europharma.kz/transera-no14-tabl,2026-08-13 15:11:52
Лекарственные средства,Гормональные препараты,Препараты для лечения заболеваний щитовидной железы. Гормоны щитовидной железы. Левотироксин натрия.,Эутирокс 125 мкг № 100 табл.,Мерк КГаА унд Ко.,Германия,2 805 ₸,https://europharma.kz/eutiroks-125-mkg-no-100-tabl,2026-08-13 15:11:53
Лекарственные средства,Кожные заболевания,,Тридерм 15 г мазь,Schering Plough,Франция,5 115 ₸,https://europharma.kz/triderm-15-g-maz,2026-08-13 15:11:54
Лекарственные средства,Лечение заболеваний опорно-двигательного аппарата,Нестероидные противовоспалительные препараты. Пропионовой кислоты,Артрокол 100 мг/2 мл № 5 р-р для инъекций,ФармаВижн Сан ве Тидж А.Ш,Турция,4 035 ₸,https://europharma.kz/artrokol-100-mg2-ml-no-5-r-r-dlya-inyektsiy,2026-08-13 15:11:55
Лекарственные средства,Гинекологические препараты,Антисептики и противомикробные препараты для лечения гинекологических заболеваний. Антисептики и противомикробные препараты для лечения гинекологических заболеваний (исключая комбинации с кортикостероидами). Производные имидазола. Имидазола производных комбинации,Гинекс форте 750 мг/200 мг № 7 вагин. суппозитории,Кусум Хелтхер,"Молдова, республика",4 660 ₸,https://europharma.kz/gineks-forte-750-mg200-mg-no-7-vagin-suppozitorii,2026-08-13 15:11:56
Лекарственные средства,Лечение лор заболеваний,Препараты для устранения симптомов простуды и кашля. Противокашлевые препараты. Противокашлевые препараты прочие,Ренгалин № 20 табл.д/рассасыв-я,Материа Медика Холдинг НП,Россия,1 990 ₸,https://europharma.kz/rengalin-no-20-tabldrassasyv-ya,2026-08-13 15:11:57
Лекарственные средства,Лечение артериального давления,"Препараты, влияющие на систему ренин-ангиотензин. Ангиотензина II антагонисты. Лозартан.",Лориста 100 мг № 28 табл п/плён оболоч,KRKA d.d.,Словения,3 550 ₸,https://europharma.kz/lorista-100-mg-no-28-tabl-pplen-oboloch,2026-08-13 15:11:58
Лекарственные средства,Лечение артериального давления,"Препараты, влияющие на систему ренин-ангиотензин. Ангиотензин II антагонисты в комбинации с другими препаратами. Ангиотензин II антагонисты в комбинации с диуретиками. Лозартан в комбинации с диуретиками.","Лориста Н 50 мг/12,5 мг № 28 табл покрытые оболочкой",KRKA d.d.,Словения,2 860 ₸,https://europharma.kz/lorista-n-50-mg125-mg-no-28-tabl-pokrytyye-obolochkoy,2026-08-13 15:11:59
Лекарственные средства,Кожные заболевания,Код АТХ D07AA01,"Адвантан 0,1%, 15 гр, крем",Intendis,Италия,6 685 ₸,https://europharma.kz/advantan-01-15-gr-krem,2026-08-13 15:12:01
Лекарственные средства,Противовирусные препараты,,Антигриппин-П №100 табл. 1 гр,Эйкос- Фарм ТОО,,6 880 ₸,https://europharma.kz/antigrippin-p-no100-tabl-1-gr,2026-08-13 15:12:02
Лекарственные средства,Кожные заболевания,,"Адвантан 0,1% 15 гр, мазь",Intendis,Италия,6 655 ₸,https://europharma.kz/advantan-01-15-gr-maz,2026-08-13 15:12:03
Лекарственные средства,Анальгетики,Анальгетики. Анальгетики-антипиретики другие. Пиразолоны. Метамизол натрия.,Темпалгин М 500 мг № 10 табл,Софарма АО,Болгария,1 135 ₸,https://europharma.kz/tempalgin-m-500-mg-no-10-tabl,2026-08-13 15:12:04
Лекарственные средства,Лечение лор заболеваний,Препараты для лечения респираторной системы. Назальные препараты. Антиконгестанты и другие назальные препараты для местного применения. Симпатомиметики в комбинации с другими препаратами (исключая кортикостероиды). Ксилометазолин в комбинации с другими препаратами.,"Галазолин Combi 0,1% 10 мл спрей назальный",Медана Фарма АО,Польша,1 720 ₸,https://europharma.kz/galazolin-combi-01-10-ml-sprey-nazalnyy,2026-08-13 15:12:05
Лекарственные средства,Гормональные препараты,,Диане-35 № 21 драже,Schering AG,Германия,4 185 ₸,https://europharma.kz/diane-35-no-21-drazhe,2026-08-13 15:12:06
Лекарственные средства,Лечение сердечно-сосудистых заболеваний,Препараты для лечения заболеваний сердца. Прочие препараты для лечения заболеваний сердца. Прочие кардиотонические препараты. Фосфокреатин.,"Неотон 1 г, №4, фл.",Альфа Сигма С.п.А.,Италия,46 800 ₸,https://europharma.kz/neoton-1-g-no4-fl,2026-08-13 15:12:07
Лекарственные средства,Для повышения иммунитета,,"Самбовин №30, табл.",Primea Limited,Великобритания,8 075 ₸,https://europharma.kz/sambovin-no30-tabl,2026-08-13 15:12:08
Лекарственные средства,Лечение лор заболеваний,"Препараты для лечения заболеваний глаз. Деконгестанты и антиаллергические препараты. Симпатомиметики, используемые в качестве деконгестантов. Оксиметазолин",Оксивин-DF 0.025% 10 мл капли назальные,Досфарм,Казахстан,660 ₸,https://europharma.kz/oksivin-df-0025-10-ml-kapli-nazalnyye,2026-08-13 15:12:09
Лекарственные средства,Лечение артериального давления,"Препараты, влияющие на систему ренин-ангиотензин. Ангиотензина II антагонисты. Лозартан.",Лориста 50 мг № 28 табл покрытые оболочкой,KRKA d.d.,Словения,2 170 ₸,https://europharma.kz/lorista-50-mg-no-28-tabl-pokrytyye-obolochkoy,2026-08-13 15:12:10
Лекарственные средства,Лечение печени,Препараты для лечения заболеваний печени и желчевыводящих путей. Препараты для лечения желчного пузыря. Препараты желчных кислот. Урсодезоксихолиевая кислота,Дезурсолен 450 мг № 20 капс,Antibiotice S.A.,Италия,12 445 ₸,https://europharma.kz/dezursolen-450-mg-no-20-kaps,2026-08-13 15:12:11
Лекарственные средства,Средства от аллергии,Антигистаминные препараты системного действия. Производные пиперазина. Левоцетиризин.,"Аллергофри 5 мг, №10, табл.",Симпекс Фарма Пвт. Лтд,Индия,1 335 ₸,https://europharma.kz/allergofri-5-mg-no10-tabl,2026-08-13 15:12:12
Лекарственные средства,Кожные заболевания,,Эзмитоп  детский увлажняющий лосьон для тела 200мл,ENCUBE ETHICALS PRIVATE LIMITED,,6 955 ₸,https://europharma.kz/ezmitop-detskiy-uvlazhnyayushchiy-loson-dlya-tela-200ml,2026-08-13 15:12:15
Лекарственные средства,Гормональные препараты,Половые гормоны и модуляторы половой системы. Прогестагены. Производные прегнадиена. Диеногест.,Визанна для приема внутрь № 28 табл,Schering AG,Германия,18 227 ₸,https://europharma.kz/vizanna-dlya-priyema-vnutr-no-28-tabl,2026-08-13 15:12:16
Лекарственные средства,Опорно-двигательная система,,ДЕМИКАЛЬЦИН АДВАНС N30 ТАБЛ,FARMAXIAL NUTRACEUTICAL MANUFACTURING SERVICES S.R,,5 980 ₸,https://europharma.kz/demikaltsin-advans-n30-tabl,2026-08-13 15:12:18
Лекарственные средства,Противовирусные препараты,Противовирусное средство,"Оксолиновая 0,25 % 10 гр мазь",Алтайвитамины ЗАО,Россия,660 ₸,https://europharma.kz/oksolinovaya-025-10-gr-maz,2026-08-13 15:12:19
Лекарственные средства,Лечение артериального давления,Препараты для лечения заболеваний сердечно-сосудистой системы. Бета-адреноблокаторы селективные. Метопролол.,"Эгилок 25 мг, №60, табл.",ЭГИС Фармацевтический Завод ЗАО,Венгрия,1 865 ₸,https://europharma.kz/egilok-25-mg-no60-tabl,2026-08-13 15:12:20
Лекарственные средства,Противокашлевые препараты,,Мукалтин + Витамин С 100мг №20,"АО «Химфарм», Республика Казахстан, г. Шымкент, у",,1 725 ₸,https://europharma.kz/mukaltin-vitamin-s-100mg-no20,2026-08-13 15:12:21
Лекарственные средства,Лечение сердечно-сосудистых заболеваний,Антикоагулянты. Ингибиторы агрегации тромбоцитов.,"Зилт 75 мг, №28, табл., покрытые оболочкой",KRKA d.d.,Словения,5 380 ₸,https://europharma.kz/zilt-75-mg-no28-tabl-pokrytye-obolockoj,2026-08-13 15:12:22
Лекарственные средства,Гинекологические препараты,,Гинекс 500 мг/100 мг № 14 вагин. суппозитории,Кусум Хелтхер,Индия,4 710 ₸,https://europharma.kz/gineks-500-mg100-mg-no-14-vagin-suppozitorii,2026-08-13 15:12:23
Лекарственные средства,Антисептики,Антисептики и дезинфицирующие препараты. Препараты йода. Повидон-Йод,Повидон-йод DF раствор 50 мл,Досфарм,Казахстан,615 ₸,https://europharma.kz/povidon-jod-df-rastvor-50-ml,2026-08-13 15:12:24
Лекарственные средства,Антибиотики,Антибактериальные препараты для системного использования. Фторхинолоны.,"Ремедия 500 мг, №10, табл покр. оболочкой",Симпекс Фарма Пвт. Лтд,Индия,5 078 ₸,https://europharma.kz/remedia-500-mg-no10-tabl-pokr-obolockoj,2026-08-13 15:12:25
Лекарственные средства,Лечение лор заболеваний,Назальные препараты. Антиконгестанты и другие назальные препараты для местного применения. Симпатомиметики. Оксиметазолин,Оксивин-DF 0.05 % 10 мл спрей назальный,Досфарм,Казахстан,985 ₸,https://europharma.kz/oksivin-df-005-10-ml-sprey-nazalnyy,2026-08-13 15:12:26
Лекарственные средства,Слабительные препараты,,Порталак сироп 667мг/мл 250мл,Белупо лекарства и косметика,Хорватия,3 030 ₸,https://europharma.kz/portalak-sirop-667mgml-250ml,2026-08-13 15:12:27
Лекарственные средства,Лечение лор заболеваний,Анальгетики-антипиретики другие. Парацетамол в комбинации с другими препаратами (исключая психолептики).,Фервекс малина № 8 пакетики,УПСА,Франция,3 725 ₸,https://europharma.kz/ferveks-malina-no-8-paketiki,2026-08-13 15:12:28
Лекарственные средства,Лечение сердечно-сосудистых заболеваний,Антикоагулянты. Ингибиторы агрегации тромбоцитов.,"Зилт 75 мг, №14, табл., покрытые оболочкой",KRKA d.d.,Словения,4 110 ₸,https://europharma.kz/zilt-75-mg-no14-tabl-pokrytye-obolockoj,2026-08-13 15:12:29
Лекарственные средства,Лечение заболеваний опорно-двигательного аппарата,"Костно-мышечная система. Противовоспалительные и противоревматические препараты. Противовоспалительные и противоревматические препараты, нестероидные. Оксикамы. Мелоксикам.","Мелоксикам-Тева 7,5 мг № 20 табл",Help S.A.,Венгрия,1 880 ₸,https://europharma.kz/meloksikam-teva-75-mg-no-20-tabl,2026-08-13 15:12:30
Лекарственные средства,Лечение артериального давления,Селективные блокаторы «медленных» кальциевых каналов с преимущественным влиянием на сосуды. Дигидропиридиновые производные.,"Амлотоп 10 мг, №30, табл.",Нижфарм ОАО,Россия,1 405 ₸,https://europharma.kz/amlotop-10-mg-no30-tabl,2026-08-13 15:12:31
Лекарственные средства,Лечение лор заболеваний,Анальгетики-антипиретики другие. Парацетамол в комбинации с другими препаратами (исключая психолептики).,Фервекс б/сахара № 8 пакетики,УПСА,Франция,3 355 ₸,https://europharma.kz/ferveks-bsakhara-no-8-paketiki,2026-08-13 15:12:32
Лекарственные средства,Лечение артериального давления,,Лориста НД 100 мг/25 мг № 28 табл покрытые оболочкой,KRKA d.d.,Словения,5 830 ₸,https://europharma.kz/lorista-nd-100-mg25-mg-no-28-tabl-pokrytyye-obolochkoy,2026-08-13 15:12:33
Лекарственные средства,Лечение артериального давления,Селективные блокаторы «медленных» кальциевых каналов с преимущественным влиянием на сосуды. Дигидропиридиновые производные.,"Амлотоп 5 мг, №30, табл.",Нижфарм ОАО,Россия,1 290 ₸,https://europharma.kz/amlotop-5-mg-no30-tabl,2026-08-13 15:12:34
Лекарственные средства,Антибиотики,,Левомицетин табл. 500мг №40 сериал.,,,3 660 ₸,https://europharma.kz/levomitsetin-tabl-500mg-no40-serial,2026-08-13 15:12:35
Лекарственные средства,Лечение неврологических нарушений,Седативные и снотворные препараты другие.,"Пустырника 25 мл, настойка",Фармация АО,Казахстан,300 ₸,https://europharma.kz/pustyrnika-25-ml-nastoyka-3,2026-08-13 15:12:36
Лекарственные средства,Гормональные препараты,Половые гормоны и модуляторы половой системы. Эстрогены. Природные и полусинтетические эстрогены. Эстрадиол.,Прогинова 2 мг № 21 табл п/сахар оболоч,Дельфарм Юнинг С.А.С,Франция,15 099 ₸,https://europharma.kz/proginova-2-mg-no-21-tabl-psakhar-oboloch,2026-08-13 15:12:37
Лекарственные средства,Гормональные препараты,Половые гормоны и модуляторы половой системы. Прогестагены и эстрогены в комбинации. Прогестагены и эстрогены (фиксированные сочетания). Дроспиренон и эстроген,Анжелик для приема внутрь № 28 табл,Schering AG,Германия,9 535 ₸,https://europharma.kz/anzhelik-dlya-priyema-vnutr-no-28-tabl,2026-08-13 15:12:38
Лекарственные средства,Лечение лор заболеваний,,Аквалор Горло с алоэ вера и ромашкой римской 125 мл спрей для горла,Нижфарм ОАО,Франция,5 190 ₸,https://europharma.kz/akvalor-gorlo-s-aloe-vera-i-romashkoy-rimskoy-125-ml-sprey-dlya-gorla,2026-08-13 15:12:39
Лекарственные средства,Кожные заболевания,Глюкокортикостероиды для местного лечения заболеваний кожи. Глюкокортикостероиды активные (Группа III). Метилпреднизолона ацепонат.,"Адвантан жирная мазь 0,1%, 15 гр",Intendis,Италия,6 560 ₸,https://europharma.kz/advantan-zirnaa-maz-01-15-gr,2026-08-13 15:12:40
Лекарственные средства,Лечение заболеваний опорно-двигательного аппарата,,Детралекс 500 мг № 60 табл п/плён оболоч,СЕРВЬЕ РУС ООО,Франция,15 795 ₸,https://europharma.kz/detraleks-500-mg-no-60-tabl-pplen-oboloch,2026-08-13 15:12:41
Лекарственные средства,Препараты урологии и гинекологии,Прочие препараты для лечения урологических заболеваний.,Витапрост 10 мг № 10 суппозит. ректал.,Нижфарм ОАО,Россия,11 430 ₸,https://europharma.kz/vitaprost-10-mg-no-10-suppozit-rektal,2026-08-13 15:12:42
Лекарственные средства,Лечение лор заболеваний,Препараты для лечения респираторной системы. Назальные препараты. Антиконгестанты и другие назальные препараты для местного применения. Симпатомиметики в комбинации с другими препаратами (исключая кортикостероиды). Ксилометазолин в комбинации с другими препаратами.,"Галазолин 0,05% 10 мл спрей назальный",Медана Фарма АО,Польша,2 035 ₸,https://europharma.kz/galazolin-005-10-ml-sprey-nazalnyy,2026-08-13 15:12:43
Лекарственные средства,Лечение лор заболеваний,,Аквалор Горло мини с алоэ вера и ромашкой римской 50 мл спрей для горла,Нижфарм ОАО,Франция,4 330 ₸,https://europharma.kz/akvalor-gorlo-mini-s-aloe-vera-i-romashkoy-rimskoy-50-ml-sprey-dlya-gorla,2026-08-13 15:12:44
Лекарственные средства,Гинекологические препараты,,Фолинексис №30 капс,Sole Pharma ph. LTD,,6 103 ₸,https://europharma.kz/folineksis-no30-kaps,2026-08-13 15:12:45
Лекарственные средства,Лечение сердечно-сосудистых заболеваний,Лечение синдрома варикозного расширения вен. Гепаринсодержащие препараты для местного применения,Лиотон-1000 100 гр гель,Берлин-Хеми АГ (Менарини,Германия,9 420 ₸,https://europharma.kz/lioton-1000-100-gr-gel,2026-08-13 15:12:48
Лекарственные средства,Инъекционные растворы и ампулы,Нестероидные противовоспалительные препараты другие.,Драстоп раствор д/инъекций 100 мг/мл 2 мл № 10 амп,Ромфарм Компания СРЛ,Турция,9 641 ₸,https://europharma.kz/drastop-rastvor-dinyektsiy-100-mgml-2-ml-no-10-amp,2026-08-13 15:12:49
Лекарственные средства,Анальгетики,,Бруфен Ретард 800 мг № 20 табл,"FAMAR A.V.E., Греция",Греция,3 730 ₸,https://europharma.kz/brufen-retard-800-mg-no-20-tabl,2026-08-13 15:12:50
Лекарственные средства,Лечение лор заболеваний,,"Амброксол 30 мг, №20, табл,",Борисовский завод медицинских препаратов ОАО,Беларусь,500 ₸,https://europharma.kz/ambroksol-30-mg-no20-tabl-2,2026-08-13 15:12:51
Лекарственные средства,Антибиотики,Антибактериальные препараты для системного использования. Бета-лактамные антибактериальные препараты прочие. Цефалоспорины второго поколения. Цефуроксим.,Зиннат 250 мг № 10 табл п/плён оболоч,Сандоз Фармасьютикалс д.д.,Великобритания,4 325 ₸,https://europharma.kz/zinnat-250-mg-no-10-tabl-pplen-oboloch,2026-08-13 15:12:52
Лекарственные средства,Кожные заболевания,Глюкокортикостероиды для местного лечения заболеваний кожи. Глюкокортикостероиды в комбинации с другими препаратами. Кортикостероиды сильные в комбинации с другими препаратами.,"Травазол 15 г, крем",Bilim Ilas San. Ve Tic A. C.,Турция,5 870 ₸,https://europharma.kz/travazol-15-g-krem,2026-08-13 15:12:53
Лекарственные средства,Лечение заболеваний опорно-двигательного аппарата,,Терафлекс Хондрокрем Форте 30 гр крем,"Сагмел, Инк.",Россия,2 425 ₸,https://europharma.kz/terafleks-khondrokrem-forte-30-gr-krem,2026-08-13 15:12:54
Лекарственные средства,Противокашлевые препараты,Препараты для устранения симптомов простуды и кашля. Противокашлевые препараты (исключая комбинацию с отхаркивающими препаратами). Противокашлевые препараты прочие. Комбинированные препараты,Гербион подорожника 150 мл сироп,KRKA d.d.,Словения,3 050 ₸,https://europharma.kz/gerbion-podorozhnika-150-ml-sirop,2026-08-13 15:12:55
Лекарственные средства,Лечение лор заболеваний,,"Протаргол рино 15 мл капли, ЭскоФарм ОО",ЭскоФарм ООО,,1 695 ₸,https://europharma.kz/protargol-rino-15-ml-kapli-eskofarm-oo,2026-08-13 15:12:56
Лекарственные средства,Анальгетики,Нестероидные противовоспалительные препараты. Производные уксусной кислоты.,Кетанов раствор д/ внутримышеч. введения 30 мг/мл 1 мл № 10 амп,S.C.Terapia S.A.,Румыния,1 641 ₸,https://europharma.kz/ketanov-rastvor-d-vnutrimyshech-vvedeniya-30-mgml-1-ml-no-10-amp,2026-08-13 15:12:57
Лекарственные средства,Средства от аллергии,Антигистаминные препараты системного действия. Антигистаминные препараты системного действия другие. Кетотифен,"Кетотифен 1 мг, №30, табл.",Глобал Фарм,Казахстан,495 ₸,https://europharma.kz/ketotifen-1-mg-no30-tabl,2026-08-13 15:12:58
Лекарственные средства,Лечение лор заболеваний,,Аква Марис БЕБИ для детей 150 мл спрей назальный,Ядран-Галенски Лабораторий а.о.,Хорватия,4 525 ₸,https://europharma.kz/akva-maris-bebi-dlya-detey-150-ml-sprey-nazalnyy,2026-08-13 15:12:59
Лекарственные средства,Противогрибковые средства,,Экофуцин AVVA 100 мг №6 супп.ваг.,Авва-Рус/Сти-Мед-Сорб,,5 160 ₸,https://europharma.kz/ekofutsin-avva-100-mg-no6-suppvag,2026-08-13 15:13:00
Лекарственные средства,Лечение артериального давления,"Препараты, влияющие на систему ренин-ангиотензин. Ангиотензина II антагонисты. Телмисартан.",Телсартан 80мг №30 табл,Dr.Reddy`s Laboratories L,Индия,4 320 ₸,https://europharma.kz/telsartan-80mg-no30-tabl,2026-08-13 15:13:01
Лекарственные средства,Лечение неврологических нарушений,,Пустырника Экстракт 14мг Эвалар 300 табл,Эвалар ЗАО,Россия,3 435 ₸,https://europharma.kz/pustyrnika-ekstrakt-14mg-evalar-300-tabl,2026-08-13 15:13:02
Лекарственные средства,Лечение артериального давления,,Твинста 80 мг/5 мг № 28 табл,Берингер Ингельхайм Итали,Германия,6 455 ₸,https://europharma.kz/tvinsta-80-mg5-mg-no-28-tabl,2026-08-13 15:13:04
Лекарственные средства,Антибиотики,Бета-лактамные антибактериальные препараты прочие.,Цеф III 1 гр № 1 порошок для приготовления раствора для инъекций,Химфарм ФЗ АО,Казахстан,2 495 ₸,https://europharma.kz/tsef-iii-1-gr-no-1-poroshok-dlya-prigotovleniya-rastvora-dlya-inyektsiy,2026-08-13 15:13:05
Лекарственные средства,Противогрибковые средства,Глюкокортикостероиды высокоактивные в комбинации с антисептиками. Дифлукортолон в комбинации с антисептиками.,"Травокорт 15 гр, крем",Шеринг С.п.А.,Италия,6 125 ₸,https://europharma.kz/travokort-15-gr-krem,2026-08-13 15:13:06
Лекарственные средства,Мужские препараты,Препараты для лечения доброкачественной гиперплазии предстательной железы. Альфа-адреноблокатор.,"Ранопрост 40 мг, №30, капс.",Sun Pharmaceutical Indust,Индия,5 595 ₸,https://europharma.kz/ranoprost-40-mg-no30-kaps,2026-08-13 15:13:07
Лекарственные средства,Лечение лор заболеваний,Фармакологические свойства,Септолете Тотал лимон и бузина № 16 табл,KRKA d.d.,Словения,3 345 ₸,https://europharma.kz/septolete-total-limon-i-buzina-no-16-tabl,2026-08-13 15:13:08
Лекарственные средства,Лечение артериального давления,,Твинста 80 мг/10 мг № 28 табл,Ципла Лтд,Германия,6 115 ₸,https://europharma.kz/tvinsta-80-mg10-mg-no-28-tabl,2026-08-13 15:13:09
Лекарственные средства,Лечение артериального давления,"Препараты, влияющие на систему ренин-ангиотензин. Ангиотензина II антагонисты в комбинации с другими препаратами. Ангиотензина II антагонисты в комбинации с диуретиками. Валсартан в комбинации с диуретиками.","Вальсакор Н 80 мг/12,5 мг № 28 табл п/плён оболоч",KRKA d.d.,Словения,4 385 ₸,https://europharma.kz/valsakor-n-80-mg125-mg-no-28-tabl-pplen-oboloch,2026-08-13 15:13:10
Лекарственные средства,Лечение артериального давления,"Препараты, влияющие на систему ренин-ангиотензин. Анготензина II антагонисты. Валсартан",Вальсакор 80 мг № 28 табл покрытые оболочкой,KRKA d.d.,Словения,3 200 ₸,https://europharma.kz/valsakor-80-mg-no-28-tabl-pokrytyye-obolochkoy,2026-08-13 15:13:11
Лекарственные средства,Мужские препараты,Препараты для лечения урологических заболеваний. Препараты для лечения доброкачественной гипертрофии простаты. Альфа-адреноблокаторы. Тамсулозин.,"Профлосин 0,4 мг, №30, капс.",Синтон Хиспания С.Л.,Испания,4 400 ₸,https://europharma.kz/proflosin-04-mg-no30-kaps,2026-08-13 15:13:12
Лекарственные средства,Лечение артериального давления,Препараты для лечения заболеваний сердечно-сосудистой системы. Бета-адреноблокаторы селективные. Метопролол.,"Эгилок 100 мг, №60, табл.",ЭГИС Фармацевтический Завод ЗАО,Венгрия,3 020 ₸,https://europharma.kz/egilok-100-mg-no60-tabl,2026-08-13 15:13:13
Лекарственные средства,Лечение жкт,,Панкрим № 20 табл покр кишечнораст оболочкой,Химфарм ФЗ АО,Казахстан,1 450 ₸,https://europharma.kz/pankrim-no-20-tabl-pokr-kishechnorast-obolochkoy,2026-08-13 15:13:14
Лекарственные средства,Лечение артериального давления,"Препараты, влияющие на систему ренин-ангиотензин. Анготензина II антагонисты. Валсартан",Вальсакор 160 мг № 28 табл,KRKA d.d.,Словения,4 945 ₸,https://europharma.kz/valsakor-160-mg-no-28-tabl,2026-08-13 15:13:15
Лекарственные средства,Противогрибковые средства,Противогрибковые препараты для местного применения. Производные имидазола.,"Травоген 1%, 20 гр, крем",ЛЕО Фарма Мануфэкчуринг Итали С.р.л.,Италия,6 570 ₸,https://europharma.kz/travogen-1-20-gr-krem,2026-08-13 15:13:16
Лекарственные средства,Упсарин Упса 500 мг № 16 шипуч табл,Анальгетики и антипиретики. Салициловая кислота и ее производные.,Упсарин Упса 500 мг № 16 шипуч табл,УПСА,Франция,2 575 ₸,https://europharma.kz/upsarin-upsa-500-mg-no-16-shipuch-tabl,2026-08-13 15:13:17
Лекарственные средства,"Ферлатум 15 мл, №10, фл.",Препараты железа (трехвалентного) для приема внутрь.,"Ферлатум 15 мл, №10, фл.","Медэкспорт, Италия",,5 355 ₸,https://europharma.kz/ferlatum-15-ml-no10-fl,2026-08-13 15:13:18
Лекарственные средства,Лечение головного кровооброщения,Препараты для лечения заболеваний нервной системы другие. Парасимпатомиметики. Парасимпатомиметики другие. Холин альфосцерат.,Глиатилин 400 мг № 14 капс,Италфармако С.п.А.,Италия,10 228 ₸,https://europharma.kz/gliatilin-400-mg-no-14-kaps,2026-08-13 15:13:21
Лекарственные средства,Антисептики,,Перекись водорода р-р мест. нар. 3% 100мл. фк пласт. (Красный лист ООО ),(Красный лист ООО) Россия,,165 ₸,https://europharma.kz/perekis-vodoroda-r-r-mest-nar-3-100ml-fk-plast-krasnyy-list-ooo,2026-08-13 15:13:22
Лекарственные средства,Лечение заболеваний опорно-двигательного аппарата,Костно-мышечная система. Препараты для местного применения при суставной и мышечной боли. Прочие препараты.,Неболитокс 50 г гель для наружного применения,Оксфорд Лабораториз Пвт. Лтд,Индия,3 255 ₸,https://europharma.kz/nebolitoks-50-g-gel-dlya-naruzhnogo-primeneniya,2026-08-13 15:13:23
Лекарственные средства,Анальгетики,Противовоспалительные и противоревматические препараты. Нестероидные противовоспалительные препараты. Пропионовой кислоты производные. Напроксен.,Налгезин® 275 мг № 10 табл,KRKA d.d.,Словения,2 340 ₸,https://europharma.kz/nalgezin-275-mg-no-10-tabl,2026-08-13 15:13:24
Лекарственные средства,Лечение лор заболеваний,"Респираторная система. Назальные препараты. Деконгестанты и другие назальные препараты для местного применения. Симпатомиметики, простые. Оксиметазолин.","Ринт 0,05 мг/г 10мл спрей назальный (ментол)",Фармак ПАО,Украина,2 620 ₸,https://europharma.kz/rint-005-mgg-10ml-sprey-nazalnyy-mentol,2026-08-13 15:13:25
Лекарственные средства,Лечение печени,Прочие препараты для лечения заболеваний желчевыводящих путей,Аллохол № 50 табл покрытые оболочкой,Ирбитский химико-фармацев,Россия,1 530 ₸,https://europharma.kz/allokhol-no-50-tabl-pokrytyye-obolochkoy,2026-08-13 15:13:26
Лекарственные средства,Лечение лор заболеваний,"Респираторная система. Назальные препараты. Деконгестанты и другие назальные препараты для местного применения. Симпатомиметики, простые. Оксиметазолин.","Ринт 0,05 мг/г 10мл спрей назальный увлажняющий",Фармак ПАО,Украина,2 610 ₸,https://europharma.kz/rint-005-mgg-10ml-sprey-nazalnyy-uvlazhnyayushchiy,2026-08-13 15:13:28
Лекарственные средства,Лечение лор заболеваний,,Пастилки-таблетки Шалфей ромашка с медом №24 табл,Доктор Тайсс,Германия,2 710 ₸,https://europharma.kz/pastilki-tabletki-salfej-romaska-s-medom-no24-tabl,2026-08-13 15:13:29
Лекарственные средства,Лечение сахарного диабета,,"Диабетофит №50, фито капсулы",Кызылмай Фирма ПК,Казахстан,1 440 ₸,https://europharma.kz/diabetofit-no50-fito-kapsuly,2026-08-13 15:13:30
Лекарственные средства,Лечение лор заболеваний,,"Танфлекс Плюс 45мг, 30 мл, спрей",ABDI IBRAHIM,Турция,3 710 ₸,https://europharma.kz/tanfleks-plyus-45mg-30-ml-sprey,2026-08-13 15:13:31
Лекарственные средства,Лечение лор заболеваний,Респираторная система. Препараты для лечения заболеваний горла. Препараты для лечения заболеваний горла другие. Бензидамин.,Тантум Верде 3 мг № 20 табл,Азиенде Кимике Риуните Ан,Италия,2 965 ₸,https://europharma.kz/tantum-verde-3-mg-no-20-tabl,2026-08-13 15:13:32
Лекарственные средства,Противогрибковые средства,Противогрибковые препараты для системного применения.,Конарекс 150мг № 2 капс,PHARMATHEN S.A.,Греция,3 920 ₸,https://europharma.kz/konareks-150mg-no-2-kaps,2026-08-13 15:13:33
Лекарственные средства,Лечение головного кровооброщения,Препараты для лечения заболеваний нервной системы. Психоаналептики. Психостимуляторы и ноотропы другие. Пирацетам.,"Луцетам 800 мг, №30, табл.",ЭГИС Фармацевтический Завод ЗАО,Венгрия,2 465 ₸,https://europharma.kz/lucetam-800-mg-no30-tabl,2026-08-13 15:13:34
Лекарственные средства,Лечение головного кровооброщения,Препараты для лечения заболеваний нервной системы другие. Парасимпатомиметики. Парасимпатомиметики другие. Холин альфосцерат.,Глиатилин раствор д/инъекций 1000 мг/4 мл № 3 амп,Италфармако С.п.А.,Италия,12 275 ₸,https://europharma.kz/gliatilin-rastvor-dinyektsiy-1000-mg4-ml-no-3-amp,2026-08-13 15:13:35
Лекарственные средства,Лечение жкт,"Пищеварительный тракт и обмен веществ. Препараты, способствующие пищеварению, включая ферменты. Ферментные препараты. Мультиферменты (липаза, протеаза и т. д.).",Пензим® 10000 № 60 табл покр кишечнораст оболочкой,Нобел АФФ,Казахстан,4 577 ₸,https://europharma.kz/penzim-10000-no-60-tabl-pokr-kishechnorast-obolochkoy,2026-08-13 15:13:36
Лекарственные средства,Антисептики,"Препараты, содержащие цинк, для лечения заболеваний кожи.","Цинк Олив 60 мл, лосьон",Медикал Юнион Фармасьютикалс,Египет,3 350 ₸,https://europharma.kz/cink-oliv-60-ml-loson,2026-08-13 15:13:37
Лекарственные средства,Антибиотики,Бета-лактамные антибактериальные препараты – Пенициллины. Пенициллины в комбинации с ингибиторами бета-лактамаз.,Клавам 625 мг № 20 табл покрытые оболочкой,Алкем Лабораториз Лтд,Индия,5 100 ₸,https://europharma.kz/klavam-625-mg-no-20-tabl-pokrytyye-obolochkoy,2026-08-13 15:13:38
Лекарственные средства,Лечение лор заболеваний,,Септолете Тотал мед и лимон №16 табл,KRKA d.d.,Словения,3 345 ₸,https://europharma.kz/septolete-total-med-i-limon-no16-tabl,2026-08-13 15:13:39
Лекарственные средства,Пробиотики и пребиотики,,БлюмАктив форте капс №20,GRICAR CHEMICAL S.r.l,,8 825 ₸,https://europharma.kz/blyumaktiv-forte-kaps-no20,2026-08-13 15:13:40
Лекарственные средства,Гормональные препараты,Гормональные препараты для системного использования. Кортикостероиды для системного использования. Глюкокортикостероиды. Бетаметазон.,Сертоспан суспензия д/и 1 мл № 5 амп,Зентива Саглык Юрюнлери Сан Ве Тидж А.Ш,Турция,2 350 ₸,https://europharma.kz/sertospan-suspenziya-di-1-ml-no-5-amp,2026-08-13 15:13:41
Лекарственные средства,Противокашлевые препараты,"Респираторная система. Препараты, применяемые при кашле и простудных заболеваниях. Экспекторанты, исключая комбинации с подавляющими кашель. Муколитики. Амброксол.",Лазолван Макс 75 мг № 10 капс,Stada Arzneimittel AG,Германия,3 980 ₸,https://europharma.kz/lazolvan-maks-75-mg-no-10-kaps,2026-08-13 15:13:42
Лекарственные средства,Лечение артериального давления,"Препараты, влияющие на систему ренин-ангиотензин.",Микардис 80 мг № 28 табл,Берингер Ингельхайм Фарма ГмбХ и Ко.КГ,Греция,3 965 ₸,https://europharma.kz/mikardis-80-mg-no-28-tabl,2026-08-13 15:13:43
Лекарственные средства,Лечение артериального давления,"Препараты, влияющие на ренин-ангиотензиновую систему. Ингибиторы ангиотензин-преращающего фермента (АПФ). Периндоприл",Пренесса 4 мг № 30 табл,KRKA d.d.,Словения,2 630 ₸,https://europharma.kz/prenessa-4-mg-no-30-tabl,2026-08-13 15:13:44
Лекарственные средства,Лечение геморроя,Ангиопротекторы. Средства для лечения геморроя и анальных трещин для местного применения. Прочие средства для лечения геморроя и анальных трещин для местного применения. Прочие препараты и их комбинации.,"Ультрапрокт №10, свечи",KARO PHARMA,Швеция,3 400 ₸,https://europharma.kz/ultraprokt-no10-sveci,2026-08-13 15:13:45
Лекарственные средства,Антибиотики,,Норбактин 400 мг № 10 табл,Ranbaxy Laboratories Ltd.,Индия,6 035 ₸,https://europharma.kz/norbaktin-400-mg-no-10-tabl,2026-08-13 15:13:46
Лекарственные средства,Лечение головного кровооброщения,Препараты для лечения заболеваний нервной системы. Психоаналептики. Психостимуляторы и ноотропы другие. Пирацетам.,"Луцетам 1200 мг, №20, табл.",ЭГИС Фармацевтический Завод ЗАО,Венгрия,2 682 ₸,https://europharma.kz/lucetam-1200-mg-no20-tabl,2026-08-13 15:13:47
Лекарственные средства,Лечение почек,Противомикробные препараты для системного применения.,Урофурагин 50 мг № 30 табл.,Pharmaceutical Works Polfa in Pabianice Joint Stoc,Польша,2 990 ₸,https://europharma.kz/urofuragin-50-mg-no-30-tabl,2026-08-13 15:13:48
Лекарственные средства,Лечение артериального давления,"Блокаторы «медленных» кальциевых каналов. Дигидропиридиновые производные
Код ATХ С08СA13",Леркамен 10 мг № 60 табл п/плён оболоч,Берлин-Хеми АГ (Менарини,Германия,6 325 ₸,https://europharma.kz/lerkamen-10-mg-no-60-tabl-pplen-oboloch,2026-08-13 15:13:49
Лекарственные средства,Антибиотики,Антибактериальные препараты для системного использования. Сульфаниламиды и триметоприм. Сульфаниламиды в комбинации с триметопримом и его производными. Ко-тримоксазол.,Бисептол 960 мг № 10 табл.,Пабяницкий фармацевтическ,Польша,2 390 ₸,https://europharma.kz/biseptol-960-mg-no-10-tabl,2026-08-13 15:13:50
Лекарственные средства,Лечение жкт,"Пищеварительный тракт и обмен веществ. Препараты, способствующие пищеварению, включая ферменты. Ферментные препараты. Мультиферменты (липаза, протеаза и т. д.).",Пензим® 10000 № 30 табл покр кишечнораст оболочкой,Нобел АФФ,Казахстан,2 790 ₸,https://europharma.kz/penzim-10000-no-30-tabl-pokr-kishechnorast-obolochkoy,2026-08-13 15:13:51
Лекарственные средства,Гормональные препараты,Половые гормоны и модуляторы половой системы. Гормональные контрацептивы для системного использования. Прогестагены и эстрогены (фиксированные сочетания). Дроспиренон и эсрогены,"Ярина №21, табл.",Байер Веймар ГмбХ и Ко. КГ,Германия,6 785 ₸,https://europharma.kz/yarina-no21-tabl,2026-08-13 15:13:54
Лекарственные средства,Лечение артериального давления,"Препараты, влияющие на систему ренин-ангиотензин. АКФ ингибиторы в комбинации с другими препаратми. АКФ ингибиторы в комбинации с диуретиками. Периндоприл в комбинации с диуретиками.","Ко-Пренесса 4мг/1,25мг, №30, табл.",KRKA d.d.,Словения,3 630 ₸,https://europharma.kz/ko-prenessa-4mg125mg-no30-tabl,2026-08-13 15:13:55
Лекарственные средства,Антисептики,Антисептики и дезинфицирующие препараты прочие.,Спирт этиловый 90% 50 мл флак,ТК Фарм Актобе ТОО,Казахстан,335 ₸,https://europharma.kz/spirt-etilovyy-90-50-ml-flak,2026-08-13 15:13:56
Лекарственные средства,Анальгетики,,Фаниган GR таб. 50 мг №10,Кусум Хелтхер,Индия,635 ₸,https://europharma.kz/fanigan-gr-tab-50-mg-no10,2026-08-13 15:13:57
Лекарственные средства,Антибиотики,Противомикробные препараты для системного применения. Макролиды. Азитромицин.,Азицин 500 мг №3 табл,Пабяницкий фармацевтическ,Польша,2 725 ₸,https://europharma.kz/azicin-500-mg-no3-tabl,2026-08-13 15:13:58
Лекарственные средства,"Гексаспрей 2,5% для местного применения 30 гр аэрозоль",Препараты для лечения заболеваний горла. Антисептики. Прочие препараты.,"Гексаспрей 2,5% для местного применения 30 гр аэрозоль",Лаборатории Бушара Рекорд,Франция,3 340 ₸,https://europharma.kz/geksasprey-25-dlya-mestnogo-primeneniya-30-gr-aerozol,2026-08-13 15:14:00
Лекарственные средства,Лечение сердечно-сосудистых заболеваний,,"Валериана Экстра 0,13 гр, №50, таб",Биокор-П,Россия,520 ₸,https://europharma.kz/valeriana-ekstra-013-gr-no50-tab,2026-08-13 15:14:01
Лекарственные средства,Инъекционные растворы и ампулы,Антианемические препараты. Препараты железа. Препараты железа для парентерального применения. Сахарат оксида железа.,Венофер р-р для в/венного введения 20 мг/мл 5мл № 5 ампулы,Nycomed Austria GmbH,Австрия,18 875 ₸,https://europharma.kz/venofer-r-r-dlya-vvennogo-vvedeniya-20-mgml-5ml-no-5-ampuly,2026-08-13 15:14:02
Лекарственные средства,Противовирусные препараты,,Энфлувир 75мг №10 капс,Атабай Илач Фабрика А.С.,,4 940 ₸,https://europharma.kz/enfluvir-75mg-no10-kaps,2026-08-13 15:14:03
Лекарственные средства,Ранферон-12 № 30 капс,,Ранферон-12 № 30 капс,Sun Pharmaceutical Indust,Индия,2 430 ₸,https://europharma.kz/ranferon-12-no-30-kaps,2026-08-13 15:14:04
Лекарственные средства,Инъекционные растворы и ампулы,Витамины. Витамин В1 и его комбинация с витаминами В6 и В12.,Нейромультивит раствор д/инъекций 2 мл № 5 амп,G.L Pharma GmbH,Австрия,3 025 ₸,https://europharma.kz/neyromultivit-rastvor-dinyektsiy-2-ml-no-5-amp,2026-08-13 15:14:05
Лекарственные средства,Женские препараты,Половые гормоны и модуляторы половой системы. Прогестагены. Производные прегнена. Прогестерон.,"Утрожестан 100 мг, №28, капс.",Синдеа Фарма СЛ,Испания,5 815 ₸,https://europharma.kz/utrozhestan-100-mg-no28-kaps,2026-08-13 15:14:06
Лекарственные средства,Лечение артериального давления,"Препараты, влияющие на систему ренин-ангиотензин. Ангиотензин-конвертируюшего фермента (АКФ) ингибиторы. Фозиноприл.","Фозиноприл ""Вива Фарм"" 10 мг № 28 табл",Вива Фарм ТОО,Казахстан,2 490 ₸,https://europharma.kz/fozinopril-viva-farm-10-mg-no-28-tabl,2026-08-13 15:14:07
Лекарственные средства,Лечение артериального давления,"Препараты, влияющие на ренин-ангиотензиновую систему. Ингибиторы ангиотензин-преращающего фермента (АПФ). Периндоприл",Пренесса 8 мг № 30 табл,KRKA d.d.,Словения,3 895 ₸,https://europharma.kz/prenessa-8-mg-no-30-tabl,2026-08-13 15:14:08
Лекарственные средства,Противовирусные препараты,Анальгетики. Анальгетики – Антипиретики другие. Анилиды. Парацетамол в комбинации с другими препаратами (исключая психолептики).,Антифлу № 12 табл п/плён оболоч,"Сагмел, Инк.",США,2 530 ₸,https://europharma.kz/antiflu-no-12-tabl-pplen-oboloch,2026-08-13 15:14:09
Лекарственные средства,Лечение ран и ожогов,,Силкер 50 г крем в тубе,Оксфорд Лабораториз Пвт. Лтд,Индия,2 060 ₸,https://europharma.kz/silker-50-g-krem-v-tube,2026-08-13 15:14:10
Лекарственные средства,Лечение лор заболеваний,Назальные препараты. Антиконгестанты и другие назальные препараты для местного применения. Симпатомиметики. Ксилометазолин,"Отризол-ДF 0,1% 10 мл спрей назальный (ментол и эвкалипт)",Досфарм,Казахстан,1 400 ₸,https://europharma.kz/otrizol-df-01-10-ml-sprey-nazalnyy-mentol-i-evkalipt,2026-08-13 15:14:11
Лекарственные средства,Препараты урологии и гинекологии,,Сертазол 300 мг № 1 суппозитории,Рубикон ООО,Беларусь,3 420 ₸,https://europharma.kz/sertazol-300-mg-no-1-suppozitorii,2026-08-13 15:14:12
Лекарственные средства,Лечение жкт,Противоязвенные препараты и препараты для лечения гастроэзофагального рефлюкса. Комбинация препаратов для эрадикации Нelicobacter pylori,Пилобакт Нео № 42 табл,Ranbaxy Laboratories Ltd.,Индия,10 155 ₸,https://europharma.kz/pilobakt-neo-no-42-tabl,2026-08-13 15:14:13
Лекарственные средства,Лечение лор заболеваний,Глюкокортикостероиды в комбинации с противомикробными препаратами. Дексаметазон в комбинации с противомикробными препаратами,"Полидекса с фенилэфрином 15 мл, спрей назальный",Софартекс,Франция,2 965 ₸,https://europharma.kz/polideksa-s-fenilefrinom-15-ml-sprey-nazalnyy,2026-08-13 15:14:14
Лекарственные средства,Никсар 20 мг № 10 табл,"Антигистаминные препараты для системного действия. Антигистаминные препараты для системного действия, другие.",Никсар 20 мг № 10 табл,Берлин-Хеми АГ (Менарини,Германия,1 573 ₸,https://europharma.kz/niksar-20-mg-no-10-tabl,2026-08-13 15:14:15
Лекарственные средства,Лечение лор заболеваний,,Пастилки-таблетки Шалфей с подорожником №24 табл,Доктор Тайсс,Германия,2 560 ₸,https://europharma.kz/pastilki-tabletki-salfej-s-podoroznikom-no24-tabl,2026-08-13 15:14:16
Лекарственные средства,Лечение артериального давления,"Препараты для лечения заболеваний сердечно-сосудистой системы. Препараты, влияющие на систему ренин – ангиотензин. Ангиотензина II антагонисты. Кандесартан.",Кантаб® 8мг №28 табл.,Нобел АФФ,Казахстан,3 915 ₸,https://europharma.kz/kantab-8mg-no28-tabl,2026-08-13 15:14:17
Лекарственные средства,Лечение головного кровооброщения,Психостимуляторы и ноотропы другие.,Трикортин 2 мл № 5 амп,Фидиа Фармацеутиси Эй Пи,Италия,10 650 ₸,https://europharma.kz/trikortin-2-ml-no-5-amp,2026-08-13 15:14:18
Лекарственные средства,Лечение лор заболеваний,Антиконгестанты и другие назальные препараты для местного лечения. Симпатомиметики,"Нафазолин-К 0,1%, 20 мл, капли",Фармация АО,Казахстан,200 ₸,https://europharma.kz/nafazolin-k-01-20-ml-kapli,2026-08-13 15:14:19
Лекарственные средства,Лечение артериального давления,"Препараты, влияющие на систему ренин-ангиотензин. АКФ ингибиторы в комбинации с другими препаратми. АКФ ингибиторы в комбинации с диуретиками. Периндоприл в комбинации с диуретиками.","Ко-Пренесса 2мг/0,625мг, №30, табл.",KRKA d.d.,Словения,3 070 ₸,https://europharma.kz/ko-prenessa-2mg0625mg-no30-tabl,2026-08-13 15:14:20
Лекарственные средства,Лечение артериального давления,"Препараты, влияющие на систему ренин-ангиотензин. Ангиотензин-конвертируюшего фермента (АКФ) ингибиторы. Фозиноприл.","Фозиноприл ""Вива Фарм"" 20 мг № 28 табл",Вива Фарм ТОО,Казахстан,3 010 ₸,https://europharma.kz/fozinopril-viva-farm-20-mg-no-28-tabl,2026-08-13 15:14:21
Лекарственные средства,Антисептики,,"Хлоргексидина биглюконат Раствор для местного применения / 0,05% 100мл №1(Красный лист ООО )",(Красный лист ООО) Россия,,155 ₸,https://europharma.kz/khlorgeksidina-biglyukonat-rastvor-dlya-mestnogo-primeneniya-005-100ml-no1krasnyy-list-ooo,2026-08-13 15:14:22
Лекарственные средства,Антибиотики,"Антибактериальные препараты для системного использования. Макролиды, линкозамиды и стрептограмины. Макролиды. Азитромицин.",Жасмед 500 мг №3 табл,Replek farm Ltd.Skopje.Македония,"Македония, бывшая югославская республика",4 445 ₸,https://europharma.kz/zasmed-500-mg-no3-tabl,2026-08-13 15:14:23
Лекарственные средства,Лечение артериального давления,"Препараты, влияющие на систему ренин-ангиотензин. Ангиотензина II антагонисты. Телмисартан.",Телсартан 40мг №30 табл,Dr.Reddy`s Laboratories L,Индия,2 600 ₸,https://europharma.kz/telsartan-40mg-no30-tabl,2026-08-13 15:14:24
Лекарственные средства,Лечение жкт,"Препараты для лечения заболеваний, связанных с нарушением кислотности. Противоязвенные препараты и препараты для лечения гастроэзофагального рефлюкса. Ингибиторы протонового насоса. Пантопразол",Нольпаза 40 мг № 14 табл покрытые оболочкой,KRKA d.d.,Словения,1 970 ₸,https://europharma.kz/nolpaza-40-mg-no-14-tabl-pokrytyye-obolochkoy,2026-08-13 15:14:27
Лекарственные средства,Лечение лор заболеваний,,"Леденцы от кашля липа и лимон + витамин С, 75 гр",Доктор Тайсс,Германия,2 055 ₸,https://europharma.kz/ledentsy-ot-kashlya-lipa-i-limon-vitamin-s-75-gr,2026-08-13 15:14:28
Лекарственные средства,Лечение лор заболеваний,Назальные препараты. Антиконгенстанты и другие назальные препараты для местного применения. Симпатомиметики. Оксиметазолин,"Називин Сенситив 11,25 мкг/доза 10 мл спрей назальный","Фамар Хелскейр сервисес Мадрид, С.А.",Испания,2 250 ₸,https://europharma.kz/nazivin-sensitiv-1125-mkgdoza-10-ml-sprey-nazalnyy,2026-08-13 15:14:29
Лекарственные средства,Лечение артериального давления,"Препараты, влияющие на систему ренин-ангиотензин. АКФ ингибиторы в комбинации с диуретиками.",Каптоприл Н 50 мг/25 мг № 30 табл,Вива Фарм ТОО,Казахстан,2 395 ₸,https://europharma.kz/kaptopril-n-50-mg25-mg-no-30-tabl,2026-08-13 15:14:30
Лекарственные средства,Лечение лор заболеваний,,Леденцы от кашля шалфея и лимонной мелиссы + витамин С 75 гр,Доктор Тайсс,Германия,2 065 ₸,https://europharma.kz/ledentsy-ot-kashlya-shalfeya-i-limonnoy-melissy-vitamin-s-75-gr,2026-08-13 15:14:31
Лекарственные средства,Лечение сердечно-сосудистых заболеваний,Препараты для лечения заболеваний сердца. Прочие препараты для лечения заболеваний сердца. Прочие кардиотонические препараты. Ивабрадин,"Кораксан 7,5 мг, № 56, табл.",Сервье,Франция,9 865 ₸,https://europharma.kz/koraksan-75-mg-no-56-tabl,2026-08-13 15:14:32
Лекарственные средства,Противогрибковые средства,Противогрибковые препараты для местного применения. Производные имидазола. Кетоконазол.,"Низорал крем 2%, 15 гр",Янссен,Бельгия,4 545 ₸,https://europharma.kz/nizoral-krem-2-15-gr,2026-08-13 15:14:33
Лекарственные средства,Антибиотики,Антибактериальные препараты для системного использования. Цефалоспорины третьего поколения.,Ротацеф 1 гр № 1 порошок для приготовления раствора для инъекций,Ротафарм,Испания,3 115 ₸,https://europharma.kz/rotatsef-1-gr-no-1-poroshok-dlya-prigotovleniya-rastvora-dlya-inyektsiy,2026-08-13 15:14:34
Лекарственные средства,Лечение жкт,"Препараты для лечения заболеваний, связанных с нарушением кислотности. Противоязвенные препараты и препараты для лечения гастроэзофагального рефлюкса. Ингибиторы протонового насоса. Пантопразол",Нольпаза 20 мг № 14 табл покрытые оболочкой,KRKA d.d.,Словения,2 065 ₸,https://europharma.kz/nolpaza-20-mg-no-14-tabl-pokrytyye-obolochkoy,2026-08-13 15:14:35
Лекарственные средства,Лечение артериального давления,Препараты для лечения заболеваний сердечно-сосудистой системы.,"Каптоприл ""Вива Фарм"" 25 мг № 30 табл",Вива Фарм ТОО,Казахстан,5 268 ₸,https://europharma.kz/kaptopril-viva-farm-25-mg-no-30-tabl,2026-08-13 15:14:36
Лекарственные средства,Лечение артериального давления,"Препараты, влияющие на ренин-ангиотензиновую систему. Ангиотензин-конвертирующего фермента (АКФ) ингибиторы","Хартил 5 мг, №28, табл.",ЭГИС Фармацевтический Завод ЗАО,Венгрия,4 005 ₸,https://europharma.kz/hartil-5-mg-no28-tabl,2026-08-13 15:14:37
Лекарственные средства,Анальгетики,Парацетамол в комбинации с другими препаратами (исключая психолептики).,Антифлу Кидс для приема внутрь № 5 порошок,"Сагмел, Инк.",США,2 555 ₸,https://europharma.kz/antiflu-kids-dlya-priyema-vnutr-no-5-poroshok,2026-08-13 15:14:38
Лекарственные средства,Лечение глаз,Препараты для лечения заболеваний глаз. Деконгестанты и противоаллергические препараты. Олопатадин.,"Визаллергол 0,2% гл.капли 2,5 мл",Sentiss Pharma Pvt.Ltd,Индия,2 835 ₸,https://europharma.kz/vizallergol-02-glkapli-25-ml,2026-08-13 15:14:39
Лекарственные средства,Лечение жкт,"Противодиарейные препараты. Антидиарейные микроорганизмы. Микроорганизмы, продуцирующие молочную кислоту",Лацидофил-WM № 20 капс,Лаллеман Хелс Солюшнс Инк.,Канада,5 660 ₸,https://europharma.kz/latsidofil-wm-no-20-kaps,2026-08-13 15:14:40
Лекарственные средства,Антибиотики,Антибактериальные препараты для системного использования. Макролиды.,Азитромицин 500 мг № 3 табл покрытые оболочкой,Борисовский завод медицинских препаратов ОАО,Беларусь,1 575 ₸,https://europharma.kz/azitromitsin-500-mg-no-3-tabl-pokrytyye-obolochkoy,2026-08-13 15:14:41
Лекарственные средства,Жаропонижающие,Фармакологические свойства,"Танфлекс С саше № 10 ( фенилэфрин,аскорбиновая кислота,парацетамол )",ABDI IBRAHIM,Турция,2 810 ₸,https://europharma.kz/tanfleks-s-sashe-no-10-fenilefrinaskorbinovaya-kislotaparatsetamol,2026-08-13 15:14:42
Лекарственные средства,Лечение лор заболеваний,Назальные препараты. Антиконгенстанты и другие назальные препараты для местного применения. Симпатомиметики. Оксиметазолин,"Називин Сенситив 22,5 мкг/доза 10 мл спрей назальный","Фамар Хелскейр сервисес Мадрид, С.А.",Испания,2 170 ₸,https://europharma.kz/nazivin-sensitiv-225-mkgdoza-10-ml-sprey-nazalnyy,2026-08-13 15:14:43
Лекарственные средства,Антибиотики,Пенициллины широкого спектра действия.,Ампициллин-АКОС 250 мг № 10 табл,Синтез Акционерное Курган,Россия,335 ₸,https://europharma.kz/ampitsillin-akos-250-mg-no-10-tabl,2026-08-13 15:14:44
Лекарственные средства,Лечение лор заболеваний,,"Леденцы от кашля шалфей со вкусом апельсина + витамин С, 75 гр",Доктор Тайсс,Германия,2 055 ₸,https://europharma.kz/ledentsy-ot-kashlya-shalfey-so-vkusom-apelsina-vitamin-s-75-gr,2026-08-13 15:14:45
Лекарственные средства,Антибиотики,,Сумамед 250 мг № 6 табл диспер,Pliva Hrvatska d.o.o.,Хорватия,7 190 ₸,https://europharma.kz/sumamed-250-mg-no-6-tabl-disper,2026-08-13 15:14:46
Лекарственные средства,Лечение геморроя,Средства для лечения геморроя и анальных трещин для местного применения. Местные анестетики. Бензокаин.,Релиф Адванс № 12 суппозит. ректал.,"Сагмел, Инк.",Германия,5 430 ₸,https://europharma.kz/relif-advans-no-12-suppozit-rektal,2026-08-13 15:14:47
Лекарственные средства,Противогрибковые средства,,Низорал 60 мл шампунь,Stada Arzneimittel AG,Бельгия,7 445 ₸,https://europharma.kz/nizoral-60-ml-shampun,2026-08-13 15:14:48
Лекарственные средства,Антисептики,Антисептики и дезинфицирующие препараты прочие,Перекись водорода-DF 3% 50 мл флак,Досфарм,Казахстан,225 ₸,https://europharma.kz/perekis-vodoroda-df-3-50-ml-flak,2026-08-13 15:14:49
Лекарственные средства,Анальгетики,Нестероидные противовоспалительные препараты. Уксусной кислоты производные,Кетанов 10 мг № 20 табл покрытые оболочкой,S.C.Terapia S.A.,Румыния,510 ₸,https://europharma.kz/ketanov-10-mg-no-20-tabl-pokrytyye-obolochkoy,2026-08-13 15:14:51
Лекарственные средства,Лечение сердечно-сосудистых заболеваний,Анальгетики. Салициловая кислота и ее производные. Ацетилсалициловая кислота.,Тромбо АСС 75 мг № 100 табл покр кишечнораст оболочкой,G.L Pharma GmbH,Австрия,4 580 ₸,https://europharma.kz/trombo-ass-75-mg-no-100-tabl-pokr-kishechnorast-obolochkoy,2026-08-13 15:14:52
Лекарственные средства,Лечение сердечно-сосудистых заболеваний,Препараты для лечения заболеваний сердца. Прочие препараты для лечения заболеваний сердца. Прочие кардиотонические препараты. Ивабрадин,Кораксан 5 мг № 56 табл покрытые оболочкой,Сервье,Франция,9 610 ₸,https://europharma.kz/koraksan-5-mg-no-56-tabl-pokrytyye-obolochkoy,2026-08-13 15:14:53
Лекарственные средства,Антибиотики,Бета-лактамные антибактериальные препараты – Пенициллины. Пенициллины в комбинации с ингибиторами бета-лактамаз.,"Клавам 375 мг, №20, табл.",Алкем Лабораториз Лтд,Индия,3 270 ₸,https://europharma.kz/klavam-375-mg-no20-tabl,2026-08-13 15:14:54
Лекарственные средства,Лечение жкт,Препараты для лечения функциональных расстройств ЖКТ. Другие препараты для лечения функциональных расстройств кишечника. Силиконы.,"Эспумизан L капли для детей 30 мл, капли",Берлин-Хеми АГ (Менарини,Германия,4 385 ₸,https://europharma.kz/espumizan-l-kapli-dlya-detey-30-ml-kapli,2026-08-13 15:14:55
Лекарственные средства,Инъекционные растворы и ампулы,Прочие препараты для лечения заболеваний нервной системы,Элфунат 50 мг/мл 2 мл № 10 р-р для в/в и в/м прим-я,Мефар Илач Санаи А.Ш,Турция,5 671 ₸,https://europharma.kz/elfunat-50-mgml-2-ml-no-10-r-r-dlya-vv-i-vm-prim-ya,2026-08-13 15:14:56
Лекарственные средства,Лечение артериального давления,"Препараты для лечения заболеваний сердечно-сосудистой системы. Препараты, влияющие на систему ренин – ангиотензин. Ангиотензина II антагонисты. Кандесартан.",Кантаб® 16мг №28 табл.,Нобел АФФ,Казахстан,4 270 ₸,https://europharma.kz/kantabr-16mg-no28-tabl,2026-08-13 15:14:57
Лекарственные средства,Лечение головного кровооброщения,Психоаналептики. Психостимуляторы и ноотропы другие. Цитиколин,Цераксон раствор д/инъекций 500 мг/4 мл № 5 амп,Феррер Интернасьональ С.А,Испания,5 585 ₸,https://europharma.kz/tserakson-rastvor-dinyektsiy-500-mg4-ml-no-5-amp,2026-08-13 15:15:00
Лекарственные средства,Средства от аллергии,Прочие антигистаминные препараты для системного применения.,Кестин 20 мг № 10 табл,Индастриас Фармасьютикас Алмирал С.А,Испания,5 046 ₸,https://europharma.kz/kestin-20-mg-no-10-tabl,2026-08-13 15:15:01
Лекарственные средства,Противогрибковые средства,,Микозан Нэйл раствор 10 мл,Cosmade Belgium BVBA,Нидерланды,6 184 ₸,https://europharma.kz/mikozan-neyl-rastvor-10-ml,2026-08-13 15:15:02
Лекарственные средства,Лечение артериального давления,"Препараты, влияющие на систему ренин-ангиотензин. АКФ ингибиторы в комбинации с другими препаратами. АКФ ингибиторы в комбинации с диуретиками. Периндоприл в комбинации с диуретиками.","Нолипрел форте Аргинин 5 мг/1,25 мг № 30 табл п/плён оболоч",СЕРВЬЕ РУС ООО,Россия,6 805 ₸,https://europharma.kz/noliprel-forte-arginin-5-mg125-mg-no-30-tabl-pplen-oboloch,2026-08-13 15:15:03
Лекарственные средства,Анальгетики,Препараты для лечения заболеваний нервной системы прочие,Нуклео Ц.М.Ф форте 2 мл № 3 порошок для приготовления раствора для инъекций,Феррер Интернасьональ С.А,Испания,5 135 ₸,https://europharma.kz/nukleo-tsmf-forte-2-ml-no-3-poroshok-dlya-prigotovleniya-rastvora-dlya-inyektsiy,2026-08-13 15:15:04
Лекарственные средства,Анальгетики,Препараты для лечения заболеваний нервной системы прочие,Нуклео Ц.М.Ф форте № 30 капс,Nycomed Austria GmbH,Испания,5 365 ₸,https://europharma.kz/nukleo-tsmf-forte-no-30-kaps,2026-08-13 15:15:05
Лекарственные средства,Лечение заболеваний опорно-двигательного аппарата,Препараты для лечения заболеваний костно-мышечной системы. противовоспалительные и противоревматические препараты. Нестероидные противовоспалительные препараты. Оксикамы. Теноксикам.,"Артоксан 20 мг №10,табл",Уорлд Медицин Илач Сан.Ве Тидж А.Ш,Турция,3 350 ₸,https://europharma.kz/artoksan-20-mg-no10tabl,2026-08-13 15:15:06
Лекарственные средства,Лечение неврологических нарушений,,Церебровин 1235 мг №30 табл,Primea Limited,Ангилья,10 750 ₸,https://europharma.kz/tserebrovin-1235-mg-no30-tabl,2026-08-13 15:15:07
Лекарственные средства,Лечение геморроя,Средства для лечения геморроя и анальных трещин для местного применения. Местные анестетики. Бензокаин.,"Релиф Адванс 28,4 г мазь ректальная","Сагмел, Инк.",США,5 785 ₸,https://europharma.kz/relif-advans-284-g-maz-rektalnaya,2026-08-13 15:15:08
Лекарственные средства,Опорно-двигательная система,,"Найз 1% 100,0 гель",Dr.Reddy`s Laboratories L,,4 145 ₸,https://europharma.kz/nayz-1-1000-gel,2026-08-13 15:15:09
Лекарственные средства,Средства от аллергии,Прочие антигистаминные препараты для системного применения.,Дезлор 5 мг № 10 табл покрытые оболочкой,Вива Фарм ТОО,Казахстан,2 580 ₸,https://europharma.kz/dezlor-5-mg-no-10-tabl-pokrytyye-obolochkoy,2026-08-13 15:15:10
Лекарственные средства,От паразитов,,"Деготь берестовый 30 гр, фл.",Натуральные масла ООО,Россия,585 ₸,https://europharma.kz/degot-berestovyy-30-gr-fl,2026-08-13 15:15:11
Лекарственные средства,Мужские препараты,Препараты для лечения урологических заболеваний. Спазмолитики.,"Спазмекс 15 мг, №30, табл., покрытые оболочкой",Пром.Мед.Прага,Чешская республика,6 600 ₸,https://europharma.kz/spazmeks-15-mg-no30-tabl-pokrytye-obolockoj,2026-08-13 15:15:12
Лекарственные средства,Инъекционные растворы и ампулы,"Растворители и растворы для разведения, включая ирригационные растворы.","Вода для инъекций 5 мл, №5, амп.",Химфарм ФЗ АО,Казахстан,1 390 ₸,https://europharma.kz/voda-dlya-inyektsiy-5-ml-no5-amp,2026-08-13 15:15:13
Лекарственные средства,Средства от аллергии,,Поллезин 5 мг № 14 табл покрытые оболочкой,ЭГИС Фармацевтический Завод ЗАО,Венгрия,3 890 ₸,https://europharma.kz/pollezin-5-mg-no-14-tabl-pokrytyye-obolochkoy,2026-08-13 15:15:14
Лекарственные средства,От паразитов,,Паранит шампунь 100 мл,Alvogen Pharma Trading Europe EOOD,Болгария,5 595 ₸,https://europharma.kz/paranit-shampun-100-ml,2026-08-13 15:15:15
Лекарственные средства,Средства от аллергии,,Поллезин для приема внутрь 20 мл капли,ЭГИС Фармацевтический Завод ЗАО,Венгрия,5 175 ₸,https://europharma.kz/pollezin-dlya-priyema-vnutr-20-ml-kapli,2026-08-13 15:15:16
Лекарственные средства,Лечение артериального давления,"Препараты, влияющие на ренин-ангиотензиновую систему. Ангиотензин-конвертирующего фермента (АКФ) ингибиторы","Хартил 10 мг, №28,табл",ЭГИС Фармацевтический Завод ЗАО,Венгрия,4 301 ₸,https://europharma.kz/hartil-10-mg-no28tabl,2026-08-13 15:15:17
Лекарственные средства,Лечение жкт,"Препараты для лечения заболеваний, связанных с нарушением кислотности. Противоязвенные препараты и препараты для лечения гастроэзофагального рефлюкса. Ингибиторы протонового насоса. Пантопразол",Нольпаза 40 мг № 28 табл покрытые оболочкой,KRKA d.d.,Словения,4 055 ₸,https://europharma.kz/nolpaza-40-mg-no-28-tabl-pokrytyye-obolochkoy,2026-08-13 15:15:18
Лекарственные средства,Валавекс 500 мг № 10 табл покрытые оболочкой,Противовирусные препараты для системного применения. Нуклеозиды и нуклеотиды.,Валавекс 500 мг № 10 табл покрытые оболочкой,Вива Фарм ТОО,Казахстан,4 867 ₸,https://europharma.kz/valaveks-500-mg-no-10-tabl-pokrytyye-obolochkoy,2026-08-13 15:15:20
Лекарственные средства,Средства от аллергии,Антиконгестанты и другие назальные препараты для местного применения. Глюкокортикостероиды. Флутиказона фуроат.,"Авамис 27,5 мкг/доза 120 доз спрей назальный",Glaxo Wellcome,Египет,5 795 ₸,https://europharma.kz/avamis-275-mkgdoza-120-doz-sprey-nazalnyy,2026-08-13 15:15:21
Лекарственные средства,Лечение головного кровооброщения,Психоаналептики. Психостимуляторы и ноотропы. Психостимуляторы и ноотропы другие,Кортексин 5 мг № 10 лиофилизат д/пригот р-ра,Герофарм ООО,Россия,8 805 ₸,https://europharma.kz/korteksin-5-mg-no-10-liofilizat-dprigot-r-ra,2026-08-13 15:15:22
Лекарственные средства,Средства от аллергии,Антигистаминные препараты системного действия другие. Эбастин.,Кестин 10 мг № 10 табл,Индастриас Фармасьютикас Алмирал С.А,Испания,3 160 ₸,https://europharma.kz/kestin-10-mg-no-10-tabl,2026-08-13 15:15:23
Лекарственные средства,Лечение сердечно-сосудистых заболеваний,,Бисопролол 5 мг № 30 табл покрытые оболочкой,Химфарм ФЗ АО,Казахстан,1 960 ₸,https://europharma.kz/bisoprolol-5-mg-no-30-tabl-pokrytyye-obolochkoy,2026-08-13 15:15:24
Лекарственные средства,Лечение почек,,Нованефрон 650 мг № 30 табл,Grikar Chemical,Ангилья,6 725 ₸,https://europharma.kz/novanefron-650-mg-no-30-tabl,2026-08-13 15:15:25
Лекарственные средства,Противокашлевые препараты,,Гербион® плющ 35 мг № 16 табл д/рассасыв-я,KRKA d.d.,Словения,2 980 ₸,https://europharma.kz/gerbion-plyushch-35-mg-no-16-tabl-drassasyv-ya,2026-08-13 15:15:26
Лекарственные средства,Лечение жкт,"Препараты для лечения заболеваний, связанных с нарушением кислотности. Противоязвенные препараты и препараты для лечения гастроэзофагального рефлюкса. Ингибиторы протонового насоса. Пантопразол",Нольпаза 20 мг № 28 табл покрытые оболочкой,KRKA d.d.,Словения,3 700 ₸,https://europharma.kz/nolpaza-20-mg-no-28-tabl-pokrytyye-obolochkoy,2026-08-13 15:15:27
Лекарственные средства,Гинекологические препараты,,"НАТАЦИН 0,1 N3 СУПП ВАГИН",Рубикон ООО (Беларусь),,3 625 ₸,https://europharma.kz/natatsin-01-n3-supp-vagin,2026-08-13 15:15:28
Лекарственные средства,Противовирусные препараты,Противовирусные препараты прямого действия.,Римантадин СТИ 50 мг № 20 табл,Ирбитский химико-фармацев,Россия,1 080 ₸,https://europharma.kz/rimantadin-sti-50-mg-no-20-tabl,2026-08-13 15:15:29
Лекарственные средства,Лечение лор заболеваний,,"Леденцы с эвкалиптом и ментолом + витамин С, 75 гр",Доктор Тайсс,Германия,2 030 ₸,https://europharma.kz/ledentsy-s-evkaliptom-i-mentolom-vitamin-s-75-gr,2026-08-13 15:15:30
Лекарственные средства,Кожные заболевания,,"Ацикловир 5%, 10 гр, мазь",Алтайвитамины ЗАО,Россия,435 ₸,https://europharma.kz/atsiklovir-5-10-gr-maz,2026-08-13 15:15:33
Лекарственные средства,Лечение головного кровооброщения,Психоаналептики. Психостимуляторы и ноотропы другие. Цитиколин,Цераксон раствор д/инъекций 1000 мг/4 мл № 10 амп,Феррер Интернасьональ С.А,Испания,13 175 ₸,https://europharma.kz/tserakson-rastvor-dinyektsiy-1000-mg4-ml-no-10-amp,2026-08-13 15:15:34
Лекарственные средства,Противовирусные препараты,Дерматология. Антибиотики и химиотерапевтические препараты для дерматологического применения. Противомикробные препараты. Химиотерапевтические препараты для местного применения. Противовирусные препараты.,"Оксолиновая мазь 2,5 мг/г 10 гр",Тернофарм ООО,Украина,575 ₸,https://europharma.kz/oksolinovaya-maz-25-mgg-10-gr,2026-08-13 15:15:35
Лекарственные средства,Лечение артериального давления,Гиполипидемические препараты. Гипохолестеринемические и гипотриглицеридемические препараты. HMG CoA-редуктазы ингибиторы. Аторвастатин.,Аторвастатин 10 мг №30 табл,Лекфарм ООО,Беларусь,1 730 ₸,https://europharma.kz/atorvastatin-10-mg-no30-tabl,2026-08-13 15:15:36
Лекарственные средства,Спазмолитические препараты,,Орниксил 1014 мг №30 табл,Primea Limited,Ангилья,9 145 ₸,https://europharma.kz/orniksil-1014-mg-no30-tabl,2026-08-13 15:15:37
Лекарственные средства,Лечение артериального давления,"Препараты, влияющие на систему ренин-ангиотензин. Ангиотензин-конвертирующего фермента (АКФ) ингибиторы. АКФ ингибиторы. Периндоприл",Престариум 10 мг № 30 табл покрытые оболочкой,СЕРВЬЕ РУС ООО,Россия,5 345 ₸,https://europharma.kz/prestarium-10-mg-no-30-tabl-pokrytyye-obolochkoy,2026-08-13 15:15:38
Лекарственные средства,Антибиотики,,Азитро 500 мг № 3 табл покрытые оболочкой,Химфарм ФЗ АО,Казахстан,3 585 ₸,https://europharma.kz/azitro-500-mg-no-3-tabl-pokrytyye-obolochkoy,2026-08-13 15:15:39
Лекарственные средства,Лечение сахарного диабета,Средства для лечения сахарного диабета. Сахароснижающие препараты для перорального приема. Комбинация бигуанидов и сульфанамидов. Метформин и сульфонамиды.,Глюкованс 500 мг/5 мг № 30 табл п/плён оболоч,Мерк Сантэ с. а. с.,Франция,3 260 ₸,https://europharma.kz/glyukovans-500-mg5-mg-no-30-tabl-pplen-oboloch,2026-08-13 15:15:40
Лекарственные средства,Лечение сахарного диабета,,"Оземпик 1,34 мг/мл шпр 0.5+0,25мг 6 игл","Ново Нордиск, Дания",,56 055 ₸,https://europharma.kz/ozempik-134-mgml-shpr-05025mg-6-igl,2026-08-13 15:15:41
Лекарственные средства,Лечение жкт,Пищеварительный тракт и обмен веществ. Препараты для лечения заболеваний связанных с нарушением кислотности. Антациды. Препараты кальция. Комбинация препаратов кальция.,Ренни № 24 табл. жев.,"Сагмел, Инк.",Франция,1 805 ₸,https://europharma.kz/renni-no-24-tabl-zhev,2026-08-13 15:15:42
Лекарственные средства,Ферсинол для приема внутрь 50 мг/мл 30 мл капли,,Ферсинол для приема внутрь 50 мг/мл 30 мл капли,World Medicine,Турция,6 795 ₸,https://europharma.kz/fersinol-dlya-priyema-vnutr-50-mgml-30-ml-kapli,2026-08-13 15:15:43
Лекарственные средства,Сорбифер-Дурулес № 50 табл,Стимуляторы гемопоэза. Препарата железа. Препараты Fe++ для перорального приема.,Сорбифер-Дурулес № 50 табл,ЭГИС Фармацевтический Завод ЗАО,Венгрия,3 765 ₸,https://europharma.kz/sorbifer-durules-no-50-tabl,2026-08-13 15:15:44
Лекарственные средства,Лечение лор заболеваний,Назальные препараты. Антиконгенстанты и другие назальные препараты для местного применения. Нафазолин в комбинации с другими препаратами,"Ринозол форте 15 мл, наз. спрей",ЛеКос ТОО,Казахстан,1 480 ₸,https://europharma.kz/rinozol-forte-15-ml-naz-sprey,2026-08-13 15:15:45
Лекарственные средства,Лечение сердечно-сосудистых заболеваний,Гиполипидемические препараты. HMG CоА редуктазы ингибиторы.,Роксера 20 мг № 30 табл п/плён оболоч,KRKA d.d.,Словения,5 565 ₸,https://europharma.kz/roksera-20-mg-no-30-tabl-pplen-oboloch,2026-08-13 15:15:46
Лекарственные средства,Лечение неврологических нарушений,,Новарест 900 мг № 30 табл,Grikar Chemical,Ангилья,6 440 ₸,https://europharma.kz/novarest-900-mg-no-30-tabl,2026-08-13 15:15:47
Лекарственные средства,Лечение жкт,"Противодиарейные, кишечные противовоспалительные. Кишечные адсорбенты. Препараты угля. Активированный уголь.",Адсорбикс Экстра 200 мг № 30 капс,Кабот Норит Нидерланды Би Ви,Нидерланды,3 675 ₸,https://europharma.kz/adsorbiks-ekstra-200-mg-no-30-kaps,2026-08-13 15:15:48
Лекарственные средства,Анальгетики,,Dentinale гель Natura для десен детский 20 мл,Montefarmaco,Италия,3 060 ₸,https://europharma.kz/dentinale-gel-natura-dlya-desen-detskiy-20-ml,2026-08-13 15:15:49
Лекарственные средства,Лечение заболеваний опорно-двигательного аппарата,Нестероидные противовоспалительные препараты местного применения. Ибупрофен,"Долгит 100 гр, крем",Пром.Мед.Прага,Чешская республика,4 350 ₸,https://europharma.kz/dolgit-100-gr-krem,2026-08-13 15:15:50
Лекарственные средства,Лечение головного кровооброщения,Психостимуляторы и ноотропы другие,Цераксон раствор для приема внутрь 10 г/100 мл № 10 пакетики,Феррер Интернасьональ С.А,Испания,12 185 ₸,https://europharma.kz/tserakson-rastvor-dlya-priyema-vnutr-10-g100-ml-no-10-paketiki,2026-08-13 15:15:51
Лекарственные средства,Мужские препараты,,Менавит №30 таб,"Байер, АГ",,10 350 ₸,https://europharma.kz/menavit-no30-tab,2026-08-13 15:15:52
Лекарственные средства,Противогрибковые средства,Антисептики и противомикробные препараты для лечения гинекологических заболеваний.,Нистатин 500000 ЕД № 10 вагин. суппозитории,FARMAPRIM SRL,"Молдова, республика",1 235 ₸,https://europharma.kz/nistatin-500000-yed-no-10-vagin-suppozitorii,2026-08-13 15:15:53
Лекарственные средства,Анальгетики,Нестероидные противовоспалительные препараты. Производные уксусной кислоты.,"Диклофенак 100 мг, №10, супп.",FARMAPRIM SRL,"Молдова, республика",1 075 ₸,https://europharma.kz/diklofenak-100-mg-no10-supp,2026-08-13 15:15:54
Лекарственные средства,"Парацетамол 125 мг, №6, свечи","Анальгетики, антипиретики. Анилиды.","Парацетамол 125 мг, №6, свечи",FARMAPRIM SRL,"Молдова, республика",680 ₸,https://europharma.kz/paracetamol-125-mg-no6-sveci,2026-08-13 15:15:55
Лекарственные средства,Лечение жкт,"Препараты для лечения заболеваний, связанных с нарушением кислотности. Комбинация препаратов алюминия, кальция и магния.",Ренни б/сахара мятные № 24 табл. жев.,"Сагмел, Инк.",Франция,1 960 ₸,https://europharma.kz/renni-bsakhara-myatnyye-no-24-tabl-zhev,2026-08-13 15:15:56
Лекарственные средства,Лечение лор заболеваний,Респираторная система. Препараты для лечения заболевания горла. Антисептики. Прочие препараты.,"Доктор Тайсс детские пастилки 4+ №24,табл",Доктор Тайсс,Германия,2 515 ₸,https://europharma.kz/doktor-tajss-detskie-pastilki-4-no24tabl,2026-08-13 15:15:57
Лекарственные средства,Лечение сердечно-сосудистых заболеваний,Сердечно-сосудистая система. Блокаторы кальциевых каналов. Блокаторы кальциевых каналов селективные с преимущественным влиянием на сосуды. Дигидропиридина производные.Амлодипин.,Амлодипин-Тева 10 мг №30,Balkanpharma- Dupnitza AD (Bulgaria),,4 090 ₸,https://europharma.kz/amlodipin-teva-10-mg-no30,2026-08-13 15:15:58
Лекарственные средства,Лечение сердечно-сосудистых заболеваний,Фармакологические свойства,Вивакор 5 мг/10 мг № 30 табл,Вива Фарм ТОО,Казахстан,2 973 ₸,https://europharma.kz/vivakor-5-mg10-mg-no-30-tabl,2026-08-13 15:15:59
Лекарственные средства,Лечение заболеваний опорно-двигательного аппарата,,Остеохард 1800 мг №30 табл,Primea Limited,Ангилья,6 995 ₸,https://europharma.kz/osteokhard-1800-mg-no30-tabl,2026-08-13 15:16:00
Лекарственные средства,Лечение сердечно-сосудистых заболеваний,Гиполипидемические препараты. HMG CоА редуктазы ингибиторы.,Роксера 10 мг № 30 табл п/плён оболоч,KRKA d.d.,Словения,3 685 ₸,https://europharma.kz/roksera-10-mg-no-30-tabl-pplen-oboloch,2026-08-13 15:16:01
Лекарственные средства,Лечение лор заболеваний,,Бэби-Дэта детский АКВА (AQUA) спрей 2 в 1 100 мл,"АО ""ГК""ХИМИК""",,1 980 ₸,https://europharma.kz/bebi-deta-detskiy-akva-aqua-sprey-2-v-1-100-ml,2026-08-13 15:16:02
Лекарственные средства,Лечение головного кровооброщения,,Элфунат 50 мг/мл №5 р-р для в/в. и в/м. введения в амп.,Мефар Илач Санаи А.Ш,,6 504 ₸,https://europharma.kz/elfunat-50-mgml-no5-r-r-dlya-vv-i-vm-vvedeniya-v-amp,2026-08-13 15:16:05
Лекарственные средства,Лечение печени,Пищеварительный тракт и обмен веществ. Прочие препараты для лечения заболеваний ЖКТ и нарушения обмена веществ. Аминокислоты и их производные. Адеметионин.,Гептрал раствор д/инъекций 500 мг/5 мл № 5 амп,Аббви С.р.л.,Италия,22 856 ₸,https://europharma.kz/geptral-rastvor-dinyektsiy-500-mg5-ml-no-5-amp,2026-08-13 15:16:06
Лекарственные средства,Лечение лор заболеваний,"Респираторная система. Препараты, применяемые при кашле и при простудных заболеваниях. Препараты, применяемые при кашле и простудных заболеваниях другие.",Синупрет для приема внутрь 100 мл капли,Bionorica AG,Германия,4 005 ₸,https://europharma.kz/sinupret-dlya-priyema-vnutr-100-ml-kapli,2026-08-13 15:16:07
Лекарственные средства,Спазмолитические препараты,Прочие периферические вазодилататоры. Бенциклан.,"Галидор 25 мг 2 мл, №10, амп.",ЭГИС Фармацевтический Завод ЗАО,Венгрия,4 220 ₸,https://europharma.kz/galidor-25-mg-2-ml-no10-amp,2026-08-13 15:16:08
Лекарственные средства,Лечение жкт,,"Гастрарекс®Нео (капсулы, 30 шт)","ООО ""ВТФ""",,5 590 ₸,https://europharma.kz/gastrareksneo-kapsuly-30-sht,2026-08-13 15:16:09
Лекарственные средства,Спазмолитические препараты,,"Галидор 100 мг, №50, табл.",ЭГИС Фармацевтический Завод ЗАО,Венгрия,4 340 ₸,https://europharma.kz/galidor-100-mg-no50-tabl,2026-08-13 15:16:11
Лекарственные средства,Слабительные препараты,Контактные слабительные препараты,Бисакодил 10 мг № 10 суппозит. ректал.,FARMAPRIM SRL,"Молдова, республика",730 ₸,https://europharma.kz/bisakodil-10-mg-no-10-suppozit-rektal,2026-08-13 15:16:12
Лекарственные средства,От паразитов,,Педикулен Ультра Набор от вшей и гнид 150 мл (спрей+ гребень+луп),Р.Косметик,Россия,8 945 ₸,https://europharma.kz/pedikulen-ultra-nabor-ot-vsej-i-gnid-150-ml-sprej-grebenlup,2026-08-13 15:16:13
Лекарственные средства,Лечение артериального давления,"Препараты для лечения сердечно-сосудистой стстемы. Препараты, влияющие на систему ренин-ангиотензин. Ангиотензина II антагонисты. Телмисартан",Телзап 80 мг № 30 табл,Зентива а.с.,Чешская республика,3 745 ₸,https://europharma.kz/telzap-80-mg-no-30-tabl,2026-08-13 15:16:14
Лекарственные средства,"Парацетамол 250 мг, №6, свечи","Анальгетики, антипиретики. Анилиды.","Парацетамол 250 мг, №6, свечи",FARMAPRIM SRL,"Молдова, республика",855 ₸,https://europharma.kz/paracetamol-250-mg-no6-sveci,2026-08-13 15:16:15
Лекарственные средства,Лечение лор заболеваний,Препараты для лечения заболеваний респираторной системы. Препараты для лечения заболеваний горла.,Ангиноваг 20 мл спрей для горла,Феррер Интернасьональ С.А,Испания,2 850 ₸,https://europharma.kz/anginovag-20-ml-sprey-dlya-gorla,2026-08-13 15:16:16
Лекарственные средства,Мужские препараты,"Мочеполовая система и половые гормоны. Урологические препараты. Урологические препараты другие. Препараты, применяемые при эректильной дисфункции. Силденафил.",Силденафил-Тева 100 мг №4 табл,Actavis Ltd (MALTA),,10 415 ₸,https://europharma.kz/sildenafil-teva-100-mg-no4-tabl,2026-08-13 15:16:17
Лекарственные средства,Кожные заболевания,,"Такропик мазь для наруж.прим 0,1% 15 гр","Акционерное обще- ство ""Химико-фарма- цевтический",,4 810 ₸,https://europharma.kz/takropik-maz-dlya-naruzhprim-01-15-gr,2026-08-13 15:16:18
Лекарственные средства,Противовоспалительные средства,"Костно-мышечная система. Противовоспалительные и противоревматические препараты. Противовоспалительные и противоревматические препараты, нестероидные. Пропионовой кислоты производные. Ибупрофен.",Бруфен 600 мг № 30 саше,Аббви С.р.л.,Италия,4 460 ₸,https://europharma.kz/brufen-600-mg-no-30-sashe,2026-08-13 15:16:19
Лекарственные средства,Синупрет № 50 табл покрытые оболочкой,"Респираторная система. Препараты, применяемые при кашле и при простудных заболеваниях. Препараты, применяемые при кашле простудных заболеваниях другие.",Синупрет № 50 табл покрытые оболочкой,Bionorica AG,Германия,4 245 ₸,https://europharma.kz/sinupret-no-50-tabl-pokrytyye-obolochkoy,2026-08-13 15:16:20
Лекарственные средства,От паразитов,,Педикулен Ультра Гребень д/вычесывания вшей и гнид,ЯНГЖОУ ХУАТИНГ,Россия,3 505 ₸,https://europharma.kz/pedikulen-ultra-greben-dvycesyvania-vsej-i-gnid,2026-08-13 15:16:21
Лекарственные средства,Противогрибковые средства,"Противомикробные и антисептические средства, применяемые в гинекологии.",Кломезол № 10 вагин. суппозитории,FARMAPRIM SRL,"Молдова, республика",3 430 ₸,https://europharma.kz/klomezol-no-10-vagin-suppozitorii,2026-08-13 15:16:22
Лекарственные средства,Гербион плюща 150 мл сироп,Отхаркивающие препараты.,Гербион плюща 150 мл сироп,KRKA d.d.,Словения,3 250 ₸,https://europharma.kz/gerbion-plyushcha-150-ml-sirop,2026-08-13 15:16:23
Лекарственные средства,Лечение заболеваний мочеполовой системы,Препараты для лечения заболеваний печени и желчевыводящих путей. Препараты для лечения заболевания желчного пузыря. Препараты желчных кислот. Урсодезоксихолевая кислота.,Урсоцид 250 мг № 60 капс,Нобел АФФ,Казахстан,9 705 ₸,https://europharma.kz/ursotsid-250-mg-no-60-kaps,2026-08-13 15:16:24
Лекарственные средства,Лечение неврологических нарушений,Препараты для лечения заболеваний нервной системы. Препараты для лечения заболеваний нервной системы другие.,"Ньюрексан №50, табл",Биологише Хайльмиттель Хеель ГмбХ,Германия,4 865 ₸,https://europharma.kz/nyureksan-no50-tabl,2026-08-13 15:16:25
Лекарственные средства,Лечение сердечно-сосудистых заболеваний,Гиполипидемические препараты. HMG CоА редуктазы ингибиторы.,Роксера® 5 мг № 30 табл п/плён оболоч,KRKA d.d.,Словения,2 230 ₸,https://europharma.kz/roksera-5-mg-no-30-tabl-pplen-oboloch,2026-08-13 15:16:26
Лекарственные средства,Лечение глаз,,Систейн Ультра плюс 10 мл капли глазные,Alcon-Couvreur,Испания,9 085 ₸,https://europharma.kz/sisteyn-ultra-plyus-10-ml-kapli-glaznyye,2026-08-13 15:16:27
Лекарственные средства,Лечение жкт,,Линекс форте № 7 капс,Сандоз Фармасьютикалс д.д.,Словения,3 545 ₸,https://europharma.kz/lineks-forte-no-7-kaps,2026-08-13 15:16:28
Лекарственные средства,Антибиотики,Иммуномодуляторы. Иммуностимуляторы. Прочие иммуностимуляторы.,"Тилаксин 125 мг №6,табл",Вива Фарм ТОО,Казахстан,3 588 ₸,https://europharma.kz/tilaksin-125-mg-no6tabl,2026-08-13 15:16:29
Лекарственные средства,Лечение лор заболеваний,,"Лекадол Хот 0,5/0,0122 пор д/приг р-ра №10 саше",Sandoz GmbH,,3 300 ₸,https://europharma.kz/lekadol-khot-0500122-por-dprig-r-ra-no10-sashe,2026-08-13 15:16:30
Лекарственные средства,Инъекционные растворы и ампулы,Плазмозамещающие и перфузионные растворы. Добавки к растворам для внутривенного введения. Электролитные растворы. Калия хлорид,"Калия хлорид 40 мг/мл 10 мл №10,амп",Дальхимфарм ОАО,Россия,1 085 ₸,https://europharma.kz/kalia-hlorid-40-mgml-10-ml-no10amp,2026-08-13 15:16:31
Лекарственные средства,Противокашлевые препараты,"Респираторная система. Препараты, применяемые при кашле и простудных заболеваниях. Экспекторанты, исключая комбинации с подавляющими кашель. Муколитики. Ацетилцистеин.",АЦЕТИЛЦИСТЕИН-ТЕВА 200 мг № 20 гран.д/пригот-я р-ра,Lindopharm GmbH (GERMANY),,2 363 ₸,https://europharma.kz/atsetiltsistein-teva-200-mg-no-20-grandprigot-ya-r-ra,2026-08-13 15:16:32
Лекарственные средства,Противокашлевые препараты,"Респираторная система. Препараты применяемые при кашле и простудных заболеваниях. Экспекторанты, исключая комбинации с подавляющими кашель. Муколитики.",Муконекс С 600 мг/200 мг № 10 шипуч табл,Абди Ибрахим Илач,Турция,4 045 ₸,https://europharma.kz/mukoneks-s-600-mg200-mg-no-10-shipuch-tabl,2026-08-13 15:16:33
Лекарственные средства,Лечение неврологических нарушений,Снотворные и седативные препараты другие,Валерианы экстракт 20 мг № 50 табл покрытые оболочкой,Борисовский завод медицинских препаратов ОАО,Беларусь,255 ₸,https://europharma.kz/valeriany-ekstrakt-20-mg-no-50-tabl-pokrytyye-obolochkoy,2026-08-13 15:16:34
Лекарственные средства,Кожные заболевания,Противомикробные препараты для лечения угревой сыпи. Клиндамицин.,Зеркалин д/наруж применения 10 мг/ мл 30 мл раствор,Ядран-Галенски Лабораторий а.о.,Хорватия,4 250 ₸,https://europharma.kz/zerkalin-dnaruzh-primeneniya-10-mg-ml-30-ml-rastvor,2026-08-13 15:16:35
Лекарственные средства,Лечение сердечно-сосудистых заболеваний,Гиполипидемические препараты. Гипохолестеринемические и гипотриглицеридемические препараты. HMG CoA-редуктазы ингибиторы. Аторвастатин.,Аторвастатин 20 мг №30 табл,Лекфарм ООО,Беларусь,2 693 ₸,https://europharma.kz/atorvastatin-20-mg-no30-tabl,2026-08-13 15:16:38
Лекарственные средства,Лечение глаз,,"ВитА-ПОС мазь глазная 250МЕ/г, 5 г.",Урсафарм Арцнаймиттель ГмбХ и Ко. КГ,Германия,7 365 ₸,https://europharma.kz/vita-pos-maz-glaznaya-250meg-5-g,2026-08-13 15:16:39
Лекарственные средства,Лечение сердечно-сосудистых заболеваний,,Кардиомагнил 75 мг № 30 табл п/плён оболоч,Такеда Фармасьютикал Комапани Лтд.,Россия,2 270 ₸,https://europharma.kz/kardiomagnil-75-mg-no-30-tabl-pplen-oboloch-2,2026-08-13 15:16:40
Лекарственные средства,Лечение жкт,Препараты для лечения функциональных расстройств ЖКТ,Иберогаст для приема внутрь 50 мл капли,Штайгервальд Арцнаймиттел,Германия,6 345 ₸,https://europharma.kz/iberogast-dlya-priyema-vnutr-50-ml-kapli,2026-08-13 15:16:41
Лекарственные средства,Лечение заболеваний мочеполовой системы,Мочеполовая система и половые гормоны. Урологические препараты. Урологические препараты другие.,Канефрон Н для приема внутрь 100 мл капли,Bionorica AG,Германия,5 655 ₸,https://europharma.kz/kanefron-n-dlya-priyema-vnutr-100-ml-kapli,2026-08-13 15:16:42
Лекарственные средства,Средства от аллергии,Глюкокортикостероиды для местного лечения заболеваний кожи. Глюкокортикостероиды активные (группа III). Флуоцинолона ацетонид.,"Синафлан 0,025% 15 г мазь",Борисовский завод медицинских препаратов ОАО,Беларусь,300 ₸,https://europharma.kz/sinaflan-0025-15-g-maz-2,2026-08-13 15:16:43
Лекарственные средства,Лечение заболеваний мочеполовой системы,Мочеполовая система и половые гормоны. Урологические препараты. Урологические препараты другие.,Канефрон Н № 60 табл покрытые оболочкой,Bionorica AG,Германия,6 175 ₸,https://europharma.kz/kanefron-n-no-60-tabl-pokrytyye-obolochkoy,2026-08-13 15:16:44
Лекарственные средства,Лечение головного кровооброщения,Психоаналептики. Психостимуляторы и ноотропы другие. Цитиколин,Цераксон раствор д/инъекций 1000 мг/4 мл № 5 амп,Феррер Интернасьональ С.А,Испания,8 353 ₸,https://europharma.kz/tserakson-rastvor-dinyektsiy-1000-mg4-ml-no-5-amp,2026-08-13 15:16:45
Лекарственные средства,"Бад Tone (для лечения шума в ушах) 1100 мг, №60, табл.",,"Бад Tone (для лечения шума в ушах) 1100 мг, №60, табл.",Профарма А/С,Дания,14 282 ₸,https://europharma.kz/bad-tone-dlya-lecheniya-shuma-v-ushakh-1100-mg-no60-tabl,2026-08-13 15:16:46
Лекарственные средства,Кожные заболевания,,Генеролон 5% 60 мл спрей,Belupo,,8 965 ₸,https://europharma.kz/generolon-5-60-ml-sprey,2026-08-13 15:16:47
Лекарственные средства,Препараты урологии и гинекологии,Антисептики и противомикробные препараты для лечения гинекологических заболеваний. Производные имидазола.,Метронидазол 500 мг № 10 вагин. суппозитории,FARMAPRIM SRL,"Молдова, республика",925 ₸,https://europharma.kz/metronidazol-500-mg-no-10-vagin-suppozitorii,2026-08-13 15:16:48
Лекарственные средства,Лечение лор заболеваний,Препараты для лечения заболеваний горла,Граммидин®НЕО № 18 табл.д/рассасыв-я,Валента Фармацевтика ОАО,Россия,5 510 ₸,https://europharma.kz/grammidinneo-no-18-tabldrassasyv-ya,2026-08-13 15:16:49
Лекарственные средства,Антисептики,Прочие антисептики и дезинфицирующие препараты,Формидрон 50 мл раствор,Фармация АО,Казахстан,250 ₸,https://europharma.kz/formidron-50-ml-rastvor-2,2026-08-13 15:16:50
Лекарственные средства,Лечение лор заболеваний,Препараты для лечения заболеваний горла. Антисептики,Ангисепт CL с календулой № 10 табл,Жанафарм Фирма ТОО,Казахстан,240 ₸,https://europharma.kz/angisept-cl-s-kalenduloy-no-10-tabl,2026-08-13 15:16:51
Лекарственные средства,Лечение лор заболеваний,Препарат для лечения заболеваний горла. Антисептики. Прочие препараты,"Стрепсилс №24, леденцы, мед-лимон",Рекитт Бенкизер Хэлскер Интернешнл Лтд,Великобритания,2 015 ₸,https://europharma.kz/strepsils-no24-ledency-med-limon,2026-08-13 15:16:52
Лекарственные средства,Противокашлевые препараты,"Респираторная система. Препараты, применяемые при кашле и простудных заболеваниях. Экспекторанты, исключая комбинации с подавляющими кашель. Муколитики. Ацетилцистеин.",АЦЦ 200 мг № 50 пор. д/приг. р-ра для приёма внутрь,Сандоз Фармасьютикалс д.д.,Словения,8 415 ₸,https://europharma.kz/atsts-200-mg-no-50-por-dprig-r-ra-dlya-priyema-vnutr,2026-08-13 15:16:53
Лекарственные средства,Лечение заболеваний опорно-двигательного аппарата,Препараты для лечения заболевания костей. Препараты влияющие на структуру и минерализацию костей. Бисфосфонаты. Ибандроновая кислота,"Ай-Фос 150 мг., №2 табл.",Macleods Pharmaceuticals Limited,Индия,9 240 ₸,https://europharma.kz/ay-fos-150-mg-no2-tabl,2026-08-13 15:16:54
Лекарственные средства,Противовирусные препараты,,"Ингавирин, сироп 30 мг/5 мл 90 мл",АВС Фармацойтичи С.п.А.,,8 470 ₸,https://europharma.kz/ingavirin-sirop-30-mg5-ml-90-ml,2026-08-13 15:16:55
Лекарственные средства,Антисептики,Антисептики и противомикробные препараты для лечения гинекологических заболеваний. Комбинации производных имидазола.,"Метромикон №10, ваг. свечи",FARMAPRIM SRL,"Молдова, республика",3 288 ₸,https://europharma.kz/metromikon-no10-vag-sveci,2026-08-13 15:16:56
Лекарственные средства,Антисептики,Антисептики и дезинфицирующие препараты. Препараты йода. Повидон-Йод,Бетадин 10% д/наруж применения 120 мл раствор,ЭГИС Фармацевтический Завод ЗАО,Венгрия,4 855 ₸,https://europharma.kz/betadin-10-dnaruzh-primeneniya-120-ml-rastvor,2026-08-13 15:16:57
Лекарственные средства,Мужские препараты,"Мочеполовая система и половые гормоны. Урологические препараты. Урологические препараты другие. Препараты, применяемые при эректильной дисфункции. Силденафил.",Силденафил-Тева 50 мг №4 табл,Actavis Ltd (MALTA),,10 225 ₸,https://europharma.kz/sildenafil-teva-50-mg-no4-tabl,2026-08-13 15:16:58
Лекарственные средства,Лечение головного кровооброщения,Психоаналептики. Психостимуляторы и ноотропы другие. Цитиколин,Цераксон 10 г/100 мл 30 мл раствор для приема внутрь,Феррер Интернасьональ С.А,Испания,6 170 ₸,https://europharma.kz/tserakson-10-g100-ml-30-ml-rastvor-dlya-priyema-vnutr,2026-08-13 15:16:59
Лекарственные средства,Антисептики,Антисептики и дезинфицирующие препараты. Препараты йода. Повидон-Йод,Бетадин 10% д/наруж применения 30 мл раствор,ЭГИС Фармацевтический Завод ЗАО,Венгрия,3 400 ₸,https://europharma.kz/betadin-10-dnaruzh-primeneniya-30-ml-rastvor,2026-08-13 15:17:00
Лекарственные средства,Лечение лор заболеваний,Препараты для лечения заболеваний горла. Антисептики. Прочие препараты,"Стрепсилс №24, леденцы, ментол, эвкалипт",Рекитт Бенкизер Хэлскер Интернешнл Лтд,Великобритания,2 530 ₸,https://europharma.kz/strepsils-no24-ledency-mentol-evkalipt,2026-08-13 15:17:01
Лекарственные средства,Лечение сердечно-сосудистых заболеваний,"Препараты для лечения сердечно-сосудистой стстемы. Препараты, влияющие на систему ренин-ангиотензин. Ангиотензина II антагонисты. Телмисартан",Телзап 40 мг № 30 табл,Зентива а.с.,Чешская республика,2 690 ₸,https://europharma.kz/telzap-40-mg-no-30-tabl,2026-08-13 15:17:02
Лекарственные средства,Лечение жкт,Противоязвенные препараты и препараты для лечения гастроэзофагеального рефлюкса (GORD). Ингибиторы протонового насоса.,Эманера 20 мг № 14 капс покр кишечнораст оболочкой,KRKA d.d.,Словения,5 305 ₸,https://europharma.kz/emanera-20-mg-no-14-kaps-pokr-kishechnorast-obolochkoy,2026-08-13 15:17:03
Лекарственные средства,Антисептики,Другие комбинации препаратов для устранения симптомов простуды,"Золотая звезда бальзам жидкий,5 мл",Данафа Фармасьютикал Джой,Вьетнам,1 215 ₸,https://europharma.kz/zolotaa-zvezda-balzam-zidkij5-ml,2026-08-13 15:17:04
Лекарственные средства,Лечение жкт,"Препараты, содержащие микроорганизмы, продуцирующие молочную кислоту в комбинации с другими препаратами.",Лактон № 20 капс,Деново Импекс,Казахстан,2 680 ₸,https://europharma.kz/lakton-no-20-kaps,2026-08-13 15:17:05
Лекарственные средства,Лечение жкт,,Нормобакт Аквабаланс № 8 саше яблоко,S.I.I.T. s.r.l.,Италия,4 605 ₸,https://europharma.kz/normobakt-akvabalans-no-8-sashe-yabloko,2026-08-13 15:17:06
Лекарственные средства,Лечение лор заболеваний,"Респираторная система. Препараты, применяемые при кашле и при простудных заболеваниях. Экспекторанты, исключая комбинации с подавляющими кашель. Отхаркивающие препараты. Комбинация отхаркивающих препаратов.",Синупрет для приема внутрь 100 мл сироп,Bionorica AG,Германия,5 060 ₸,https://europharma.kz/sinupret-dlya-priyema-vnutr-100-ml-sirop,2026-08-13 15:17:07
Лекарственные средства,Лечение лор заболеваний,Препараты для лечения заболеваний горла. Антисептики,Ангисепт МТ с эвкалиптом № 10 табл,Жанафарм Фирма ТОО,Казахстан,250 ₸,https://europharma.kz/angisept-mt-s-evkaliptom-no-10-tabl,2026-08-13 15:17:10
Лекарственные средства,Умкалор 20 мл раствор,"Препараты, применяемые при кашле и простудных заболеваниях",Умкалор 20 мл раствор,Дойче Хомеопати-Унион ДХУ,Германия,4 040 ₸,https://europharma.kz/umkalor-20-ml-rastvor,2026-08-13 15:17:11
Лекарственные средства,Лечение лор заболеваний,Фармакологические свойства,"Назаксил 0,05% 15 мл спрей назальный",ЛеКос ТОО,Казахстан,1 065 ₸,https://europharma.kz/nazaksil-005-15-ml-sprey-nazalnyy,2026-08-13 15:17:12
Лекарственные средства,Кожные заболевания,Кортикостероиды для системного применения. Глюкокортикостероиды. Бетаметазон.,Дипроспан 1 мл № 5 амп,Schering Plough,Бельгия,12 486 ₸,https://europharma.kz/diprospan-1-ml-no-5-amp,2026-08-13 15:17:13
Лекарственные средства,Гинекологические препараты,,"Лактожиналь №14, ваг. капс",Biose,Франция,7 905 ₸,https://europharma.kz/laktozhinal-no14-vag-kaps,2026-08-13 15:17:14
Лекарственные средства,Препараты урологии и гинекологии,,Кызыл май с прополисом № 10 суппозитории,ФитОлеум ТОО,Казахстан,2 005 ₸,https://europharma.kz/kyzyl-may-s-propolisom-no-10-suppozitorii,2026-08-13 15:17:15
Лекарственные средства,Кожные заболевания,Препараты для лечения угрей. Прочие препараты для местного лечения угревой сыпи. Азелаиновая кислота.,"Скинорен 15%, 15 гр, гель",Intendis,Италия,6 665 ₸,https://europharma.kz/skinoren-15-15-gr-gel,2026-08-13 15:17:16
Лекарственные средства,Жаропонижающие,,Парацетамол-ТК 500мг №50 капс,ТК Фарм Актобе ТОО,,1 660 ₸,https://europharma.kz/paratsetamol-tk-500mg-no50-kaps,2026-08-13 15:17:17
Лекарственные средства,Анальгетики,Противовоспалительные и противоревматические препараты. Нестероидные противовоспалительные препараты. Пропионовой кислоты производные. Напроксен.,Налгезин® Форте 550 мг № 10 табл,KRKA d.d.,Словения,2 035 ₸,https://europharma.kz/nalgezin-forte-550-mg-no-10-tabl,2026-08-13 15:17:19
Лекарственные средства,Кожные заболевания,,Акридерм Гента д/наруж применения 15 г мазь,Акрихин АО Россия,Россия,1 980 ₸,https://europharma.kz/akriderm-genta-dnaruzh-primeneniya-15-g-maz,2026-08-13 15:17:20
Лекарственные средства,Лечение сердечно-сосудистых заболеваний,,Кардиомагнил 150 мг № 30 табл п/плён оболоч,Такеда Фармасьютикал Комапани Лтд.,Россия,2 120 ₸,https://europharma.kz/kardiomagnil-150-mg-no-30-tabl-pplen-oboloch,2026-08-13 15:17:21
Лекарственные средства,Антисептики,Противовирусные препараты.,"Эпиген интим 60 мл, спрей",B.Braun Medical AG (Испания),Испания,12 940 ₸,https://europharma.kz/epigen-intim-60-ml-sprey,2026-08-13 15:17:22
Лекарственные средства,Антисептики,Антисептики и дезинфицирующие препараты прочие.,Спирт этиловый 70% 90 мл,Фармация АО,Казахстан,490 ₸,https://europharma.kz/spirt-etilovyy-70-90-ml-3,2026-08-13 15:17:23
Лекарственные средства,Антисептики,Антисептики и дезинфицирующие препараты прочие. Этанол,Спирт этиловый 90% 90 мл флак,Фармация 2010 ТОО,Казахстан,430 ₸,https://europharma.kz/spirt-etilovyy-90-90-ml-flak,2026-08-13 15:17:24
Лекарственные средства,Противогрибковые средства,Прочие препараты для лечения заболеваний кожи. Пиритион цинк.,Скин кап 50 гр крем,"Б.Браун Медикал С.А., Испания для Хемигруп Франс",Испания,11 570 ₸,https://europharma.kz/skin-kap-50-gr-krem,2026-08-13 15:17:25
Лекарственные средства,Лечение лор заболеваний,Фармакокинетика,"Назаксил 0,05% 10 мл капли назальные",ЛеКос ТОО,Казахстан,621 ₸,https://europharma.kz/nazaksil-005-10-ml-kapli-nazalnyye,2026-08-13 15:17:26
Лекарственные средства,Антисептики,"Противопротозойное, антибактериальное средство",Метромикон НЕО № 14 вагин. суппозитории,FARMAPRIM SRL,"Молдова, республика",4 505 ₸,https://europharma.kz/metromikon-neo-no-14-vagin-suppozitorii,2026-08-13 15:17:27
Лекарственные средства,Лечение жкт,Противоязвенные препараты и препараты для лечения гастроэзофагеального рефлюкса (GORD). Ингибиторы протонового насоса.,Эманера 40 мг № 14 капс покр кишечнораст оболочкой,KRKA d.d.,Словения,5 970 ₸,https://europharma.kz/emanera-40-mg-no-14-kaps-pokr-kishechnorast-obolochkoy,2026-08-13 15:17:28
Лекарственные средства,Антибиотики,"Противомикробные препараты для системного использования. Макролиды, линкозамиды и стрептограмины. Макролиды. Азитромицин.",Зитрокс 250 мг № 6 табл п/плён оболоч,Macleods Pharmaceuticals Limited,Индия,2 610 ₸,https://europharma.kz/zitroks-250-mg-no-6-tabl-pplen-oboloch,2026-08-13 15:17:29
Лекарственные средства,Лечение артериального давления,Бета-адреноблокаторы селективные в комбинации с другими гипотензивными средствами.,Алотендин 5 мг/10 мг № 30 табл,ЭГИС Фармацевтический Завод ЗАО,Венгрия,6 055 ₸,https://europharma.kz/alotendin-5-mg10-mg-no-30-tabl,2026-08-13 15:17:30
Лекарственные средства,Лечение лор заболеваний,Антиконгестанты и другие назальные препараты для местного применения.,"Нафазолин-DF 0,05% 10 мл флак-капельница",Досфарм,Казахстан,145 ₸,https://europharma.kz/nafazolin-df-005-10-ml-flak-kapelnitsa,2026-08-13 15:17:31
Лекарственные средства,Антисептики,Антисептики и дезинфицирующие препараты прочие.,Ихтиоловая 20% 25 гр мазь,Борисовский завод медицинских препаратов ОАО,Беларусь,520 ₸,https://europharma.kz/ikhtiolovaya-20-25-gr-maz,2026-08-13 15:17:32
Лекарственные средства,Антисептики,Антисептики и дезинфицирующие препараты прочие. Этанол,Спирт этиловый 90% 90 мл,ТК Фарм Актобе ТОО,Казахстан,420 ₸,https://europharma.kz/spirt-etilovyy-90-90-ml,2026-08-13 15:17:33
Лекарственные средства,Для повышения иммунитета,Другие препараты для лечения заболеваний органов дыхания.,ИРС-19 20 мл спрей назальный,Solvay Pharmaceuticals,Франция,5 220 ₸,https://europharma.kz/irs-19-20-ml-sprey-nazalnyy,2026-08-13 15:17:34
Лекарственные средства,Лечение печени,,Урсодекс 250 мг № 100 капс,Химфарм ФЗ АО,Казахстан,15 360 ₸,https://europharma.kz/ursodeks-250-mg-no-100-kaps,2026-08-13 15:17:35
Лекарственные средства,Лечение жкт,Препараты для лечения функциональных расстройств желудочнокишечного тракта. Синтетические холиноблокаторы – эфиры с третичной аминогруппой.,"Тримспа 200 мг, №30, табл.",Macleods Pharmaceuticals Limited,Индия,4 715 ₸,https://europharma.kz/trimspa-200-mg-no30-tabl,2026-08-13 15:17:36
Лекарственные средства,Лечение лор заболеваний,Антиконгестанты и другие назальные препараты для местного применения.,"Нафазолин-DF 0,05% 10 мл спрей назальный",Досфарм,Казахстан,465 ₸,https://europharma.kz/nafazolin-df-005-10-ml-sprey-nazalnyy,2026-08-13 15:17:37
Лекарственные средства,Антибиотики,"Противомикробные препараты для системного использования. Макролиды, линкозамиды и стрептограмины. Макролиды. Азитромицин.",Зитрокс 500 мг № 3 табл п/плён оболоч,Macleods Pharmaceuticals Limited,Индия,2 970 ₸,https://europharma.kz/zitroks-500-mg-no-3-tabl-pplen-oboloch,2026-08-13 15:17:38
Лекарственные средства,Жаропонижающие,,Ибуфен Д форте малина 200мг/5мл 40мл суспензия для приема внутрь,Медана Фарма АО,Польша,1 765 ₸,https://europharma.kz/ibufen-d-forte-malina-200mg5ml-40ml-suspenziya-dlya-priyema-vnutr,2026-08-13 15:17:39
Лекарственные средства,Лечение артериального давления,Бета-адреноблокаторы селективные в комбинации с другими гипотензивными средствами.,Алотендин 5 мг/5 мг № 30 табл,ЭГИС Фармацевтический Завод ЗАО,Венгрия,4 725 ₸,https://europharma.kz/alotendin-5-mg5-mg-no-30-tabl,2026-08-13 15:17:40
Лекарственные средства,Лечение сердечно-сосудистых заболеваний,Гиполипидемические препараты. HMG-CoA редуктазы ингибиторы.,"Розулип 10 мг, №28, табл.",ЭГИС Фармацевтический Завод ЗАО,Венгрия,4 950 ₸,https://europharma.kz/rozulip-10-mg-no28-tabl,2026-08-13 15:17:43
Лекарственные средства,Лечение глаз,Препараты для лечения заболеваний глаз. Противоглаукомные препараты и миотики. Ингибиторы карбоангидразы. Бринзоламид.,"Бринекс 1%, 5 мл, гл. капли",Sentiss Pharma Pvt.Ltd,Индия,4 170 ₸,https://europharma.kz/brineks-1-5-ml-gl-kapli,2026-08-13 15:17:44
Лекарственные средства,Инъекционные растворы и ампулы,"Кровь и органы кроветворения. Кровезаменители и перфузионные растворы. Растворы для внутривенного введения. Растворы, влияющие на водно-электролитный баланс. Электролиты.","Натрия хлорид 0,9%, 250 мл, раствор",Келун-Казфарм (Kelun-Kazpharm),Казахстан,240 ₸,https://europharma.kz/natriya-khlorid-09-250-ml-rastvor-2,2026-08-13 15:17:45
Лекарственные средства,Лечение лор заболеваний,,"Синомарин назальный спрей для детей, 100 мл",Геролиматис ПНГ,Греция,5 285 ₸,https://europharma.kz/sinomarin-nazalnyy-sprey-dlya-detey-100-ml,2026-08-13 15:17:46
Лекарственные средства,Лечение геморроя,"Ангиопротекторы. Препараты, снижающие проницаемость капилляров. Биофлавоноиды. Диосмин в комбинации с другими препаратами",Детралекс 500 мг № 30 табл п/плён оболоч,СЕРВЬЕ РУС ООО,Россия,8 150 ₸,https://europharma.kz/detraleks-500-mg-no-30-tabl-pplen-oboloch-2,2026-08-13 15:17:47
Лекарственные средства,Лечение артериального давления,"Препараты, влияющие на систему ренин-ангиотензин.","Лориста Н 100 мг/12,5 мг № 28 табл покрытые оболочкой",KRKA d.d.,Словения,4 635 ₸,https://europharma.kz/lorista-n-100-mg125-mg-no-28-tabl-pokrytyye-obolochkoy,2026-08-13 15:17:48
Лекарственные средства,Анальгетики,Другие обезболивающие и жаропонижающие средства. Ацетилсалициловая кислота и ее производные.,Аскофен П № 10 табл,Фармстандарт-Лексредства,Россия,340 ₸,https://europharma.kz/askofen-p-no-10-tabl,2026-08-13 15:17:49
Лекарственные средства,Лечение жкт,Противоязвенные препараты и препараты для лечения гастроэзофагеального рефлюкса. Ингибиторы протонового насоса.,Рабемак 20 мг № 14 табл покр кишечнораст оболочкой,Macleods Pharmaceuticals Limited,Индия,3 905 ₸,https://europharma.kz/rabemak-20-mg-no-14-tabl-pokr-kishechnorast-obolochkoy,2026-08-13 15:17:50
Лекарственные средства,Лечение сердечно-сосудистых заболеваний,,Эспиро 50 мг № 30 табл п/плён оболоч,Польфарма ФЗ АО,Польша,9 260 ₸,https://europharma.kz/espiro-50-mg-no-30-tabl-pplen-oboloch,2026-08-13 15:17:51
Лекарственные средства,Лечение сердечно-сосудистых заболеваний,Гиполипидемические препараты. HMG-CoA редуктазы ингибиторы.,"Розулип 20 мг, №28, табл.",ЭГИС Фармацевтический Завод ЗАО,Венгрия,6 650 ₸,https://europharma.kz/rozulip-20-mg-no28-tabl,2026-08-13 15:17:52
Лекарственные средства,Противогрибковые средства,Антисептики и противомикробные препараты для лечения гинекологических заболеваний (исключая комбинации с кортикостероидами). Комбинации производных имидазола.,"Метромикон Форте №7, пессарии",FARMAPRIM SRL,"Молдова, республика",7 110 ₸,https://europharma.kz/metromikon-forte-no7-pessarii,2026-08-13 15:17:53
Лекарственные средства,Лечение артериального давления,"Препараты, влияющие на систему ренин-ангиотензин. Ангиотензина II антагонисты в комбинации с другими препаратами. Ангиотензин II антагонисты в комбинации с диуретиками. Лозартан в комбинации с диуретиками.",Лозап Плюс № 30 табл,Зентива а.с.,Словакия,5 330 ₸,https://europharma.kz/lozap-plyus-no-30-tabl,2026-08-13 15:17:54
Лекарственные средства,Лечение сердечно-сосудистых заболеваний,Антикоагулянты. Ингибиторы агрегации тромбоцитов. Клопидогрел.,Плавикс 75 мг № 14 табл,Санофи-Авентис,Франция,10 122 ₸,https://europharma.kz/plaviks-75-mg-no-14-tabl,2026-08-13 15:17:55
Лекарственные средства,Лечение лор заболеваний,Фармакокинетика,"Назаксил 0,1% 10 мл капли назальные",ЛеКос ТОО,Казахстан,735 ₸,https://europharma.kz/nazaksil-01-10-ml-kapli-nazalnyye,2026-08-13 15:17:56
Лекарственные средства,Средства от аллергии,Респираторная система. Антигистаминные препараты системного действия. Производные пиперазина. Цетиризин.,"Зодак 10 мг, №10, табл.",Зентива а.с.,Чешская республика,2 590 ₸,https://europharma.kz/zodak-10-mg-no10-tabl,2026-08-13 15:17:57
Лекарственные средства,Лечение печени,"Пищеварительный тракт и обмен веществ. Препараты для лечения заболеваний печени и желчевыводящих путей. Препараты для лечения заболеваний печени, липотропные препараты. Силимарин.",Карсил Макс 110 мг № 30 табл,Софарма АО,Болгария,5 955 ₸,https://europharma.kz/karsil-maks-110-mg-no-30-tabl,2026-08-13 15:17:58
Лекарственные средства,Противовирусные препараты,Противоинфекционные препараты для системного применения. Противовирусные препараты для системного применения. Противовирусные препараты прямого действия. Противовирусные препараты прочие.,Анаферон капли детские 25 мл,Материа Медика Холдинг НП,Россия,3 055 ₸,https://europharma.kz/anaferon-kapli-detskiye-25-ml,2026-08-13 15:17:59
Лекарственные средства,Инъекционные растворы и ампулы,Растворы для внутривенного введения. Растворы влияющие наэлектролитный баланс. Электролиты в комбинации с другими препаратами.,Реосорбилакт раствор для инфузий 200 мл,Юрия-Фарм,Украина,4 345 ₸,https://europharma.kz/reosorbilakt-rastvor-dlya-infuziy-200-ml,2026-08-13 15:18:00
Лекарственные средства,Лечение сердечно-сосудистых заболеваний,,Эспиро 25 мг № 30 табл п/плён оболоч,Польфарма ФЗ АО,Польша,6 050 ₸,https://europharma.kz/espiro-25-mg-no-30-tabl-pplen-oboloch,2026-08-13 15:18:01
Лекарственные средства,Антисептики,Противомикробные препараты для местного применения. Сульфаниламиды. Сульфаниламид.,Стрептоцидовая 10% 25 гр мазь,Шаншаров-Фарм,Казахстан,455 ₸,https://europharma.kz/streptotsidovaya-10-25-gr-maz-2,2026-08-13 15:18:02
Лекарственные средства,Жаропонижающие,Анальгетики. Анальгетики и антипиретики другие. Анилиды. Парацетамол в комбинации с другими препаратами (исключая психолептики).,МаксиГриппин® порошок мед-лимон 5 г № 6 саше,Natur Produkt,Польша,2 180 ₸,https://europharma.kz/maksigrippin-poroshok-med-limon-5-g-no-6-sashe,2026-08-13 15:18:03
Лекарственные средства,Лечение лор заболеваний,Фармакологические свойства,"Назаксил 0,1% 15 мл спрей назальный",ЛеКос ТОО,Казахстан,1 155 ₸,https://europharma.kz/nazaksil-01-15-ml-sprey-nazalnyy,2026-08-13 15:18:04
Лекарственные средства,Противокашлевые препараты,Препараты для устранения симптомов простуды и кашля. Другие комбинации препаратов для устранения симптомов простуды.,Инфлюцид № 60 табл,Др. Густав Кляйн ГмбХ & Ко. КГ,Германия,4 395 ₸,https://europharma.kz/inflyutsid-no-60-tabl,2026-08-13 15:18:05
Лекарственные средства,"Лечение алкоголизма, наркомании, табакокурения",,ЛИТОРСАЛ АЛКО-ДЕТОКС N10 ТАБЛ,ООО Натур Продукт Здровит,,2 745 ₸,https://europharma.kz/litorsal-alko-detoks-n10-tabl,2026-08-13 15:18:06
Лекарственные средства,Антисептики,Антисептики и дезинфицирующие препараты прочие. Этанол,Спирт этиловый DF 70% 100 мл флак,Досфарм,Казахстан,410 ₸,https://europharma.kz/spirt-etilovyy-df-70-100-ml-flak,2026-08-13 15:18:07
Лекарственные средства,Антисептики,,"Эпиген интим 250 мл, гель, шт",B.Braun Medical AG (Испания),Испания,12 140 ₸,https://europharma.kz/epigen-intim-250-ml-gel-sht,2026-08-13 15:18:08
Лекарственные средства,Инъекционные растворы и ампулы,,Реосорбилакт 400 мл раствор для инфузий,Юрия-Фарм,Украина,5 040 ₸,https://europharma.kz/reosorbilakt-400-ml-rastvor-dlya-infuziy,2026-08-13 15:18:09
Лекарственные средства,Лечение лор заболеваний,"Препараты для лечения заболеваний горла, прочие препараты.",Тонзилотрен № 60 табл,Др. Густав Кляйн ГмбХ & Ко. КГ,Германия,2 620 ₸,https://europharma.kz/tonzilotren-no-60-tabl,2026-08-13 15:18:10
Лекарственные средства,Лечение жкт,"Пищеварительный тракт и обмен веществ. Препараты, способствующие пищеварению, включая ферменты. Ферментные препараты. Панкреатин",Креон 10000 МЕ 150мг № 10 капс покр кишечнораст оболочкой,Эбботт Продактс ГмбХ,Германия,2 175 ₸,https://europharma.kz/kreon-10000-me-150mg-no-10-kaps-pokr-kishechnorast-obolochkoy,2026-08-13 15:18:11
Лекарственные средства,Кожные заболевания,,КАЛАМИН 100МЛ ЛОСЬОН ФАРМЕТРИКС,Фарметрикс ООО (Россия),,2 775 ₸,https://europharma.kz/kalamin-100ml-loson-farmetriks,2026-08-13 15:18:12
Лекарственные средства,Лечение артериального давления,β- адреноблокаторы селективные.,"Нипертен 2,5 мг, №30, табл покр. оболочкой",KRKA d.d.,Словения,1 340 ₸,https://europharma.kz/niperten-25-mg-no30-tabl-pokr-obolockoj,2026-08-13 15:18:15
Лекарственные средства,Гинекологические препараты,Половые гормоны и модуляторы половой системы. Эстрогены. Природные и полусинтетические эстрогены. Эстриол.,"Эстринорм супп ваг 0,5мг №3*5",FARMAPRIM SRL,"Молдова, республика",4 980 ₸,https://europharma.kz/estrinorm-supp-vag-05mg-no35,2026-08-13 15:18:16
Лекарственные средства,Лечение лор заболеваний,Препараты для лечения заболеваний горла. Прочие препараты.,Каметон 30 гр спрей,Алтайвитамины ЗАО,Россия,1 450 ₸,https://europharma.kz/kameton-30-gr-sprey,2026-08-13 15:18:17
Лекарственные средства,Антисептики,Антисептики и противомикробные препараты для лечения гинекологических заболеваний. Другие антисептические и противомикробные препараты. Повидон-йод,Бетадин 200 мг № 14 вагин. суппозитории,ЭГИС Фармацевтический Завод ЗАО,Венгрия,5 830 ₸,https://europharma.kz/betadin-200-mg-no-14-vagin-suppozitorii,2026-08-13 15:18:18
Лекарственные средства,Пробиотики и пребиотики,"Пищеварительный тракт и обмен веществ. Противодиарейные, кишечные противовоспалительные/противомикробные препараты. Антидиарейные микроорганизмы.","Энтерожермина 5 мл, №10, фл.",Санофи-Авентис,Франция,7 325 ₸,https://europharma.kz/enterozhermina-5-ml-no10-fl,2026-08-13 15:18:19
Лекарственные средства,Лечение глаз,Препараты для лечения заболеваний глаз. Антибактериальные препараты. Другие антибактериальные препараты.,Вигамокс 5 мг/мл 5 мл капли глазные,Alcon-Couvreur,Бельгия,3 706 ₸,https://europharma.kz/vigamoks-5-mgml-5-ml-kapli-glaznyye,2026-08-13 15:18:20
Лекарственные средства,"Рапитус 30 мг/5 мл, 120 мл, сироп, от кашля",Прочие противокашлевые препараты.,"Рапитус 30 мг/5 мл, 120 мл, сироп, от кашля",Macleods Pharmaceuticals Limited,Индия,2 710 ₸,https://europharma.kz/rapitus-30-mg5-ml-120-ml-sirop-ot-kasla,2026-08-13 15:18:21
Лекарственные средства,Антибиотики,,"Сефпотек 200 мг, №10, табл.",Нобел АФФ,Казахстан,4 090 ₸,https://europharma.kz/sefpotek-200-mg-no10-tabl,2026-08-13 15:18:22
Лекарственные средства,Лечение заболеваний опорно-двигательного аппарата,Нестероидные противовоспалительные препараты,Орцерин 50 мг № 30 капс,Macleods Pharmaceuticals Limited,Индия,5 675 ₸,https://europharma.kz/ortserin-50-mg-no-30-kaps,2026-08-13 15:18:23
Лекарственные средства,Лечение лор заболеваний,Стоматологические препараты. Прочие препараты для местного лечения заболеваний полости рта.,Дентокинд № 150 табл,Др. Густав Кляйн ГмбХ & Ко. КГ,Германия,4 095 ₸,https://europharma.kz/dentokind-no-150-tabl,2026-08-13 15:18:24
Лекарственные средства,Лечение сердечно-сосудистых заболеваний,Гиполипидемические препараты. Гипохолестеринемические и гипотриглицеридемические препараты. HMG CoA-редуктазы ингибиторы. Аторвастатин.,Аторвастатин 40 мг №30 табл,Лекфарм ООО,Беларусь,3 695 ₸,https://europharma.kz/atorvastatin-40-mg-no30-tabl,2026-08-13 15:18:26
Лекарственные средства,Лечение глаз,,Офтолик Ультра Раствор увлажн. офтальмологический 10 мл капли глазные,Sentiss Pharma Pvt.Ltd,Индия,8 010 ₸,https://europharma.kz/oftolik-ultra-rastvor-uvlazhn-oftalmologicheskiy-10-ml-kapli-glaznyye,2026-08-13 15:18:26
Лекарственные средства,Спазмолитические препараты,,Анальгин таб.500 мг №20,Борисовский завод медицинских препаратов ОАО,,500 ₸,https://europharma.kz/analgin-tab500-mg-no20,2026-08-13 15:18:27
Лекарственные средства,Лечение артериального давления,"Препараты, влияющие на систему ренин-ангиотензин, АКФ ингибиторы в комбинации с другими препаратами. АКФ ингибиторы в комбинации с другими блокаторами « медленных» кальциевых каналов. Периндоприл и амплодипин.","Амлесса 0,004/0,005 №30, табл.",KRKA d.d.,Словения,4 990 ₸,https://europharma.kz/amlessa-00040005-no30-tabl,2026-08-13 15:18:28
Лекарственные средства,Лечение заболеваний опорно-двигательного аппарата,,Терафлекс Хондрокрем Форте 50 гр крем,"Сагмел, Инк.",Россия,3 355 ₸,https://europharma.kz/terafleks-khondrokrem-forte-50-gr-krem,2026-08-13 15:18:29
Лекарственные средства,Лечение заболеваний опорно-двигательного аппарата,,"Суставит Окопник с сабельником 125 мл, гель-бальзам",Фора фарм,Россия,1 100 ₸,https://europharma.kz/sustavit-okopnik-s-sabelnikom-125-ml-gel-balzam,2026-08-13 15:18:30
Лекарственные средства,Лечение лор заболеваний,Препараты для лечения заболеваний горла. Антисептики. Амбазон.,"Фарингосепт со вкусом мяты №20, табл.",S.C.Terapia S.A.,Румыния,3 855 ₸,https://europharma.kz/faringosept-so-vkusom-myaty-no20-tabl,2026-08-13 15:18:32
Лекарственные средства,Лечение печени,Препараты для лечения заболеваний печени и желчевыводящих путей.,Урсосан 250 мг № 100 капс,Пром.Мед.Прага,Чешская республика,16 485 ₸,https://europharma.kz/ursosan-250-mg-no-100-kaps,2026-08-13 15:18:33
Лекарственные средства,Лечение жкт,Препараты для лечения функциональных расстройств ЖКТ,"Мяты перечной 25 мл, настойка",Фармация АО,Казахстан,410 ₸,https://europharma.kz/maty-perecnoj-25-ml-nastojka,2026-08-13 15:18:34
Лекарственные средства,Антисептики,Антисептики и дезинфицирующие препараты. Препараты йода. Повидон-йод.,Бетадин 10% д/наруж применения 20 г мазь,ЭГИС Фармацевтический Завод ЗАО,Венгрия,3 130 ₸,https://europharma.kz/betadin-10-dnaruzh-primeneniya-20-g-maz,2026-08-13 15:18:35
Лекарственные средства,Лечение жкт,"Пищеварительный тракт и обмен веществ. Препараты для лечения функциональных желудочно-кишечных расстройств. Препараты, для лечения функциональных расстройств кишечника. Синтетические холиноболкаторы — эфиры с третичной аминогруппой. Мебеверин.",Дюспаталин 200 мг № 30 капс. пролонг. действия,Майлан Лабораториз САС,Франция,7 250 ₸,https://europharma.kz/dyuspatalin-200-mg-no-30-kaps-prolong-deystviya,2026-08-13 15:18:36
Лекарственные средства,Антибиотики,Антибактериальные препараты для системного использования. Бета-лактамные антибактериальные препараты – пенициллины. Пенициллины в комбинации с ингибиторами бета-лактамаз. Клавулановая кислота + амоксициллин.,"Аугментин 400/ 57мг/5мл, 70 мл, пор.",Смит Кляйн Бичем Консьюме,Великобритания,3 350 ₸,https://europharma.kz/augmentin-400-57mg5ml-70-ml-por,2026-08-13 15:18:37
Лекарственные средства,Противовоспалительные средства,Препараты для лечения заболеваний опорно-двигательного аппарата прочие.,Траумель С №50 таб,Biologische Heilmittel Heel GmbH,Германия,4 965 ₸,https://europharma.kz/traumel-s-no50-tab,2026-08-13 15:18:38
Лекарственные средства,Лечение печени,Препараты для лечения заболеваний печени и желчевыводящих путей.,Урсосан 250 мг № 50 капс,Пром.Мед.Прага,Чешская республика,9 320 ₸,https://europharma.kz/ursosan-250-mg-no-50-kaps,2026-08-13 15:18:39
Лекарственные средства,Лечение артериального давления,"Препараты, влияющие на систему ренин-ангиотензин. АКФ ингибиторы в комбинации с блокаторами «медленных» кальциевых каналов. Рамиприл и амлодипин.","Хартил Амло 5 мг/5мг, №30, капс.",ЭГИС Фармацевтический Завод ЗАО,Венгрия,5 490 ₸,https://europharma.kz/khartil-amlo-5-mg5mg-no30-kaps,2026-08-13 15:18:40
Лекарственные средства,Пиносол 10 мл капли назальные,Назальные препараты. Антиконгестанты и другие назальные препараты для местного применения. Комбинированные препараты,Пиносол 10 мл капли назальные,Stada Arzneimittel AG,Словакия,1 720 ₸,https://europharma.kz/pinosol-10-ml-kapli-nazalnyye,2026-08-13 15:18:41
Лекарственные средства,Лечение артериального давления,"Диуретики. Нетиазидные диуретики, действующие на кортикальный сегмент петли Генле. Сульфонамиды. Индапамид","Индап 2,5 мг № 30 капс",Пром.Мед.Прага,Чешская республика,1 715 ₸,https://europharma.kz/indap-25-mg-no-30-kaps,2026-08-13 15:18:42
Лекарственные средства,Лечение глаз,Противоглаукомные препараты и миотики. Бета-адреноблокаторы.,"ДуоТрав 2,5 мл капли глазные",Alcon-Couvreur,Бельгия,7 330 ₸,https://europharma.kz/duotrav-25-ml-kapli-glaznyye,2026-08-13 15:18:43
Лекарственные средства,Лечение артериального давления,"Препараты, влияющие на систему ренин-ангиотензин.",Лозап 50 мг № 30 табл,Зентива а.с.,Словакия,2 715 ₸,https://europharma.kz/lozap-50-mg-no-30-tabl,2026-08-13 15:18:44
Лекарственные средства,Лечение жкт,"Препараты, способствующие пищеварению, (включая ферментные препараты). Пищеварительные ферментные препараты. Панкреатин.",Панзинорм форте 20 000 ЕД № 30 табл,KRKA d.d.,Словения,4 115 ₸,https://europharma.kz/panzinorm-forte-20-000-yed-no-30-tabl,2026-08-13 15:18:45
Лекарственные средства,Жаропонижающие,Анальгетики - антипиретики другие. Парацетамол в комбинации с другими препаратами (исключая психолептики).,ТайлолФен Хот 20 г 12 пор. д/приг. р-ра для приёма внутрь,Нобел АФФ,Казахстан,2 955 ₸,https://europharma.kz/taylolfen-khot-20-g-12-por-dprig-r-ra-dlya-priyema-vnutr,2026-08-13 15:18:48
Лекарственные средства,Гинекологические препараты,,Клофан 500 мг №1 супп.ваг.,Kusum Healthcare Pvt. Ltd,,2 850 ₸,https://europharma.kz/klofan-500-mg-no1-suppvag,2026-08-13 15:18:49
Лекарственные средства,Лечение артериального давления,"Препараты, влияющие на систему ренин-ангиотензин. АКФ ингибиторы в комбинации с блокаторами «медленных» кальциевых каналов. Рамиприл и амлодипин.","Хартил Амло 10 мг/5мг, №30, капс.",ЭГИС Фармацевтический Завод ЗАО,Венгрия,7 180 ₸,https://europharma.kz/khartil-amlo-10-mg5mg-no30-kaps,2026-08-13 15:18:50
Лекарственные средства,Антибиотики,"Антибактериальные препараты для системного использования. Макролиды, линкозамины и стрептограмины. Макролиды. Азитромицин.",Сумамокс суспензия 100 мг/5 мл (Азитромицин),Oxford Laboratories Pvt L,Индия,1 990 ₸,https://europharma.kz/sumamoks-suspenzia-100-mg5-ml-azitromicin,2026-08-13 15:18:51
Лекарственные средства,Лечение глаз,Препараты для лечения заболеваний глаз. Противомикробные препараты.,"Тобрекс 0,3% 3,5 гр гл. мазь",Alcon-Couvreur,Испания,1 894 ₸,https://europharma.kz/tobreks-03-35-gr-gl-maz,2026-08-13 15:18:52
Лекарственные средства,Лечение глаз,,Блефарогель гель д/век 1 15 мл,Гельтек-Медика,Россия,3 635 ₸,https://europharma.kz/blefarogel-gel-dvek-1-15-ml,2026-08-13 15:18:53
Лекарственные средства,Жаропонижающие,Противовоспалительные и противоревматические препараты. Нестероидные противовоспалительные препараты. Пропионовой кислоты производные. Ибупрофен,"Нурофен 200 мг, № 24, табл.",Рекитт Бенкизер Хэлскер Интернешнл Лтд,Великобритания,1 260 ₸,https://europharma.kz/nurofen-200-mg-no-24-tabl,2026-08-13 15:18:54
Лекарственные средства,Препараты урологии и гинекологии,Антисептики и противомикробные препараты для лечения гинекологических заболеваний. Антисептики и противомикробные препараты для лечения гинекологических заболеваний (исключая комбинации с кортикостероидами). Производные имидазола. Имидазола производных комбинации,Нео-Пенотран Форте № 7 вагин. суппозитории,Мерк С.Л.,Турция,5 444 ₸,https://europharma.kz/neo-penotran-forte-no-7-vagin-suppozitorii,2026-08-13 15:18:55
Лекарственные средства,Кожные заболевания,,цинковая паста 25 гр,M&Z Farm,,560 ₸,https://europharma.kz/tsinkovaya-pasta-25-gr,2026-08-13 15:18:56
Лекарственные средства,Лечение лор заболеваний,,Синулан Дуо Форте 520 мг № 30 табл,,,2 985 ₸,https://europharma.kz/sinulan-duo-forte-520-mg-no-30-tabl,2026-08-13 15:18:57
Лекарственные средства,Стафилококковый бактериофаг жидкий 20 мл № 4 флак,Другие антибактериальные препараты.,Стафилококковый бактериофаг жидкий 20 мл № 4 флак,Биохимфарм АО,Грузия,11 510 ₸,https://europharma.kz/stafilokokkovyy-bakteriofag-zhidkiy-20-ml-no-4-flak,2026-08-13 15:18:58
Лекарственные средства,Для повышения иммунитета,Противовирусное средство для местного применения,Ацикловир-Акос 3% 5 г гл. мазь,Синтез ОАО,Россия,1 520 ₸,https://europharma.kz/atsiklovir-akos-3-5-g-gl-maz,2026-08-13 15:18:59
Лекарственные средства,Лечение жкт,Противоязвенные препараты и препараты для лечения гастроэзофагеального рефлюкса. Блокаторы Н2- гистаминовых рецепторов. Фамотидин.,Гастросидин 40 мг № 30 табл п/плён оболоч,Санофи-Авентис,Турция,4 200 ₸,https://europharma.kz/gastrosidin-40-mg-no-30-tabl-pplen-oboloch,2026-08-13 15:19:00
Лекарственные средства,Лечение лор заболеваний,Препараты для лечения заболеваний горла. Антисептики. Прочие препараты,"Стрепсилс №24, леденцы, оригинальный",Рекитт Бенкизер Хэлскер Интернешнл Лтд,Великобритания,2 015 ₸,https://europharma.kz/strepsils-no24-ledency-originalnyj,2026-08-13 15:19:01
Лекарственные средства,Анальгетики,Анестетики. Анестетики местные. Амиды. Лидокаин,Лидокаин 10% 38 г аэрозоль,ЭГИС Фармацевтический Завод ЗАО,Венгрия,4 730 ₸,https://europharma.kz/lidokain-10-38-g-aerozol,2026-08-13 15:19:02
Лекарственные средства,Пробиотики и пребиотики,,Лабицид S4 № 20 капс,Biofaktor Sp. z o. o.,Польша,4 215 ₸,https://europharma.kz/labitsid-s4-no-20-kaps,2026-08-13 15:19:03
Лекарственные средства,Лечение лор заболеваний,Респираторная система. Препараты для лечения заболеваний горла. Антисептики.,Йокс 30 мл спрей для горла,Teva Pharmaceuticals s.r.,,3 905 ₸,https://europharma.kz/yoks-30-ml-sprey-dlya-gorla,2026-08-13 15:19:04
Лекарственные средства,Жаропонижающие,Анальгетики и антипиретики.,Эффералган (с 6 мес-4 лет) 150мг № 10 суппозит. ректал.,УПСА,Франция,2 125 ₸,https://europharma.kz/efferalgan-s-6-mes-4-let-150mg-no-10-suppozit-rektal,2026-08-13 15:19:05
Лекарственные средства,Лечение сердечно-сосудистых заболеваний,"Препараты, влияющие на систему ренин-ангиотензин, АКФ ингибиторы в комбинации с другими препаратами. АКФ ингибиторы в комбинации с другими блокаторами « медленных» кальциевых каналов. Периндоприл и амплодипин.","Амлесса 0,008/0,01 №30, табл.",KRKA d.d.,Словения,6 745 ₸,https://europharma.kz/amlessa-0008001-no30-tabl,2026-08-13 15:19:06
Лекарственные средства,Лечение сердечно-сосудистых заболеваний,,"Амлесса 0,004/0,01 №30, табл.",KRKA d.d.,Словения,3 935 ₸,https://europharma.kz/amlessa-0004001-no30-tabl,2026-08-13 15:19:07
Лекарственные средства,Лечение жкт,Антибактериальные препараты для системного использования.,"Пио Бактериофаг 20 мл, №4, жидкий",Биохимфарм АО,Грузия,14 150 ₸,https://europharma.kz/pio-bakteriofag-20-ml-no4-zhidkiy,2026-08-13 15:19:08
Лекарственные средства,Лечение артериального давления,"Препараты, влияющие на систему ренин-ангиотензин, АКФ ингибиторы в комбинации с другими препаратами. АКФ ингибиторы в комбинации с другими блокаторами « медленных» кальциевых каналов. Периндоприл и амплодипин.","Амлесса 0,008/0,005 №30, табл.",KRKA d.d.,Словения,5 820 ₸,https://europharma.kz/amlessa-00080005-no30-tabl,2026-08-13 15:19:09
Лекарственные средства,Лечение жкт,Антидиарейные микроорганизмы. Сахаромицеты Boulardii.,"Энтерол 250 мг, №10, пакетики, порошок для приготовления суспензии",BIOCODEX,Бельгия,4 980 ₸,https://europharma.kz/enterol-250-mg-no10-paketiki-poroshok-dlya-prigotovleniya-suspenzii,2026-08-13 15:19:10
Лекарственные средства,Лечение глаз,,Блефарогель гель д/век (при демодекозе) 2 15 мл,Гельтек-Медика,Россия,3 995 ₸,https://europharma.kz/blefarogel-gel-dvek-pri-demodekoze-2-15-ml,2026-08-13 15:19:11
Лекарственные средства,Интести Бактериофаг раствор для приема внутрь 20 мл № 4 флак,,Интести Бактериофаг раствор для приема внутрь 20 мл № 4 флак,Биохимфарм АО,Грузия,13 330 ₸,https://europharma.kz/intesti-bakteriofag-rastvor-dlya-priyema-vnutr-20-ml-no-4-flak,2026-08-13 15:19:12
Лекарственные средства,Средства от аллергии,Препараты для лечения заболеваний респираторной системы. Назальные препараты. Деконгестанты и другие назальные препараты для местного применения. Кортикостероиды. Беклометазон,Насобек 50 мкг/доза 200 доз аэрозоль,Teva Pharmaceuticals s.r.,,4 150 ₸,https://europharma.kz/nasobek-50-mkgdoza-200-doz-aerozol,2026-08-13 15:19:13
Лекарственные средства,Лечение сердечно-сосудистых заболеваний,,"Эдарби Кло 12,5 мг № 28 табл",Такеда Фармасьютикал Комапани Лтд.,Япония,14 370 ₸,https://europharma.kz/edarbi-klo-125-mg-no-28-tabl,2026-08-13 15:19:14
Лекарственные средства,Лечение заболеваний опорно-двигательного аппарата,,"Суставит Сабельник с пчелинным ядом 125 мл, гель-бальзам",КоролевФарм ООО,Россия,1 155 ₸,https://europharma.kz/sustavit-sabelnik-s-pcelinnym-adom-125-ml-gel-balzam,2026-08-13 15:19:15
Лекарственные средства,Противогрибковые средства,Антисептики и противомикробные препараты для лечения гинекологических заболеваний. Производное имидазола.,Залаин 300 мг № 1 вагин. суппозитории,Феррер Интернасьональ С.А,Монако,5 025 ₸,https://europharma.kz/zalain-300-mg-no-1-vagin-suppozitorii,2026-08-13 15:19:16
Лекарственные средства,Пробиотики и пребиотики,"Пищеварительный тракт и обмен веществ. Противодиарейные, кишечные противовоспалительные/противомикробные препараты. Антидиарейные микроорганизмы.",Энтерожермина № 12 капс,Санофи-Авентис,Франция,6 550 ₸,https://europharma.kz/enterozhermina-no-12-kaps,2026-08-13 15:19:17
Лекарственные средства,Лечение заболеваний опорно-двигательного аппарата,Препараты для местного лечения заболеваний опорно-двигательного аппарата. Другие препараты для местного лечения заболеваний опорно-двигательного аппарата.,Дип Хит 67 гр крем,Ментолатум,Польша,3 205 ₸,https://europharma.kz/dip-khit-67-gr-krem,2026-08-13 15:19:20
Лекарственные средства,Лечение сердечно-сосудистых заболеваний,,Эдарби Кло 40 мг/25 мг № 28 табл,Такеда Фармасьютикал Комапани Лтд.,Япония,15 035 ₸,https://europharma.kz/edarbi-klo-40-mg25-mg-no-28-tabl,2026-08-13 15:19:21
Лекарственные средства,Анальгетики,Миорелаксанты центрального действия другие. Тиоколхикозид.,Мускомед раствор д/инъекций 4 мг/2 мл № 6 амп,Мефар Илач Санаи А.Ш,Турция,5 790 ₸,https://europharma.kz/muskomed-rastvor-dinyektsiy-4-mg2-ml-no-6-amp,2026-08-13 15:19:22
Лекарственные средства,Гормональные препараты,Половые гормоны и модуляторы половой системы. Прогестагены. Производные прегнена. Прогестерон.,"Утрожестан 200 мг №14, капс.",Синдеа Фарма СЛ,Испания,6 960 ₸,https://europharma.kz/utrozhestan-200-mg-no14-kaps-2,2026-08-13 15:19:23
Лекарственные средства,Противовоспалительные средства,Анальгетики-антипиретики другие. Анилиды. Парацетамол в комбинации с другими препаратами (исключая психолептики).,Гриппомикс со вкусом апельсина пор д/пригот-я раствора д/приема внутрь № 10 шт,Лекфарм ООО,Беларусь,3 580 ₸,https://europharma.kz/grippomiks-so-vkusom-apelsina-por-dprigot-ya-rastvora-dpriyema-vnutr-no-10-sht,2026-08-13 15:19:24
Лекарственные средства,Лечение артериального давления,"Препараты, влияющие на систему ренин-ангиотензин. Ангиотензина II антагонисты. Кандесартан","Кандекор 8 мг, №28, табл.",KRKA d.d.,Словения,3 015 ₸,https://europharma.kz/kandekor-8-mg-no28-tabl,2026-08-13 15:19:25
Лекарственные средства,Лечение заболеваний мочеполовой системы,,"Цицибон форте №30, капс.",Plameca,Испания,7 040 ₸,https://europharma.kz/tsitsibon-forte-no30-kaps,2026-08-13 15:19:26
Лекарственные средства,Опорно-двигательная система,,Жеколь крем 25 гр,Ядран-Галенски Лабораторий а.о.,,2 780 ₸,https://europharma.kz/zhekol-krem-25-gr,2026-08-13 15:19:27
Лекарственные средства,Лечение заболеваний опорно-двигательного аппарата,"Прочие средства, применяемые местно при суставной и мышечной боли. Прочие препараты.",Дип Рилиф 100 гр гель,Ментолатум,Великобритания,4 370 ₸,https://europharma.kz/dip-rilif-100-gr-gel,2026-08-13 15:19:28
Лекарственные средства,Антибиотики,Противомикробные препараты для системного применения. Цефалоспорины первого поколения. Цефазолин.,"Цефазолин 1 гр, фл.",Красфарма ОАО,Россия,460 ₸,https://europharma.kz/cefazolin-1-gr-fl-2,2026-08-13 15:19:29
Лекарственные средства,Лечение сердечно-сосудистых заболеваний,,Телсартан А 80 мг/5 мг № 28 табл,Dr.Reddy`s Laboratories L,Индия,4 245 ₸,https://europharma.kz/telsartan-a-80-mg5-mg-no-28-tabl,2026-08-13 15:19:30
Лекарственные средства,Лечение заболеваний опорно-двигательного аппарата,"Прочие средства, применяемые местно при суставной и мышечной боли. Прочие препараты.",Дип Рилиф 50 гр гель,Ментолатум,Великобритания,2 915 ₸,https://europharma.kz/dip-rilif-50-gr-gel,2026-08-13 15:19:31
Лекарственные средства,Противовоспалительные средства,Противовоспалительные и противоревматические препараты. Нестероидные противовоспалительные препараты. Пропионовой кислоты производные. Декскетопрофен.,"Декетон 25 мг №20,табл",ABDI IBRAHIM,Турция,933 ₸,https://europharma.kz/deketon-25-mg-no20tabl,2026-08-13 15:19:32
Лекарственные средства,Женские препараты,"Половые гормоны и модуляторы половой системы. Прогестагены. Производные прегнена. Прогестерон.
Код АТХ G03DA04
Фармакологические свойства
Фармакокинетика
При трансдермальном способе применения Прожестожель достигает ткани молочных желез, не разрушаясь в печени и не оказывает системного действия на организм. Исследование сывороточной концентрации пролактина, эстрадиола и прогестерона при лечении Прожестожелем показало, что через час после нанесения препарата, когда наблюдается его максимальное всасывание в тканях молочной железы, уровень гормонов практически не меняется. Абсорбция
прогестерона при накожном применении составляет около 10% дозы. Накожные аппликации на область молочных желез позволяют, с одной стороны, уменьшить применяемую дозу препарата, а с другой – создать высокую концентрацию в зоне действия (в 10 раз выше, чем в системном кровотоке). Препарат вторично метаболизируется в печени с образованием конъюгатов с глюкуроновой и серной кислотами. Также в метаболизме участвует изофермент CYP2C19. Выводится почками - 50-60%, с желчью - более 10%. Количество метаболитов, выводимых почками, колеблется в зависимости от фазы желтого тела.
Фармакодинамика
Действие прогестерона, с одной стороны, основано на блокировании рецепторов эстрогенов, в результате которого улучшается всасывание жидкости из тканей, уменьшается сдавление млечных протоков; с другой – блокировании рецепторов пролактина в ткани молочной железы, что приводит к снижению лактопоэза. Таким образом, локальное использование препарата, создавая высокую концентрацию прогестерона в зоне применения, не оказывает системного действия и позволяет избежать нежелательных побочных эффектов.
Механизм действия Прожестожеля основан на повышении концентрации прогестерона в тканях молочной железы. Активным компонентом препарата является прогестерон. Прогестерон снижает экспрессию рецепторов эстрогенов в тканях молочной железы, а также уменьшает локальный уровень активных эстрогенов посредством стимуляции продукции ферментов (17бета-гидроксистероиддегидрогеназы и эстронсульфотрансферазы), окисляющих эстрадиол в менее активный эстрон, и затем, связывая последний, превращающих его в неактивный эстронасульфат. Таким образом, прогестерон ограничивает пролиферативное действие эстрогенов на ткани молочной железы. Также прогестерон обладает небольшим натрийдиуретическим эффектом за счет угнетения канальцевой реабсорбции и увеличения клеточной фильтрации, тем самым предотвращая задержку жидкости при секреторных преобразованиях железистого компонента молочных желез и, как следствие, развитие болевого синдрома (масталгии или мастодинии). Наряду с этим, трансдермальный способ введения гестагена позволяет также воздействовать на состояние железистого эпителия и сосудистой сети, в результате чего снижается проницаемость капилляров, а, следовательно, уменьшается степень отека тканей молочной железы и исчезают симптомы масталгии.
Показания к применению
- мастодиния
- диффузная фиброзно-кистозная мастопатия
Способ применения и дозы
1 аппликация (2,5 г геля), содержащая 0,025 г прогестерона, наносится на чистую кожу молочных желез аппликатором-дозатором до полного всасывания 1-2 раза ежедневно, или во 2-фазу (с 16 по 25 день) менструального цикла. Курс лечения до 3 циклов (1цикл 28-30 дней).
Не следует применять двойную дозу для восполнения пропущенной дозы.
Повторный курс лечения может быть назначен только после консультации с врачом.
Побочные действия
Крайне редко
- болезненность молочных желез
- «горячие» приливы крови
- метроррагия
- снижение либидо
- при повышенной чувствительности на компоненты препарата – эритема в месте аппликации геля, отек губ и шеи, лихорадка, головная боль, тошнота.
Противопоказания
- индивидуальная повышенная чувствительность к любому из компонентов
препарата
- узловые формы фиброзно-кистозной мастопатии
- опухоли (опухолевидные образования) молочных желез неясной этиологии
- рак молочной железы и половых органов (как монотерапия)
- беременность II и III триместр
Лекарственные взаимодействия
Действие Прожестожеля может усиливаться на фоне контрацепции комбинированными гормональными препаратами
Особые указания
Наружное средство, не предназначено для приема внутрь.
Прожестожель может назначаться при мастодинии, связанной с приемом пероральных контрацептивов, пубертатным периодом, пременопаузой, предменструальным синдромом.
Не является контрацептивом.
Препарат следует наносить на кожу молочной железы аппликатором-дозатором, не втирая и не массируя молочные железы.
Избегать прямых солнечных лучей после нанесения крема.
С осторожностью
Применять препарат при печеночной недостаточности, почечной недостаточности, бронхиальной астме, эпилепсии; мигрени; депрессии; гиперлипопротеинемии, внематочной беременности; аборте в ходу; склонности к тромбозам, острых формах флебита или тромбоэмболических заболеваниях; кровотечении из влагалища неясной этиологии; порфирии; артериальной гипертензии; сахарном диабете.
Беременность и период лактации
При беременности применение препарата не показано.
Применение препарата во время I триместра беременности и в период лактации возможно только в том случае, когда предполагаемая польза для матери превышает потенциальный риск для плода и ребенка.
Особенности влияния лекарственного средства на способность управлять транспортным средством или потенциально опасными механизмами
Не проводились исследования на выявление возможного влияния препарата на способность вождения автомобиля или на способность управления рабочими механизмами.
Передозировка
Симптомы: наступление менструации на 1 – 2 дня раньше срока.
Лечение: применение препарата с 10 по 25 день цикла.
Форма выпуска и упаковка
По 80 г препарата помещают в алюминиевые тубы с завинчивающейся крышкой белого цвета.
По 1 тубе вместе со шпателем-дозатором и с инструкцией по медицинскому применению на государственном и русском языках помещают в картонную пачку.
Условия хранения
Хранить при температуре не выше 25° C.
Хранить в недоступном для детей месте!
Срок хранения
3 года
Не использовать после истечения срока годности.
Условия отпуска
По рецепту
Производитель
Безен Мэньюфекчуринг Белджиум, Бельгия","Прожестожель 1%, 80 мл, гель",Лаборатория Безен Интерна,Франция,5 120 ₸,https://europharma.kz/prozhestozhel-1-80-ml-gel,2026-08-13 15:19:33
Лекарственные средства,Для повышения иммунитета,"Противовирусные препараты для системного применения прямого действия, нуклеозиды и нуклеотиды.","Ацикловир Белупо 400 мг №35,табл",Belupo,Хорватия,6 709 ₸,https://europharma.kz/aciklovir-belupo-400-mg-no35tabl,2026-08-13 15:19:34
Лекарственные средства,Кожные заболевания,,Ацикловир Белупо крем 5% 5 гр,Belupo,Хорватия,1 475 ₸,https://europharma.kz/aciklovir-belupo-krem-5-5-gr,2026-08-13 15:19:35
Лекарственные средства,Противогрибковые средства,,Тержинан № 10 вагин. суппозитории,Фик - Бушара,Франция,6 085 ₸,https://europharma.kz/terzhinan-no-10-vagin-suppozitorii,2026-08-13 15:19:36
Лекарственные средства,Лечение сердечно-сосудистых заболеваний,Сердечно-сосудистая система. Кардиологические препараты. Вазодилататоры применяемые для лечения заболеваний сердца. Органические нитраты. Глицерил тринитрат.,Нитроминт 1% 10 гр спрей,ЭГИС Фармацевтический Завод ЗАО,Венгрия,3 485 ₸,https://europharma.kz/nitromint-1-10-gr-sprey,2026-08-13 15:19:38
Лекарственные средства,Слабительные препараты,Cлабительные. Осмотические слабительные. Комбинация минеральных солей,Эзиклен конц-т д/приг.раствора 176 мл № 2 флак,"Бофур ИПСЕН Индастри, Фра",Франция,7 610 ₸,https://europharma.kz/eziklen-konts-t-dprigrastvora-176-ml-no-2-flak,2026-08-13 15:19:39
Лекарственные средства,Лечение неврологических нарушений,"Нервная система. Психолептики. Снотворные и седативные средства. Снотворные и седативные препараты (исключая барбитураты), в комбинации с другими препаратами.",Ново-Пассит № 10 табл,Teva Pharmaceuticals s.r.,Чешская республика,2 785 ₸,https://europharma.kz/novo-passit-no-10-tabl,2026-08-13 15:19:40
Лекарственные средства,Антибиотики,Противомикробные препараты для системного применения. Бета-лактамные антибактериальные препараты. Пенициллины широкого спектра действия. Амоксициллин.,Флемоксин Солютаб 500 мг № 20 табл.диспергируемых,Астеллас Фарма Юроп Б.В.,Нидерланды,5 570 ₸,https://europharma.kz/flemoksin-solyutab-500-mg-no-20-tabldispergiruyemykh,2026-08-13 15:19:41
Лекарственные средства,Лечение неврологических нарушений,"Нервная система. Психолептики. Снотворные и седативные средства. Снотворные и седативные препараты (исключая барбитураты), в комбинации с другими препаратами.",Ново-Пассит № 60 табл покрытые оболочкой,Teva Pharmaceuticals s.r.,Чешская республика,9 505 ₸,https://europharma.kz/novo-passit-no-60-tabl-pokrytyye-obolochkoy,2026-08-13 15:19:42
Лекарственные средства,Противовоспалительные средства,Анальгетики-антипиретики другие. Анилиды. Парацетамол в комбинации с другими препаратами (исключая психолептики).,Гриппомикс со вкусом лесных ягод № 10 пор. д/приг. р-ра для приёма внутрь,Лекфарм ООО,Беларусь,3 115 ₸,https://europharma.kz/grippomiks-so-vkusom-lesnykh-yagod-no-10-por-dprig-r-ra-dlya-priyema-vnutr,2026-08-13 15:19:43
Лекарственные средства,Противогрибковые средства,Противогрибковые препараты для наружного применения. Производное имидазола.,"Залаин 2%, 20 гр, крем",Феррер Интернасьональ С.А,Монако,5 105 ₸,https://europharma.kz/zalain-2-20-gr-krem,2026-08-13 15:19:44
Лекарственные средства,Лечение печени,Осмотические слабительные. Магния сульфат,Магния сульфат 25 гр порошок,Шаншаров-Фарм,Казахстан,310 ₸,https://europharma.kz/magniya-sulfat-25-gr-poroshok,2026-08-13 15:19:45
Лекарственные средства,Препараты урологии и гинекологии,Антисептики и противомикробные препараты для лечения гинекологических заболеваний. Другие антисептики и противомикробные препараты. Код АТХ G01 AX.,Хлоргексидин-эффект 16мг №10 супп.,Лекхим-Харьков ЧАО,Украина,2 940 ₸,https://europharma.kz/hlorgeksidin-effekt-16mg-no10-supp,2026-08-13 15:19:46
Лекарственные средства,Лечение артериального давления,"Препараты, влияющие на систему ренин-ангиотензин. Ангиотензина II антагонисты. Кандесартан","Кандекор 16 мг, №28, табл.",KRKA d.d.,Словения,4 515 ₸,https://europharma.kz/kandekor-16-mg-no28-tabl,2026-08-13 15:19:47
Лекарственные средства,Лечение лор заболеваний,,Виролиз 800 мг спрей назальный,Назалис ЛТД,,6 440 ₸,https://europharma.kz/viroliz-800-mg-sprey-nazalnyy,2026-08-13 15:19:48
Лекарственные средства,Противовирусные препараты,,"Селтавир 0,075 N10 капс",Macleods Pharmaceuticals Limited,,3 845 ₸,https://europharma.kz/seltavir-0075-n10-kaps,2026-08-13 15:19:49
Лекарственные средства,Противовоспалительные средства,,Ибупрофен 400 мг № 20 табл п/о,Синтез Акционерное Курган,,905 ₸,https://europharma.kz/ibuprofen-400-mg-no-20-tabl-po,2026-08-13 15:19:50
Лекарственные средства,Лечение неврологических нарушений,"Нервная система. Психолептики. Снотворные и седативные средства. Снотворные и седативные препараты (исключая барбитураты), в комбинации с другими препаратами.",Ново-Пассит № 100 табл покрытые оболочкой,Teva Pharmaceuticals s.r.,Чешская республика,15 450 ₸,https://europharma.kz/novo-passit-no-100-tabl-pokrytyye-obolochkoy,2026-08-13 15:19:53
Лекарственные средства,Противовирусные препараты,Препараты для лечения заболеваний респираторной системы. Препараты для устранения симптомов простуды и кашля.,Резистол раствор 20 мл,Галичфарм АО,Украина,2 810 ₸,https://europharma.kz/rezistol-rastvor-20-ml,2026-08-13 15:19:54
Лекарственные средства,Лечение артериального давления,"Препараты, влияющие на ренин-ангиотензиновую систему.",Рамиприл 10 мг № 30 табл,Вива Фарм ТОО,Казахстан,2 535 ₸,https://europharma.kz/ramipril-10-mg-no-30-tabl,2026-08-13 15:19:55
Лекарственные средства,Кожные заболевания,,"СУПЕРЧИСТОТЕЛ АСПЕРА РАСТВОР Д /НАРУЖ. ПРИМЕН. 3,6 МЛ",ООО «ПК АСПЕРА»,,885 ₸,https://europharma.kz/superchistotel-aspera-rastvor-d-naruzh-primen-36-ml,2026-08-13 15:19:56
Лекарственные средства,Женские препараты,,ЛикоМаст № 30 капс,Оксфорд Лабораториз Пвт. Лтд,Индия,7 455 ₸,https://europharma.kz/likomast-no-30-kaps,2026-08-13 15:19:57
Лекарственные средства,Средства от аллергии,Препараты для лечения зуда кожи (включая антигистаминные препараты и анестетики). Антигистаминные препараты для местного применения. Диметинден.,Фенистил 30 г гель,Novartis Consumer Health,Швейцария,4 045 ₸,https://europharma.kz/fenistil-30-g-gel,2026-08-13 15:19:58
Лекарственные средства,Лечение лор заболеваний,"Респираторная система. Препараты, применяемые при кашле и простудных заболеваниях. Экспекторанты, исключая комбинации с подавляющими кашель. Муколитики. Ацетилцистеин",АЦЦ 600 мг № 20 шипуч табл,Сандоз Фармасьютикалс д.д.,Словения,10 425 ₸,https://europharma.kz/atsts-600-mg-no-20-shipuch-tabl,2026-08-13 15:19:59
Лекарственные средства,"Лечение алкоголизма, наркомании, табакокурения",,Анти-полицай № 4 табл,Биовид ООО,Россия,1 085 ₸,https://europharma.kz/anti-politsay-no-4-tabl,2026-08-13 15:20:00
Лекарственные средства,Противокашлевые препараты,Препараты для устранения симптомов простуды и кашля. Отхаркивающие препараты.Плюща листьев экстракт.,Геделикс 100 мл сироп,Кревель Мойзельбах ГмбХ,Германия,3 640 ₸,https://europharma.kz/gedeliks-100-ml-sirop,2026-08-13 15:20:01
Лекарственные средства,От паразитов,,Паранит шампунь 200 мл + гребень,Alvogen Pharma Trading Europe EOOD,Болгария,7 220 ₸,https://europharma.kz/paranit-shampun-200-ml,2026-08-13 15:20:02
Лекарственные средства,Слабительные препараты,Контактные слабительные препараты.,"Регулакс пикосульфат 20 мл, капли",Кревель Мойзельбах ГмбХ,Германия,2 785 ₸,https://europharma.kz/regulaks-pikosulfat-20-ml-kapli,2026-08-13 15:20:03
Лекарственные средства,Антисептики,Антисептики и противомикробные препараты для лечения гинекологических заболеваний. Другие антисептические и противомикробные препараты. Повидон-йод,"Бетадин 200 мг, №7, супп.",ЭГИС Фармацевтический Завод ЗАО,Венгрия,3 335 ₸,https://europharma.kz/betadin-200-mg-no7-supp,2026-08-13 15:20:04
Лекарственные средства,Кожные заболевания,,Момейд 15 г мазь,Гленмарк Фармасьютикалз Лтд,Индия,755 ₸,https://europharma.kz/momeyd-15-g-maz,2026-08-13 15:20:05
Лекарственные средства,Противокашлевые препараты,Препараты для устранения симптомов простуды и кашля. Отхаркивающие препараты. Плюща листьев экстракт.,"Геделикс 50 мл, капли",Кревель Мойзельбах ГмбХ,Германия,3 885 ₸,https://europharma.kz/gedeliks-50-ml-kapli,2026-08-13 15:20:06
Лекарственные средства,Антибиотики,"Антибактериальные препараты системного действия, Mакролиды","Сумамокс 500 мг, №3, табл.",Оксфорд Лабораториз Пвт. Лтд,Индия,2 420 ₸,https://europharma.kz/sumamoks-500-mg-no3-tabl,2026-08-13 15:20:07
Лекарственные средства,Противовирусные препараты,Препараты для лечения заболеваний респираторной системы. Препараты для устранения симптомов простуды и кашля.,Резистол 50 мл раствор,Галичфарм АО,Украина,5 475 ₸,https://europharma.kz/rezistol-50-ml-rastvor,2026-08-13 15:20:08
Лекарственные средства,Гормональные препараты,,Циклогест 400 мг №15 пессарий,Accord-UK Limited,,16 702 ₸,https://europharma.kz/tsiklogest-400-mg-no15-pessariy,2026-08-13 15:20:09
Лекарственные средства,Умкалор 50 мл раствор,"Препараты, применяемые при кашле и простудных заболеваниях",Умкалор 50 мл раствор,Дойче Хомеопати-Унион ДХУ,Германия,7 310 ₸,https://europharma.kz/umkalor-50-ml-rastvor,2026-08-13 15:20:10
Лекарственные средства,Лечение сахарного диабета,Сахароснижающие препараты для перорального приема.,Диабетон MR 60 мг № 30 табл.с модифиц.высв-ем,Сервье,Франция,3 145 ₸,https://europharma.kz/diabeton-mr-60-mg-no-30-tabls-modifitsvysv-yem,2026-08-13 15:20:11
Лекарственные средства,Гинекологические препараты,Антисептики и противомикробные препараты для лечения гинекологических заболеваний. Антисептики и противомикробные препараты для лечения гинекологических заболеваний (исключая комбинации с кортикостероидами). Приоизводные имидазола. Имидазола производных комбинация.,Эксагин № 7 вагин. табл.,MERKEZ Laboratory Pharmaceutical and Trade Co.,Турция,5 015 ₸,https://europharma.kz/eksagin-no-7-vagin-tabl,2026-08-13 15:20:12
Лекарственные средства,Лечение неврологических нарушений,"Препараты для лечения заболеваний нервной системы. Психолептики. Снотворные и седативные средства. Снотворные и седативные препараты (исключая барбитураты), в комбинации с другими препаратами.","Ново-Пассит 200 мл, р-р",Teva Pharmaceuticals s.r.,Чешская республика,5 860 ₸,https://europharma.kz/novo-passit-200-ml-r-r,2026-08-13 15:20:13
Лекарственные средства,Антибиотики,Антибактериальные препараты для системного использования. Тетрациклины. Доксициклин,Юнидокс Солютаб 100 мг № 10 табл диспер,"ЗАО ""ЗиО-Здоровье"" для ОО",Россия,4 745 ₸,https://europharma.kz/yunidoks-solyutab-100-mg-no-10-tabl-disper,2026-08-13 15:20:14
Лекарственные средства,Антибиотики,"Противомикробные препараты для системного использования. Макролиды, линкозамиды и стрептограмины. Макролиды. Азитромицин.",Азибиот 500 мг № 3 табл п/плён оболоч,KRKA d.d.,Словения,2 790 ₸,https://europharma.kz/azibiot-500-mg-no-3-tabl-pplen-oboloch,2026-08-13 15:20:15
Лекарственные средства,"Галазолин 0,1% для носа 10 гр гель",Антиконгестанты и другие назальные препараты для местного применения. Симпатомиметики. Ксилометазолин.,"Галазолин 0,1% для носа 10 гр гель",Польфа АО ВФЗ,Польша,1 685 ₸,https://europharma.kz/galazolin-01-dlya-nosa-10-gr-gel,2026-08-13 15:20:16
Лекарственные средства,Противовоспалительные средства,Анальгетики-антипиретики другие. Анилиды. Парацетамол в комбинации с другими препаратами (исключая психолептики).,Гриппомикс со вкусом лимона № 10 пор. д/приг. р-ра для приёма внутрь,Лекфарм ООО,Беларусь,2 910 ₸,https://europharma.kz/grippomiks-so-vkusom-limona-no-10-por-dprig-r-ra-dlya-priyema-vnutr,2026-08-13 15:20:17
Лекарственные средства,Лечение лор заболеваний,,Аква Марис Эктоин 20 мл спрей назальный,Ядран-Галенски Лабораторий а.о.,Хорватия,6 685 ₸,https://europharma.kz/akva-maris-ektoin-20-ml-sprey-nazalnyy,2026-08-13 15:20:18
Лекарственные средства,Средства от аллергии,Антигистаминные препараты системного применения.,Ролиноз 20 мл капли,Уорлд Медицин Илач Сан.Ве Тидж А.Ш,Турция,4 745 ₸,https://europharma.kz/rolinoz-20-ml-kapli,2026-08-13 15:20:19
Лекарственные средства,Анальгетики,Нестероидные противовоспалительные препараты. Оксикамы.,"Локсидол раствор д/инъекций 15 мг/1,5 мл № 3 амп",ФармаВижн Сан ве Тидж А.Ш,Турция,2 850 ₸,https://europharma.kz/loksidol-rastvor-dinyektsiy-15-mg15-ml-no-3-amp,2026-08-13 15:20:20
Лекарственные средства,Лечение лор заболеваний,,Тонзилотрен №40 аблетки по 2 контурных упаковки в пачке из картона,Dr.Gustav Klein GmbH & Co.KG,,3 925 ₸,https://europharma.kz/tonzilotren-no40-abletki-po-2-konturnykh-upakovki-v-pachke-iz-kartona,2026-08-13 15:20:21
Лекарственные средства,Антибиотики,Противоинфекционные препараты системного использования.,Цефазон (Цефтриаксон) 1г пор. для приготовления р-ра,Swiss Parenlerals Pvt.Ltd,Индия,2 210 ₸,https://europharma.kz/cefazon-ceftriakson-1g-por-dla-prigotovlenia-r-ra,2026-08-13 15:20:22
Лекарственные средства,Анальгетики,"Костно-мышечная система. Противовоспалительные и противоревматические препараты. Противовоспалительные и противоревматические препараты, нестероидные. Пропионовой кислоты производные. Ибупрофен.",Бруфен 400 мг 10 капсула,Гелтек Прайвет Лимитед,Германия,1 750 ₸,https://europharma.kz/brufen-400-mg-10-kapsula,2026-08-13 15:20:26
Лекарственные средства,Гормональные препараты,Мочеполовая система и половые гормоны. Половые гормоны и модуляторы половой системы. Прогестагены. Производные прегнадиена. Дидрогестерон.,Дюфастон 10 мг № 20 табл,Эббот Байолоджикалз Б.В.,Франция,9 950 ₸,https://europharma.kz/dyufaston-10-mg-no-20-tabl,2026-08-13 15:20:27
Лекарственные средства,Лечение сердечно-сосудистых заболеваний,Снотворные и седативные средства. Снотворные и седативные препараты другие.,Валокордин для перорального применения 20 мл капли,Кревель Мойзельбах ГмбХ,Германия,1 795 ₸,https://europharma.kz/valokordin-dlya-peroralnogo-primeneniya-20-ml-kapli,2026-08-13 15:20:28
Лекарственные средства,Для повышения иммунитета,Иммуномодуляторы,Галавит 100 мг №10 супп ректальные,"ООО ""Сэлвим""",Россия,10 760 ₸,https://europharma.kz/galavit-100-mg-no10-supp-rektalnye,2026-08-13 15:20:29
Лекарственные средства,Рецептурные препараты,Антикоагулянты. Прямые ингибиторы Ха фактора. Ривароксабан.,Ксарелто 15 мг № 28 табл п/плён оболоч,Bayer AG,Германия,21 570 ₸,https://europharma.kz/ksarelto-15-mg-no-28-tabl-pplen-oboloch,2026-08-13 15:20:30
Лекарственные средства,Для повышения иммунитета,Иммуномодуляторы,Галавит 25 мг №20 табл подъязычные,"ООО ""Сэлвим""",Россия,6 095 ₸,https://europharma.kz/galavit-25-mg-no20-tabl-podazycnye,2026-08-13 15:20:31
Лекарственные средства,Кожные заболевания,,"Лостерин крем, 75мл","ООО НПК""АС-КОМ""",Швейцария,10 255 ₸,https://europharma.kz/losterin-krem-75ml,2026-08-13 15:20:32
Лекарственные средства,Лечение жкт,"Пищеварительный тракт и обмен веществ. Препараты, способствующие пищеварению, включая ферменты. Ферментные препараты. Панкреатин",Креон 10000 ЕД 150 мг № 50 капс покр к/р оболоч,Эбботт Продактс ГмбХ,Германия,6 615 ₸,https://europharma.kz/kreon-10000-yed-150-mg-no-50-kaps-pokr-kr-oboloch,2026-08-13 15:20:33
Лекарственные средства,Антибиотики,,"Аугментин 156,25 мг/5 мл 100мл порошок для пригот. сусп.",Смит Кляйн Бичем Консьюме,Великобритания,2 285 ₸,https://europharma.kz/augmentin-15625-mg5-ml-100ml-poroshok-dlya-prigot-susp,2026-08-13 15:20:34
Лекарственные средства,Лечение лор заболеваний,Респираторная система. Назальные препараты. Деконгестанты и другие назальные препараты для местного применения. Кортикостероиды. Флутиказон.,Назарел 50 мкг/доза 120 доз спрей назальный,Teva Pharmaceuticals s.r.,,5 030 ₸,https://europharma.kz/nazarel-50-mkgdoza-120-doz-sprey-nazalnyy,2026-08-13 15:20:35
Лекарственные средства,Пробиотики и пребиотики,,НОРМОБАКТ BABY 10МЛ КАПЛИ,Польфарма ФЗ АО,,6 505 ₸,https://europharma.kz/normobakt-baby-10ml-kapli,2026-08-13 15:20:36
Лекарственные средства,Противогрибковые средства,,Мико-Стоп крем для ног,Зеленая Дубрава ЗАО,Россия,3 725 ₸,https://europharma.kz/miko-stop-krem-dlya-nog,2026-08-13 15:20:37
Лекарственные средства,Пробиотики и пребиотики,,БИФИДОБАКТЕРИИ БИФИДУМ ПОРОШОК-СМ 2 гр №30,"ООО ""БиоВид""",,4 690 ₸,https://europharma.kz/bifidobakterii-bifidum-poroshok-sm-2-gr-no30,2026-08-13 15:20:38
Лекарственные средства,Кожные заболевания,,"Лостерин крем-мыло нафталановое, 150мл","ООО НПК""АС-КОМ""",Швейцария,4 660 ₸,https://europharma.kz/losterin-krem-mylo-naftalanovoye-150ml,2026-08-13 15:20:39
Лекарственные средства,Лечение жкт,Антидиарейные препараты. Прочие кишечные противомикробные препараты.,Стопдиар 100 мг № 24 табл,Гедеон Рихтер ОАО,Венгрия,2 370 ₸,https://europharma.kz/stopdiar-100-mg-no-24-tabl,2026-08-13 15:20:40
Лекарственные средства,Лечение артериального давления,"Сердечно-сосудистая система. Препараты, влияющие на ренин-ангиотензиновую систему. Ингибиторы АКФ в комбинации с другими препаратами. Ингибиторы АКФ в комбинации с диуретиками. Фозиноприл в комбинации с диуретиками.","Фозикард Н № 28, табл.",Балканфарма-Дупница АД,Исландия,3 815 ₸,https://europharma.kz/fozikard-n-no-28-tabl,2026-08-13 15:20:41
Лекарственные средства,Антибиотики,Антибактериальные препараты для системного использования. Пенициллины в комбинации с ингибиторами бета-лактамаз. Клавулановая кислота + амоксициллин.,Аугментин 875 мг/125 мг № 14 табл.,Смит Кляйн Бичем Консьюме,Великобритания,4 945 ₸,https://europharma.kz/augmentin-875-mg125-mg-no-14-tabl,2026-08-13 15:20:42
Лекарственные средства,Лечение глаз,Препараты для лечения заболеваний глаз. Противомикробные препараты,"Сигницеф 0,5% 5 мл гл. капли",Sentiss Pharma Pvt.Ltd,Индия,3 070 ₸,https://europharma.kz/signitsef-05-5-ml-gl-kapli,2026-08-13 15:20:43
Лекарственные средства,Лечение сердечно-сосудистых заболеваний,Снотворные и седативные средства. Снотворные и седативные препараты другие.,"Валокордин 50 мл, раствор",Кревель Мойзельбах ГмбХ,Германия,3 610 ₸,https://europharma.kz/valokordin-50-ml-rastvor,2026-08-13 15:20:44
Лекарственные средства,Лечение неврологических нарушений,"Нервная система. Психолептики. Снотворные и седативные средства. Снотворные и седативные препараты (исключая барбитураты), в комбинации с другими препаратами.",Ново-Пассит № 30 табл,Teva Pharmaceuticals s.r.,Чешская республика,7 290 ₸,https://europharma.kz/novo-passit-no-30-tabl,2026-08-13 15:20:45
Лекарственные средства,Для повышения иммунитета,Иммуномодуляторы,Галавит 100 мг №5 пор для приготов р-ра для в/м введения,"ООО ""Сэлвим""",Россия,9 305 ₸,https://europharma.kz/galavit-100-mg-no5-por-dla-prigotov-r-ra-dla-vm-vvedenia,2026-08-13 15:20:46
Лекарственные средства,Лечение неврологических нарушений,Антигистаминные препараты системного действия. Аминоалкильные эфиры. Доксиламин.,Доксиламин для приема внутрь 25 мг/мл 20 мл капли,Кревель Мойзельбах ГмбХ,Германия,2 190 ₸,https://europharma.kz/valokordin-doksilamin-dlya-priyema-vnutr-25-mgml-20-ml-kapli,2026-08-13 15:20:47
Лекарственные средства,Лечение глаз,,"Окувайт форте 630 мг №30,табл",Ельфа АО,Польша,6 365 ₸,https://europharma.kz/okuvajt-forte-630-mg-no30tabl,2026-08-13 15:20:48
Лекарственные средства,Гормональные препараты,Половые гормоны и модуляторы половой системы. Прогестагены и эстрогены в комбинации. Прогестагены и эстрогены (фиксированное сочетание). Дидрогестерон и эстрогены,"Фемостон 2/10, № 28, табл.",Solvay Pharmaceuticals,Франция,7 285 ₸,https://europharma.kz/femoston-210-no-28-tabl,2026-08-13 15:20:49
Лекарственные средства,Гормональные препараты,Половые гормоны и модуляторы половой системы. Прогестагены и эстрогены в комбинации. Прогестагены и эстрогены (фиксированное сочетание). Дидрогестерон и эстрогены,"Фемостон 1/5, № 28, табл.",Эббот Байолоджикалз Б.В.,Нидерланды,7 585 ₸,https://europharma.kz/femoston-15-no-28-tabl,2026-08-13 15:20:50
Лекарственные средства,Лечение сахарного диабета,Средства для лечения сахарного диабета. Сахароснижающие препараты для перорального приема. Бигуаниды. Метформин.,Глюкофаж 850 мг № 60 табл п/плён оболоч,Мерк С.Л.,Испания,3 175 ₸,https://europharma.kz/glyukofazh-850-mg-no-60-tabl-pplen-oboloch,2026-08-13 15:20:51
Лекарственные средства,Противогрибковые средства,Глюкокортикостероиды для местного лечения заболеваний кожи. Глюкокортикостероиды активные (группа III).,Мометокс 15 г крем,Оксфорд Лабораториз Пвт. Лтд,Индия,4 620 ₸,https://europharma.kz/mometoks-15-g-krem,2026-08-13 15:20:52
Лекарственные средства,Лечение жкт,"Препараты для лечения заболеваний, связанных с нарушением кислотности. Противоязвенные средства и препараты для лечения гастроэзофагеального рефлюкса (GORD). Ингибиторы протонного насоса. Омепразол.",Омепразол- АКОС 20 мг № 30 капс покр кишечнораст оболочкой,Синтез Акционерное Курган,Россия,915 ₸,https://europharma.kz/omeprazol--akos-20-mg-no-30-kaps-pokr-kishechnorast-obolochkoy,2026-08-13 15:20:53
Лекарственные средства,Кожные заболевания,Глюкокортикостероиды для местного лечения заболеваний кожи. Кортикостероиды сильные в комбинации с другими препаратами.,Тридокс 15 г крем,Оксфорд Лабораториз Пвт. Лтд,Индия,4 425 ₸,https://europharma.kz/tridoks-15-g-krem,2026-08-13 15:20:54
Лекарственные средства,Антибиотики,Антибактериальные препараты для системного использования. Пенициллины в комбинации с ингибиторами бета-лактамаз. Клавулановая кислота + амоксициллин.,"Аугментин 200мг/28,5мг/5мл, 70 мл, пор.",Смит Кляйн Бичем Консьюме,Великобритания,2 770 ₸,https://europharma.kz/augmentin-200mg285mg5ml-70-ml-por,2026-08-13 15:20:55
Лекарственные средства,Антибиотики,Антибактериальные препараты для системного использования. Пенициллины в комбинации с ингибиторами бета-лактамаз.,"Клавам 228,5 мг/5 мл 100мл порошок для пригот. сусп.",Алкем Лабораториз Лтд,Индия,2 500 ₸,https://europharma.kz/klavam-2285-mg5-ml-100ml-poroshok-dlya-prigot-susp,2026-08-13 15:20:58
Лекарственные средства,Лечение неврологических нарушений,Психотропные препараты. Снотворные и седативные средства. Снотворные и седативные препараты другие.,Вамелан № 30 капс,П.П.Ф.Хаско-Лек С.А.д/Уорлд Медицин,Польша,4 610 ₸,https://europharma.kz/vamelan-no-30-kaps,2026-08-13 15:20:59
Лекарственные средства,Лечение лор заболеваний,,"Нафтизин 0,05 % 10 мл капли назальные АлисФарм",Досфарм,Казахстан,155 ₸,https://europharma.kz/naftizin-005-10-ml-kapli-nazalnyye-alisfarm,2026-08-13 15:21:00
Лекарственные средства,Лечение сахарного диабета,Средства для лечения сахарного диабета. Сахароснижающие препараты для перорального приема. Бигуаниды. Метформин.,Глюкофаж 500 мг № 60 табл п/плён оболоч,Мерк С.Л.,Испания,2 195 ₸,https://europharma.kz/glyukofazh-500-mg-no-60-tabl-pplen-oboloch,2026-08-13 15:21:01
Лекарственные средства,Лечение жкт,"Препараты для лечения заболеваний, связанных с нарушением кислотности. Антациды. Антациды в сочетании с ветрогонными препаратами. Простое сочетание солей и ветрогонных препаратов.",Маалокс® Плюс №30 таб.,Stada Arzneimittel AG,Италия,3 165 ₸,https://europharma.kz/maaloksr-plus-no30-tab,2026-08-13 15:21:02
Лекарственные средства,Лечение сахарного диабета,Средства для лечения сахарного диабета. Сахароснижающие препараты для перорального приема. Бигуаниды. Метформин.,Глюкофаж XR 500 мг № 30 табл пролонг действия п/плён оболоч,Мерк С.Л.,Франция,3 180 ₸,https://europharma.kz/glyukofazh-xr-500-mg-no-30-tabl-prolong-deystviya-pplen-oboloch,2026-08-13 15:21:04
Лекарственные средства,Лечение печени,,Адемта 400 мг № 20 табл покр кишечнораст оболочкой,Уорлд Медицин Илач Сан.Ве Тидж А.Ш,Турция,14 593 ₸,https://europharma.kz/ademta-400-mg-no-20-tabl-pokr-kishechnorast-obolochkoy,2026-08-13 15:21:04
Лекарственные средства,Антибиотики,"Противоинфекционные препараты для системного использования. Антибактериальные препараты для системного применения. Макролиды, линкозамиды и стрептограмины. Макролиды. Азитромицин.",Сумамед 125 мг № 6 табл п/плён оболоч,Pliva Hrvatska d.o.o.,Хорватия,4 495 ₸,https://europharma.kz/sumamed-125-mg-no-6-tabl-pplen-oboloch,2026-08-13 15:21:05
Лекарственные средства,Лечение неврологических нарушений,"Препараты для лечения заболеваний нервной системы. Психолептики. Снотворные и седативные средства. Снотворные и седативные препараты (исключая барбитураты), в комбинации с другими препаратами.",Ново-Пассит 100 мл раствор,Teva Pharmaceuticals s.r.,Чешская республика,3 540 ₸,https://europharma.kz/novo-passit-100-ml-rastvor,2026-08-13 15:21:06
Лекарственные средства,Лечение сердечно-сосудистых заболеваний,Блокаторы «медленных» кальциевых каналов селективные.,"Нитресан 10 мг, №30, табл..",Пром.Мед.Прага,Чешская республика,2 184 ₸,https://europharma.kz/nitresan-10-mg-no30-tabl,2026-08-13 15:21:08
Лекарственные средства,Лечение артериального давления,,"Лизиноприл-Тева 20 мг, №30, табл.",Меркле ГмбХ,Германия,2 875 ₸,https://europharma.kz/lizinopril-teva-20-mg-no30-tabl,2026-08-13 15:21:09
Лекарственные средства,Антибиотики,Антибактериальные препараты для системного использования. Бета-лактамные антибактериальные препараты прочие. Цефалоспорины второго поколения. Цефуроксим.,"Зоцеф 1,5 гр, пор/д пригот р-ра №1,фл",Алкем Лабораториз Лтд,Индия,1 785 ₸,https://europharma.kz/zocef-15-gr-pord-prigot-r-ra-no1fl,2026-08-13 15:21:10
Лекарственные средства,Слабительные препараты,Слабительные. Осмотические слабительные. Лактулоза,Дюфалак 1000 мл сироп,Solvay Pharmaceuticals,Франция,10 510 ₸,https://europharma.kz/dyufalak-1000-ml-sirop,2026-08-13 15:21:11
Лекарственные средства,Жаропонижающие,,ИбуВИР сироп (клубника) 250 мг/5 мл 150 мл,Химфарм ФЗ АО,Польша,4 270 ₸,https://europharma.kz/ibuvir-sirop-klubnika-250-mg5-ml-150-ml,2026-08-13 15:21:12
Лекарственные средства,Лечение заболеваний опорно-двигательного аппарата,"Костно-мышечная система. Противовоспалительные и противоревматические препараты. Противовоспалительные и противоревматические препараты, нестероидные. Уксусной кислоты производные и родственные соединения. Диклофенак.",Диклофенак-Тева 50 мг № 20 табл п/о,Меркле ГмбХ,Германия,1 510 ₸,https://europharma.kz/diklofenak-teva-50-mg-no-20-tabl-po,2026-08-13 15:21:13
Лекарственные средства,Лечение сердечно-сосудистых заболеваний,,Аспирин Кардио 100 мг № 28 табл покр кишечнораст оболочкой,Bayer AG,Германия,1 810 ₸,https://europharma.kz/aspirin-kardio-100-mg-no-28-tabl-pokr-kishechnorast-obolochkoy,2026-08-13 15:21:14
Лекарственные средства,Антибиотики,Цефуроксим в комбинации с другими противомикробными препаратами,Зоцеф 750 мг № 1 порошок для приготовления раствора для инъекций,Алкем Лабораториз Лтд,Индия,910 ₸,https://europharma.kz/zotsef-750-mg-no-1-poroshok-dlya-prigotovleniya-rastvora-dlya-inyektsiy,2026-08-13 15:21:15
Лекарственные средства,Пробиотики и пребиотики,,Сахаромицеты Буларди-СМ капсулы №10,"ООО ""АВЕН""",,3 450 ₸,https://europharma.kz/sakharomitsety-bulardi-sm-kapsuly-no10,2026-08-13 15:21:16
Лекарственные средства,Лечение сахарного диабета,Средства для лечения сахарного диабета. Сахароснижающие препараты для перорального приема. Бигуаниды. Метформин.,Глюкофаж 1000 мг № 60 табл п/плён оболоч,Мерк С.Л.,Испания,4 342 ₸,https://europharma.kz/glyukofazh-1000-mg-no-60-tabl-pplen-oboloch,2026-08-13 15:21:17
Лекарственные средства,Лечение лор заболеваний,,Стрептоцид 300 мг №50 табл.,Казахстан,,1 830 ₸,https://europharma.kz/streptotsid-300-mg-no50-tabl,2026-08-13 15:21:18
Лекарственные средства,Средства от аллергии,,Блогир-3 таб. 5мг №30,"Дженефарм С.А., Греция",,4 746 ₸,https://europharma.kz/blogir-3-tab-5mg-no30,2026-08-13 15:21:19
Лекарственные средства,Слабительные препараты,Слабительные. Осмотические слабительные. Лактулоза,Дюфалак 500 мл сироп,Solvay Pharmaceuticals,Франция,6 470 ₸,https://europharma.kz/dyufalak-500-ml-sirop,2026-08-13 15:21:20
Лекарственные средства,Лечение головного кровооброщения,"Препараты, влияющие на кроветворение и кровь. Прочие гематологические препараты.",Актовегин раствор д/инъекций 40 мг/мл 2 мл № 25 амп,Nycomed Austria GmbH,Австрия,7 940 ₸,https://europharma.kz/aktovegin-rastvor-dinyektsiy-40-mgml-2-ml-no-25-amp,2026-08-13 15:21:21
Лекарственные средства,Слабительные препараты,Слабительные. Осмотические слабительные. Лактулоза,Дюфалак 200 мл сироп,Эббот Байолоджикалз Б.В.,Франция,3 195 ₸,https://europharma.kz/dyufalak-200-ml-sirop,2026-08-13 15:21:22
Лекарственные средства,Антибиотики,Другие бета-лактамные антибиотики. Цефалоспорины.,Зоцеф 500 мг № 10 табл п/плён оболоч,Алкем Лабораториз Лтд,Индия,4 520 ₸,https://europharma.kz/zotsef-500-mg-no-10-tabl-pplen-oboloch,2026-08-13 15:21:23
Лекарственные средства,Лечение жкт,Противодиарейные препараты. Кишечные противомикробные и противовоспалительные препараты. Прочие кишечные противомикробные препараты. Нифуроксазид,Стопдиар 220 мг/5 мл 90мл суспензия,Гедеон Рихтер ОАО,Румыния,4 790 ₸,https://europharma.kz/stopdiar-220-mg5-ml-90ml-suspenziya,2026-08-13 15:21:24
Лекарственные средства,Лечение жкт,"Препараты для лечения заболеваний, связанных с нарушением кислотности. Прочие противоязвенные препараты и препараты для лечения гастроэзофагального рефлюкса.","Мукоген 100 мг, №30, табл.",Macleods Pharmaceuticals Limited,Индия,5 070 ₸,https://europharma.kz/mukogen-100-mg-no30-tabl,2026-08-13 15:21:25
Лекарственные средства,Для повышения иммунитета,Иммуномодуляторы,Полиоксидоний 6 мг № 10 суппозитории,Петровакс Фарм НПО ООО,Россия,10 360 ₸,https://europharma.kz/polioksidoniy-6-mg-no-10-suppozitorii,2026-08-13 15:21:26
Лекарственные средства,Для повышения иммунитета,Прочие иммуностимуляторы.,"Циклоферон 12,5%, 2 мл, №5, амп.",Полисан ООО НТФФ,Россия,5 010 ₸,https://europharma.kz/tsikloferon-125-2-ml-no5-amp,2026-08-13 15:21:27
Лекарственные средства,Лечение артериального давления,"Гипотензивные препараты. Альфа 2-адреномиметики центральные,","Моксонидин 0,2 мг №30 табл",Лекфарм ООО,Беларусь,3 760 ₸,https://europharma.kz/moksonidin-02-mg-no30-tabl,2026-08-13 15:21:28
Лекарственные средства,Лечение артериального давления,,"Лизиноприл-Тева 10 мг, №50, табл.",Меркле ГмбХ,Германия,4 515 ₸,https://europharma.kz/lizinopril-teva-10-mg-no50-tabl,2026-08-13 15:21:31
Лекарственные средства,Противогрибковые средства,Противогрибковые препараты для системного применения.,"Кандификс 150 мг, №1, капс.",Arafarma Group S.A.,Испания,2 842 ₸,https://europharma.kz/kandifiks-150-mg-no1-kaps,2026-08-13 15:21:32
Лекарственные средства,Для повышения иммунитета,Иммуномодуляторы,Полиоксидоний 12 мг № 10 суппозитории,Петровакс Фарм НПО ООО,Россия,10 995 ₸,https://europharma.kz/polioksidoniy-12-mg-no-10-suppozitorii,2026-08-13 15:21:33
Лекарственные средства,Спазмолитические препараты,,Тиофлекс 4мг/2мл амп.№6,,,5 520 ₸,https://europharma.kz/tiofleks-4mg2ml-ampno6,2026-08-13 15:21:34
Лекарственные средства,Анальгетики,Анальгетики. Анальгетики – антипиретики другие. Салициловая кислота и ее производные. Ацетилсалициловая кислота,"Ацетилсалициловая кислота 0,5 г, №10, табл.",Татхимфарм,Россия,300 ₸,https://europharma.kz/acetilsalicilovaa-kislota-05-g-no10-tabl-4,2026-08-13 15:21:35
Лекарственные средства,Противовоспалительные средства,,Ибуфен Д форте клубника 200мг/5мл 40мл суспензия для приема внутрь,Медана Фарма АО,Польша,1 780 ₸,https://europharma.kz/ibufen-d-forte-klubnika-200mg5ml-40ml-suspenziya-dlya-priyema-vnutr,2026-08-13 15:21:36
Лекарственные средства,Лечение сердечно-сосудистых заболеваний,,Бисопролол 10 мг №30 табл,Химфарм ФЗ АО,Казахстан,2 295 ₸,https://europharma.kz/bisoprolol-10-mg-no30-tabl-2,2026-08-13 15:21:38
Лекарственные средства,Лечение лор заболеваний,,Аква Марис Плюс 30 мл спрей назальный,Ядран-Галенски Лабораторий а.о.,Хорватия,4 460 ₸,https://europharma.kz/akva-maris-plyus-30-ml-sprey-nazalnyy,2026-08-13 15:21:39
Лекарственные средства,Противовирусные препараты,,Гроприносин ФОРТЕ 1000мг №30 таб,Гедеон Рихтер Польша ООО (Польша),,10 130 ₸,https://europharma.kz/groprinosin-forte-1000mg-no30-tab,2026-08-13 15:21:40
Лекарственные средства,Картан раствор для приема внутрь 100 мг/мл 10 мл № 10 амп,Прочие препараты для лечения заболеваний ЖКТ и нарушения обмена веществ. Аминокислоты и их производные. Левокарнитин.,Картан раствор для приема внутрь 100 мг/мл 10 мл № 10 амп,DEMO S.A. Pharmaceutical,Греция,6 821 ₸,https://europharma.kz/kartan-rastvor-dlya-priyema-vnutr-100-mgml-10-ml-no-10-amp,2026-08-13 15:21:41
Лекарственные средства,Антибиотики,Другие бета-лактамные антибиотики. Цефалоспорины.,"Зоцеф 250 мг, №10, табл.",Алкем Лабораториз Лтд,Индия,2 645 ₸,https://europharma.kz/zocef-250-mg-no10-tabl,2026-08-13 15:21:42
Лекарственные средства,Инъекционные растворы и ампулы,Противоязвенные препараты и препараты для лечения гастроэзофагеального рефлюкса. Ингибиторы протонового насоса. Пантопразол.,"Нольпаза порошок для приготовления р-ра д/и 40 мг, №10, фл.",KRKA d.d.,Словения,23 494 ₸,https://europharma.kz/nolpaza-porosok-dla-prigotovlenia-r-ra-di-40-mg-no10-fl,2026-08-13 15:21:43
Лекарственные средства,Лечение сердечно-сосудистых заболеваний,Снотворные и седативные препараты. Барбитураты в комбинации с другими препаратами.,Корвалол №30,Фармак ОАО,Украина,1 860 ₸,https://europharma.kz/korvalol-no30,2026-08-13 15:21:44
Лекарственные средства,Антибиотики,Антибактериальные препараты прочие. Фосфомицин.,Монурал 3 гр № 1 гран.д/пригот-я р-ра,Замбон Груп С.п.А.,Швейцария,6 670 ₸,https://europharma.kz/monural-3-gr-no-1-grandprigot-ya-r-ra,2026-08-13 15:21:45
Лекарственные средства,Жаропонижающие,,Ибуфен Д форте клубника 200мг/5мл 100мл суспензия для приема внутрь,Медана Фарма АО,Польша,2 920 ₸,https://europharma.kz/ibufen-d-forte-klubnika-200mg5ml-100ml-suspenziya-dlya-priyema-vnutr,2026-08-13 15:21:46
Лекарственные средства,Лечение лор заболеваний,Препараты для лечения обструктивных заболеваний дыхательных путей. Симпатомиметики для системного использования. Симпатомиметики в комбинации с другими препаратами для лечения обструктивных заболеваний дыхательных путей.,Аскорил Экспекторант 100 мл раствор оральный,Гленмарк Фармасьютикалз Лтд,Индия,3 510 ₸,https://europharma.kz/askoril-ekspektorant-100-ml-rastvor-oralnyj,2026-08-13 15:21:47
Лекарственные средства,Инъекционные растворы и ампулы,Код АТХ A11DA01. Витамины. Витамин В1.,Тиамина хлорид 5% 1 мл № 10 амп,Борисовский завод медицинских препаратов ОАО,Беларусь,450 ₸,https://europharma.kz/tiamina-khlorid-5-1-ml-no-10-amp-2,2026-08-13 15:21:48
Лекарственные средства,Лечение лор заболеваний,,Аква Марис Strong 30 мл спрей назальный,Ядран-Галенски Лабораторий а.о.,Хорватия,4 100 ₸,https://europharma.kz/akva-maris-strong-30-ml-sprey-nazalnyy,2026-08-13 15:21:49
Лекарственные средства,Антибиотики,Противомикробные препараты для системного применения. Цефалоспорины.,Таксим-О 200 мг № 10 табл покрытые оболочкой,Алкем Лабораториз Лтд,Индия,5 330 ₸,https://europharma.kz/taksim-o-200-mg-no-10-tabl-pokrytyye-obolochkoy,2026-08-13 15:21:50
Лекарственные средства,Лечение артериального давления,,"Лизиноприл-Тева 10 мг, №30, табл.",Меркле ГмбХ,Германия,1 850 ₸,https://europharma.kz/lizinopril-teva-10-mg-no30-tabl,2026-08-13 15:21:51
Лекарственные средства,Лечение жкт,Кишечные противовоспалительные препараты. Аминосалициловая кислота и аналогичные препараты. Месалазин,"Салофальк 500 мг, №50, табл.",Dr. Falk Pharma GmbH,Германия,15 055 ₸,https://europharma.kz/salofalk-500-mg-no50-tabl,2026-08-13 15:21:52
Лекарственные средства,Лечение лор заболеваний,,"Леденцы от кашля шалфей и мед + витамин С, 75 гр",Доктор Тайсс,Германия,2 075 ₸,https://europharma.kz/ledentsy-ot-kashlya-shalfey-i-med-vitamin-s-75-gr,2026-08-13 15:21:53
Лекарственные средства,Лечение лор заболеваний,,Лоридамин спрей дл горла 30мл,КП Флумед-Фарм,,2 540 ₸,https://europharma.kz/loridamin-sprey-dl-gorla-30ml,2026-08-13 15:21:54
Лекарственные средства,Лечение печени,Препараты для лечения заболеваний печени и желчевыводящих путей. Препараты для лечения заболеваний желчевыводящих путей. Препараты желчных кислот. Урсодезоксихолевая кислота.,"Урсозим 250 мг, №30, капс.",ABDI IBRAHIM,Казахстан,5 420 ₸,https://europharma.kz/ursozim-250-mg-no30-kaps,2026-08-13 15:21:55
Лекарственные средства,Антибиотики,Противомикробные препараты для системного использования. Антибактериальные препараты для системного использования. Бета-лактамные антибактериальные препараты прочие. Цефалоспорины третьего поколения. Цефтриаксон.,Ксон 1 гр № 1 порошок для приготовления раствора для инъекций,Алкем Лабораториз Лтд,Индия,1 975 ₸,https://europharma.kz/kson-1-gr-no-1-poroshok-dlya-prigotovleniya-rastvora-dlya-inyektsiy,2026-08-13 15:21:56
Лекарственные средства,Картан 1 гр/5 мл № 5 амп,Прочие препараты для лечения заболеваний ЖКТ и нарушения обмена веществ. Аминокислоты и их производные.,Картан 1 гр/5 мл № 5 амп,DEMO S.A. Pharmaceutical,Греция,7 495 ₸,https://europharma.kz/kartan-1-gr5-ml-no-5-amp,2026-08-13 15:21:57
Лекарственные средства,Лечение глаз,Препараты для лечения заболеваний глаз. Противомикробные препараты другие. Моксифлоксацин.,"Апдропс 0,5% 5 мл капли глазные",Аджанта Фарма ЛТД,Индия,3 940 ₸,https://europharma.kz/apdrops-05-5-ml-kapli-glaznyye,2026-08-13 15:21:58
Лекарственные средства,Средства от аллергии,Другие препараты для лечения обструктивных заболеваний дыхательных путей для системного использования. Лейкотриеновых рецепторов антагонисты.,"Монкаста 10 мг, №28, табл.",KRKA d.d.,Словения,5 904 ₸,https://europharma.kz/monkasta-10-mg-no28-tabl,2026-08-13 15:21:59
Лекарственные средства,Лечение артериального давления,Гиполипидемические препараты. ГМГ-КОА-редуктазы ингибиторы.,Аторис 40 мг № 30 табл п/плён оболоч,KRKA d.d.,Словения,5 515 ₸,https://europharma.kz/atoris-40-mg-no-30-tabl-pplen-oboloch,2026-08-13 15:22:00
Лекарственные средства,Лечение артериального давления,"Сердечно-сосудистая система. Препараты, влияющие на ренин-ангиотензиновую систему. Ангиотензин-конвертирующего фермента (АКФ) ингибиторы, простые. Фозиноприл.",Фозиноприл-Тева 20мг №28 табл,Zdravle A.D. (SERBIA),,3 445 ₸,https://europharma.kz/fozinopril-teva-20mg-no28-tabl,2026-08-13 15:22:01
Лекарственные средства,Противоастматические препараты,Другие препараты для лечения обструктивных заболеваний дыхательных путей для системного использования. Лейкотриеновых рецепторов антагонисты.,"Монкаста 4 мг, №28, табл.",KRKA d.d.,Словения,4 555 ₸,https://europharma.kz/monkasta-4-mg-no28-tabl,2026-08-13 15:22:04
Лекарственные средства,Инъекционные растворы и ампулы,"Плазмозамещающие и перфузионные растворы. Растворы, влияющие на водно-электролитный баланс. Растворы для внутривенного введения. Электролиты.","Натрия хлорид 0,9% 100 мл флак",Келун-Казфарм (Kelun-Kazpharm),Китай,230 ₸,https://europharma.kz/natriya-khlorid-09-100-ml-flak,2026-08-13 15:22:05
Лекарственные средства,Лечение артериального давления,,"Карлон 5 мг, №60, табл.",Нобел АФФ,Казахстан,1 428 ₸,https://europharma.kz/karlon-5-mg-no60-tabl,2026-08-13 15:22:06
Лекарственные средства,Лечение лор заболеваний,,Лоридамин Форте спрей 30 мл,"КП ""Флумед-Фарм"" ООО",,3 145 ₸,https://europharma.kz/loridamin-forte-sprey-30-ml,2026-08-13 15:22:08
Лекарственные средства,Лечение сахарного диабета,,Форсига 10 мг № 28 табл,АстраЗенека,США,20 054 ₸,https://europharma.kz/forsiga-10-mg-no-28-tabl,2026-08-13 15:22:09
Лекарственные средства,Лечение артериального давления,Ангиотензин-конвертирующего фермента (АКФ) ингибиторы. Лизиноприл,Диротон 5 мг № 28 табл,Гедеон Рихтер ОАО,Венгрия,1 024 ₸,https://europharma.kz/diroton-5-mg-no-28-tabl,2026-08-13 15:22:10
Лекарственные средства,Мужские препараты,,Фертилайф №15 саше,,,19 730 ₸,https://europharma.kz/fertilayf-no15-sashe,2026-08-13 15:22:11
Лекарственные средства,Лечение глаз,,Систейн Баланс 10 мл капли глазные,Alcon-Couvreur,Бельгия,8 605 ₸,https://europharma.kz/sisteyn-balans-10-ml-kapli-glaznyye,2026-08-13 15:22:12
Лекарственные средства,Для повышения иммунитета,Иммуномодуляторы. Интерфероны. Интерферон альфа-2b.,Виферон 1000000 МЕ № 10 суппозит. ректал.,Ферон ООО,Россия,8 275 ₸,https://europharma.kz/viferon-1000000-me-no-10-suppozit-rektal,2026-08-13 15:22:13
Лекарственные средства,Антибиотики,Антибактериальные препараты для системного использования. Пенициллины в комбинации с ингибиторами бета-лактамаз.,"Клавам 156,25 мг/5 мл 100мл порошок для пригот. сусп.",Алкем Лабораториз Лтд,Индия,2 025 ₸,https://europharma.kz/klavam-15625-mg5-ml-100ml-poroshok-dlya-prigot-susp,2026-08-13 15:22:14
Лекарственные средства,Лечение заболеваний мочеполовой системы,,Цистон № 100 табл,Хималайя Драг.компани,,6 110 ₸,https://europharma.kz/tsiston-no-100-tabl,2026-08-13 15:22:15
Лекарственные средства,Для повышения иммунитета,Иммуномодуляторы. Интерфероны. Интерферон альфа-2b.,Виферон 500000 МЕ № 10 суппозит. ректал.,Ферон ООО,Россия,6 250 ₸,https://europharma.kz/viferon-500000-me-no-10-suppozit-rektal,2026-08-13 15:22:16
Лекарственные средства,Антибиотики,Бета-лактамные антибактериальные препараты прочие. Цефалоспорины третьего поколения. Цефтазидим.,"Лемоксол 1 г, №1, пор д/ин",DEMO S.A. Pharmaceutical,Греция,4 865 ₸,https://europharma.kz/lemoksol-1-g-no1-por-din,2026-08-13 15:22:17
Лекарственные средства,Лечение артериального давления,Ангиотензин-конвертирующего фермента (АКФ) ингибиторы. Лизиноприл,"Диротон 20 мг, №28, табл.",Гедеон Рихтер ОАО,Венгрия,2 475 ₸,https://europharma.kz/diroton-20-mg-no28-tabl,2026-08-13 15:22:18
Лекарственные средства,Лечение артериального давления,,"Лизиноприл-Тева 5 мг, №30, табл.",Меркле ГмбХ,Германия,1 670 ₸,https://europharma.kz/lizinopril-teva-5-mg-no30-tabl,2026-08-13 15:22:19
Лекарственные средства,Лечение артериального давления,,Лизиноприл-Тева 5 мг № 50 табл,Меркле ГмбХ,Германия,3 055 ₸,https://europharma.kz/lizinopril-teva-5-mg-no-50-tabl,2026-08-13 15:22:20
Лекарственные средства,Противовирусные препараты,,Грипго №200,Кусум Хелтхер,Индия,19 815 ₸,https://europharma.kz/gripgo-no200,2026-08-13 15:22:21
Лекарственные средства,Лечение сердечно-сосудистых заболеваний,β- адреноблокаторы селективные.,"Нипертен 5 мг, №30, табл покр. оболочкой",KRKA d.d.,Словения,1 560 ₸,https://europharma.kz/niperten-5-mg-no30-tabl-pokr-obolockoj,2026-08-13 15:22:22
Лекарственные средства,Лечение неврологических нарушений,,Мексидол форте 250 мг № 40 табл п/о,,Россия,6 406 ₸,https://europharma.kz/meksidol-forte-250-mg-no-40-tabl-po,2026-08-13 15:22:23
Лекарственные средства,Противоастматические препараты,Другие препараты для лечения обструктивных заболеваний дыхательных путей для системного использования. Лейкотриеновых рецепторов антагонисты.,"Монкаста 5 мг, №28, табл.",KRKA d.d.,Словения,4 715 ₸,https://europharma.kz/monkasta-5-mg-no28-tabl,2026-08-13 15:22:24
Лекарственные средства,Для повышения иммунитета,Иммуномодуляторы,Полиоксидоний 6 мг № 5 лиофилизат д/пригот р-ра,Петровакс Фарм НПО ООО,Россия,11 344 ₸,https://europharma.kz/polioksidoniy-6-mg-no-5-liofilizat-dprigot-r-ra,2026-08-13 15:22:25
Лекарственные средства,Антисептики,,ТЕЙМУРОВА от запаха и пота для ног 50 мл крем-паста,Зеленая Дубрава ЗАО,Россия,1 140 ₸,https://europharma.kz/teymurova-ot-zapakha-i-pota-dlya-nog-50-ml-krem-pasta,2026-08-13 15:22:26
Лекарственные средства,Кожные заболевания,"Дерматология. Препараты для лечения ран и язв. Ранозаживляющие препараты. Ранозаживляющие препараты, другие. Декспантенол.",Пантенол-Тева 5% 35 гр крем в тубе,Ратиофарм ГмбХ,Германия,3 775 ₸,https://europharma.kz/pantenol-teva-5-35-gr-krem-v-tube,2026-08-13 15:22:27
Лекарственные средства,Лечение жкт,"Прочие препараты для лечения заболеваний, связанных с нарушением кислотности","Норвела №30, табл.",Antibiotice S.A.,Корея,6 345 ₸,https://europharma.kz/norvela-no30-tabl,2026-08-13 15:22:28
Лекарственные средства,Противокашлевые препараты,"Респираторная система. Препараты, применяемые при кашле и простудных заболеваниях.Экспекторанты, исключая комбинации с подавляющими кашель.Отхаркивающие препараты. Комбинация отхаркивающих препаратов.","Сироп от кашля-Тева Фито, 200 мл",Merckle GmbH (GERMANY),,4 135 ₸,https://europharma.kz/sirop-ot-kashlya-teva-fito-200-ml,2026-08-13 15:22:29
Лекарственные средства,Лечение артериального давления,Ангиотензин-конвертирующего фермента (АКФ) ингибиторы. Лизиноприл,Диротон 10 мг № 28 табл,Гедеон Рихтер ОАО,Венгрия,1 750 ₸,https://europharma.kz/diroton-10-mg-no-28-tabl,2026-08-13 15:22:30
Лекарственные средства,Лечение глаз,,Неладекс-НС 15 мл спрей наз.,World Medicine Ilac San Ve Tic A.S,,4 730 ₸,https://europharma.kz/neladeks-ns-15-ml-sprey-naz,2026-08-13 15:22:31
Лекарственные средства,Пробиотики и пребиотики,,БЛЮМАКТИВ 7 N20 КАПС,"""Erbozeta S.p.A.""",,8 945 ₸,https://europharma.kz/blyumaktiv-7-n20-kaps,2026-08-13 15:22:32
Лекарственные средства,Антибиотики,Антибактериальные препараты для системного использования. Противомикробные препараты - производные хинолона. Фторхинолоны. Левофлоксацин,Алево 500 мг № 10 табл п/плён оболоч,Алкем Лабораториз Лтд,Индия,5 275 ₸,https://europharma.kz/alevo-500-mg-no-10-tabl-pplen-oboloch,2026-08-13 15:22:33
Лекарственные средства,Для повышения иммунитета,Иммуномодуляторы. Интерфероны. Интерферон альфа-2b.,Виферон 150000 МЕ № 10 суппозит. ректал.,Ферон ООО,Россия,3 960 ₸,https://europharma.kz/viferon-150000-me-no-10-suppozit-rektal,2026-08-13 15:22:34
Лекарственные средства,Лечение головного кровооброщения,Периферические вазодилататоры. Пурины. Пентоксифиллин,Трентал 400 мг № 20 табл,Санофи-Авентис,Франция,3 310 ₸,https://europharma.kz/trental-400-mg-no-20-tabl,2026-08-13 15:22:37
Лекарственные средства,Лечение головного кровооброщения,Периферические вазодилататоры. Пурины. Пентоксифиллин.,Трентал 5 мл № 5 амп,Санофи-Авентис,Франция,3 145 ₸,https://europharma.kz/trental-5-ml-no-5-amp,2026-08-13 15:22:38
Лекарственные средства,Женские препараты,,Мамма гель 50 г,Vita Vent,Казахстан,5 355 ₸,https://europharma.kz/mamma-gel-50-g,2026-08-13 15:22:39
Лекарственные средства,Противогрибковые средства,Противогрибковые препараты для системного использования. Триазола производные. Флуконазол,"Микосист 150 мг, №2, капс.",Гедеон Рихтер ОАО,Венгрия,5 295 ₸,https://europharma.kz/mikosist-150-mg-no2-kaps,2026-08-13 15:22:41
Лекарственные средства,Лечение артериального давления,Сердечно-сосудистая система. Бета-адреноблокаторы. Бета-адреноблокаторы селективные. Бисопролол.,"Бисопролол-Тева 10 мг, №30, табл.",Меркле ГмбХ,Германия,2 705 ₸,https://europharma.kz/bisoprolol-teva-10-mg-no30-tabl,2026-08-13 15:22:42
Лекарственные средства,Противоастматические препараты,Препараты для лечения обструктивных заболеваний дыхательных путей. Симпатомиметики ингаляционные. Бета2- адреностимуляторы селективные.,Вентолин 100 мкг/доза 200 доз аэрозоль для ингаляций дозированный,Glaxo Wellcome,Египет,1 710 ₸,https://europharma.kz/ventolin-100-mkgdoza-200-doz-aerozol-dlya-ingalyatsiy-dozirovannyy,2026-08-13 15:22:43
Лекарственные средства,Лечение геморроя,Местные гемостатики,Натальсид 250 мг № 10 суппозит. ректал.,Stada Arzneimittel AG,Россия,5 095 ₸,https://europharma.kz/natalsid-250-mg-no-10-suppozit-rektal,2026-08-13 15:22:44
Лекарственные средства,Лечение жкт,,Эмигил сусп.200 мг/5 мл 100 мл,Brawn Laboratories Limited,,2 130 ₸,https://europharma.kz/emigil-susp200-mg5-ml-100-ml,2026-08-13 15:22:45
Лекарственные средства,Лечение артериального давления,Сердечно-сосудистая система. Бета-адреноблокаторы. Бета-адреноблокаторы селективные. Бисопролол.,"Бисопролол-Тева 5 мг, №50, табл.",Меркле ГмбХ,Германия,2 840 ₸,https://europharma.kz/bisoprolol-teva-5-mg-no50-tabl,2026-08-13 15:22:46
Лекарственные средства,Противогрибковые средства,Противогрибковые препараты для системного использования. Триазола производные. Флуконазол,Микосист 150мг № 1 капс,Гедеон Рихтер ОАО,Венгрия,2 590 ₸,https://europharma.kz/mikosist-150mg-no-1-kaps,2026-08-13 15:22:47
Лекарственные средства,Лечение лор заболеваний,Респираторная система. Назальные препараты. Деконгестанты и другие назальные препараты для местного применения. Симпатомиметики. Ксилометазолин.,"Риномарис Адванс 0,1% 10 мл спрей назальный",Ядран-Галенски Лабораторий а.о.,Хорватия,4 075 ₸,https://europharma.kz/rinomaris-advans-01-10-ml-sprey-nazalnyy,2026-08-13 15:22:48
Лекарственные средства,Мужские препараты,"Препараты, применяемые при доброкачественной гиперплазии предстательной железы, ингибитор 5 альфа-редуктазы тестостерона",Пенестер 5 мг № 30 табл,Stada Arzneimittel AG,Словакия,5 380 ₸,https://europharma.kz/penester-5-mg-no-30-tabl,2026-08-13 15:22:50
Лекарственные средства,Лечение лор заболеваний,,"Ангисептин 25 мл, спрей для местного применения (1,2 мг+0,6 мг)/1мл","ООО ""Рубикон"", Республика Беларусь",,2 925 ₸,https://europharma.kz/angiseptin-25-ml-sprey-dlya-mestnogo-primeneniya-12-mg06-mg1ml,2026-08-13 15:22:51
Лекарственные средства,Гормональные препараты,Половые гормоны и модуляторы половой системы. Гормональные контрацептивы для системного использования. Прогестагены и эстрогены (фиксированные сочетания). Левоноргестрел и эстрогены,Ригевидон № 21 табл покрытые оболочкой,Гедеон Рихтер ОАО,Венгрия,1 825 ₸,https://europharma.kz/rigevidon-no-21-tabl-pokrytyye-obolochkoy,2026-08-13 15:22:52
Лекарственные средства,Лечение артериального давления,Сердечно-сосудистая система. Бета-адреноблокаторы. Бета-адреноблокаторы селективные. Бисопролол.,Бисопролол-Тева 10 мг № 50 табл.,Меркле ГмбХ,Германия,3 305 ₸,https://europharma.kz/bisoprolol-teva-10-mg-no-50-tabl,2026-08-13 15:22:53
Лекарственные средства,Противоастматические препараты,,"Пульмикорт 0,25 мг/мл 2 мл 20 порошок для ингаляций дозированный",АстраЗенека,Швеция,16 695 ₸,https://europharma.kz/pulmikort-025-mgml-2-ml-20-poroshok-dlya-ingalyatsiy-dozirovannyy,2026-08-13 15:22:54
Лекарственные средства,Препараты урологии и гинекологии,Антибактериальные препараты для системного использования. Производные имидазола. Метронидазол.,"Метрогил 0,5% 100 мл раствор для инфузий",Unique Pharmaceutical Laboratories,Индия,505 ₸,https://europharma.kz/metrogil-05-100-ml-rastvor-dlya-infuziy,2026-08-13 15:22:55
Лекарственные средства,Антибиотики,Антибактериальные препараты для местного применения. Тетрациклин и его производные.Тетрациклин.,Тетрациклиновая-АКОС 3% 15 г мазь,Синтез Акционерное Курган,Россия,440 ₸,https://europharma.kz/tetratsiklinovaya-akos-3-15-g-maz,2026-08-13 15:22:56
Лекарственные средства,Анальгетики,Препараты для лечения заболеваний нервной системы. Анестетики местные. Амиды. Лидокаин,"Лидокаина гидрохлорид DF 10 мг/ мл 3,5 мл № 5 амп",Досфарм,Казахстан,1 035 ₸,https://europharma.kz/lidokaina-gidrokhlorid-df-10-mg-ml-35-ml-no-5-amp,2026-08-13 15:22:57
Лекарственные средства,Для повышения иммунитета,Иммуномодуляторы. Интерфероны. Интерферон альфа-2b.,Виферон 3000000 МЕ № 10 суппозит. ректал.,Ферон ООО,Россия,14 335 ₸,https://europharma.kz/viferon-3000000-me-no-10-suppozit-rektal,2026-08-13 15:22:58
Лекарственные средства,Лечение лор заболеваний,,Аква Марис БЕБИ для детей 50 мл спрей назальный,Ядран-Галенски Лабораторий а.о.,Хорватия,3 675 ₸,https://europharma.kz/akva-maris-bebi-dlya-detey-50-ml-sprey-nazalnyy,2026-08-13 15:22:59
Лекарственные средства,Лечение лор заболеваний,,Лорофлю 20 мл спрей для горла,Рижская Фармацевтическая фабрика,Латвия,2 960 ₸,https://europharma.kz/loroflyu-20-ml-sprey-dlya-gorla,2026-08-13 15:23:00
Лекарственные средства,Лечение лор заболеваний,,"Синомарин Нео 5 мл, №18, для грудных детей",Геролиматис ПНГ,Греция,5 820 ₸,https://europharma.kz/sinomarin-neo-5-ml-no18-dlya-grudnykh-detey,2026-08-13 15:23:01
Лекарственные средства,Рецептурные препараты,Блокаторы «медленных» кальциевых каналов селективные.,"Нитресан 20 мг, №30, капс.",Пром.Мед.Прага,Чешская республика,3 676 ₸,https://europharma.kz/nitresan-20-mg-no30-kaps,2026-08-13 15:23:02
Лекарственные средства,Противовоспалительные средства,Анальгетики-антипиретики другие. Парацетамол в комбинации с другими препаратами (исключая психолептики).,Фервекс+ витамин С № 8 пакетики,УПСА,Франция,3 525 ₸,https://europharma.kz/ferveks-vitamin-s-no-8-paketiki,2026-08-13 15:23:03
Лекарственные средства,Антибиотики,Противомикробные препараты для системного использования.,Таксим-О-Форте 100 мг/ 5 мл 60 мл порошок для пригот. сусп.,Алкем Лабораториз Лтд,Индия,3 330 ₸,https://europharma.kz/taksim-o-forte-100-mg-5-ml-60-ml-poroshok-dlya-prigot-susp,2026-08-13 15:23:04
Лекарственные средства,Лечение артериального давления,"Препараты, влияющие на систему ренин-ангиотензин.","Ко-Пренесса 8мг/2,5 мг №30 табл",KRKA d.d.,Словения,4 578 ₸,https://europharma.kz/ko-prenessa-8mg25-mg-no30-tabl,2026-08-13 15:23:05
Лекарственные средства,Лечение артериального давления,Сердечно-сосудистая система. Бета-адреноблокаторы. Бета-адреноблокаторы селективные. Бисопролол.,Бисопролол-Тева 5 мг № 30 табл.,Меркле ГмбХ,Германия,2 075 ₸,https://europharma.kz/bisoprolol-teva-5-mg-no-30-tabl,2026-08-13 15:23:06
Лекарственные средства,Противогрибковые средства,Противогрибковые препараты для системного использования. Триазола производные. Флуконазол,"Микосист 50 мг, №7, капс.",Гедеон Рихтер ОАО,Венгрия,4 760 ₸,https://europharma.kz/mikosist-50-mg-no7-kaps,2026-08-13 15:23:07
Лекарственные средства,Для повышения иммунитета,Противоопухолевые препараты и иммуномодуляторы. Прочие иммуностимуляторы.,"Деринат 0,25 % 10 мл раствор д/местного прим-я",Техномедсервис Фармацевти,Россия,8 275 ₸,https://europharma.kz/derinat-025-10-ml-rastvor-dmestnogo-prim-ya,2026-08-13 15:23:08
Лекарственные средства,Средства от аллергии,Антигистаминные препараты системного действия. Производные пиперазина. Цетиризин.,Зиртек 1% 10 мл капли,ЮСБ фаршим,Швейцария,4 655 ₸,https://europharma.kz/zirtek-1-10-ml-kapli,2026-08-13 15:23:11
Лекарственные средства,Антибиотики,Антибактериальные препараты для системного использования. Пенициллины в комбинации с ингибиторами бета-лактамаз. Клавулановая кислота + амоксициллин.,Аугментин 500 мг/125 мг № 14 табл п/плён оболоч,Смит Кляйн Бичем Консьюме,Великобритания,3 660 ₸,https://europharma.kz/augmentin-500-mg125-mg-no-14-tabl-pplen-oboloch,2026-08-13 15:23:12
Лекарственные средства,Лечение заболеваний опорно-двигательного аппарата,,Долгит Крем 150 гр,Долоргит ГмбХ и Ко. КГ Германия,,5 470 ₸,https://europharma.kz/dolgit-krem-150-gr,2026-08-13 15:23:13
Лекарственные средства,Лечение лор заболеваний,,Марисоль пантенол спрей назальный 50 мл,Esensa D.O.O,,2 535 ₸,https://europharma.kz/marisol-pantenol-sprey-nazalnyy-50-ml,2026-08-13 15:23:14
Лекарственные средства,Средства от аллергии,,"Фексет 180 мг, №20, табл.",Гетц Фарма Пакистан Пвт Л,Пакистан,5 105 ₸,https://europharma.kz/fekset-180-mg-no20-tabl,2026-08-13 15:23:15
Лекарственные средства,Лечение заболеваний опорно-двигательного аппарата,Нестероидные противовоспалительные препараты другие.,"Хондрогард 100 мг/мл, №10, р-р для инъекций",Сотекс ФармФирма ЗАО,Италия,7 284 ₸,https://europharma.kz/khondrogard-100-mgml-no10-r-r-dlya-inyektsiy,2026-08-13 15:23:16
Лекарственные средства,Слабительные препараты,,"Слабительный (фито-чай ""Белла"") 1,5 №20 шт","ТОО ""EVA-PHYTO""",,560 ₸,https://europharma.kz/slabitelnyy-fito-chay-bella-15-no20-sht,2026-08-13 15:23:17
Лекарственные средства,Кожные заболевания,,"Акридерм ГК 15г., крем",Акрихин АО Россия,Россия,4 160 ₸,https://europharma.kz/akriderm-gk-15g-krem,2026-08-13 15:23:18
Лекарственные средства,Антибиотики,Антибактериальные препараты для системного использования. Противомикробные препараты – производные хинолона. Фторхинолоны. Офлоксацин.,Офло 2 мг/мл 100 мл раствор для инфузий,Unique Pharmaceutical Laboratories,Индия,1 950 ₸,https://europharma.kz/oflo-2-mgml-100-ml-rastvor-dlya-infuziy,2026-08-13 15:23:20
Лекарственные средства,Лечение лор заболеваний,Назальные препараты. Антиконгестанты и другие назальные препараты для местного применения. Симпатомиметики в комбинации с другими препаратами (исключая глюкокортикостероиды). Ксилометазолин в комбинации с другими препаратами.,Септаназал для детей 10 мл спрей,KRKA d.d.,Словения,2 180 ₸,https://europharma.kz/septanazal-dlya-detey-10-ml-sprey,2026-08-13 15:23:21
Лекарственные средства,Лечение геморроя,Ангиопротекторы. Гепарин-содержащие препараты для местного применения. Гепарин в комбинации с другими препаратами.,Проктозан Нео № 10 суппозит. ректал.,Хемофарм А.Д,,4 575 ₸,https://europharma.kz/proktozan-neo-no-10-suppozit-rektal,2026-08-13 15:23:22
Лекарственные средства,Лечение артериального давления,"Препараты для лечения заболеваний сердечно-сосудистой системы. Блокаторы ""медленных"" кальциевых каналов. Блокаторы ""медленных"" кальциевых каналов селективные. Дигидропиридиновые производные. Амлодипин.",Нормодипин 10 мг № 30 табл.,Гедеон Рихтер ОАО,Венгрия,5 350 ₸,https://europharma.kz/normodipin-10-mg-no-30-tabl,2026-08-13 15:23:23
Лекарственные средства,Антибиотики,,Атрикс 1 гр № 1 порошок для приготовления раствора для инъекций,Mitim s.r.l.,Италия,3 128 ₸,https://europharma.kz/atriks-1-gr-no-1-poroshok-dlya-prigotovleniya-rastvora-dlya-inyektsiy,2026-08-13 15:23:24
Лекарственные средства,Лечение геморроя,Гепаринсодержащие препараты для местного применения. Гепарин в комбинации с другими препаратами.,Проктозан Нео мазь 20 гр,Хемофарм А.Д,,4 205 ₸,https://europharma.kz/proktozan-neo-maz-20-gr,2026-08-13 15:23:25
Лекарственные средства,Кожные заболевания,"Дерматология. Кортикостероиды, дерматологические препараты. Кортикостероиды, простые. Кортикостероиды с выраженной активностью. Бетаметазон.","Белодерм 0,05%, 30 гр, мазь",Belupo,Хорватия,2 575 ₸,https://europharma.kz/beloderm-005-30-gr-maz,2026-08-13 15:23:26
Лекарственные средства,Пробиотики и пребиотики,Противодиарейные препараты. Кишечные противомикробные и противовоспалительные препараты. Прочие кишечные противомикробные препараты. Нифуроксазид.,"Энтерофурил 200 мг/5 мл суспензия, 90 мл",Босналек АО,Босния и герцеговина,2 785 ₸,https://europharma.kz/enterofuril-200-mg5-ml-suspenziya-90-ml,2026-08-13 15:23:27
Лекарственные средства,Лечение лор заболеваний,Назальные препараты. Антиконгестанты и другие назальные препараты для местного применения. Симпатомиметики в комбинации с другими препаратами (исключая глюкокортикостероиды). Ксилометазолин в комбинации с другими препаратами.,Септаназал д/взрослых 10 мл спрей,KRKA d.d.,Словения,2 180 ₸,https://europharma.kz/septanazal-dvzroslykh-10-ml-sprey,2026-08-13 15:23:28
Лекарственные средства,Средства от аллергии,,"Фексет 60 мг, №20, табл.",Гетц Фарма Пакистан Пвт Л,Пакистан,3 055 ₸,https://europharma.kz/fekset-60-mg-no20-tabl,2026-08-13 15:23:29
Лекарственные средства,Лечение сердечно-сосудистых заболеваний,,"Ай-Болит при ушибах и синяках 30 гр, крем",БиоНатурика ООО,Россия,1 930 ₸,https://europharma.kz/ay-bolit-pri-ushibakh-i-sinyakakh-30-gr-krem,2026-08-13 15:23:30
Лекарственные средства,Средства от аллергии,,"Фексет 120 мг, №20, табл.",Гетц Фарма Пакистан Пвт Л,Пакистан,4 175 ₸,https://europharma.kz/fekset-120-mg-no20-tabl,2026-08-13 15:23:31
Лекарственные средства,Лечение жкт,Противодиарейные препараты. Кишечные противомикробные и противовоспалительные препараты. Прочие кишечные противомикробные препараты. Нифуроксазид.,"Энтерофурил 200 мг №16,капс",Босналек АО,Босния и герцеговина,1 590 ₸,https://europharma.kz/enterofuril-200-mg-no16kaps,2026-08-13 15:23:32
Лекарственные средства,Лечение головного кровооброщения,Нервная система. Препараты для лечения заболеваний нервной системы другие. Средства для устранения головокружения. Бетагистин.,"Бетагистин-ртф 16 мг, №30, табл.",Ратиофарм ГмбХ,Германия,3 672 ₸,https://europharma.kz/betagistin-rtf-16-mg-no30-tabl,2026-08-13 15:23:33
Лекарственные средства,Препараты урологии и гинекологии,Противомикробные препараты для местного применения.,Метрогил 1% 30 гр гель для наружного применения,Unique Pharmaceutical Laboratories,Индия,1 960 ₸,https://europharma.kz/metrogil-1-30-gr-gel-dlya-naruzhnogo-primeneniya,2026-08-13 15:23:34
Лекарственные средства,Противокашлевые препараты,,Аскорил Экспекторант без сахара 200 мл р-р для приема внутрь,Гленмарк Фармасьютикалз Лтд,,4 780 ₸,https://europharma.kz/askoril-ekspektorant-bez-sakhara-200-ml-r-r-dlya-priyema-vnutr,2026-08-13 15:23:35
Лекарственные средства,"Секразол 30 мг, №20, табл.",Препараты для устранения симптомов простуды и кашля.,"Секразол 30 мг, №20, табл.",Нобел АФФ,Казахстан,1 190 ₸,https://europharma.kz/sekrazol-30-mg-no20-tabl,2026-08-13 15:23:36
Лекарственные средства,Лечение печени,,Урсодекс ® Форте капсулы 500мг №30,"АО «Химфарм», Республика Казахстан, г. Шымкент, у",,11 450 ₸,https://europharma.kz/ursodeks-forte-kapsuly-500mg-no30,2026-08-13 15:23:37
Лекарственные средства,Противовирусные препараты,,Осельтамивир NOBEL® 75 мг №10 капсулы,Нобел АФФ,,5 950 ₸,https://europharma.kz/oseltamivir-nobel-75-mg-no10-kapsuly,2026-08-13 15:23:38
Лекарственные средства,Лечение сердечно-сосудистых заболеваний,,"Мальтофер 10 мг/мл, 150 мл сироп",0,,6 025 ₸,https://europharma.kz/maltofer-10-mgml-150-ml-sirop,2026-08-13 15:23:39
Лекарственные средства,Лечение лор заболеваний,,Аква Марис Классик 30 мл спрей назальный,Ядран-Галенски Лабораторий а.о.,Хорватия,3 460 ₸,https://europharma.kz/akva-maris-klassik-30-ml-sprey-nazalnyy,2026-08-13 15:23:40
Лекарственные средства,От паразитов,,Эмигил табл. 500 мг №10,Brawn Laboratories Limited,,1 255 ₸,https://europharma.kz/emigil-tabl-500-mg-no10,2026-08-13 15:23:41
Лекарственные средства,Лечение артериального давления,Блокаторы «медленных» кальциевых каналов. Блокаторы «медленных» кальциевых каналов в комбинации с диуретиками. Амлодипин и диуретики.,"Арифам 1,5 мг/5 мг № 30 табл п/плён оболоч",Сервье Ле Лаборатуар,Франция,5 795 ₸,https://europharma.kz/arifam-15-mg5-mg-no-30-tabl-pplen-oboloch,2026-08-13 15:23:44
Лекарственные средства,Антибиотики,Антибактериальные препараты для системного использования. Противомикробные препараты – производные хинолона. Фторхинолоны. Ципрофлоксацин.,Ципролет 250 мг № 10 табл покрытые оболочкой,Dr.Reddy`s Laboratories L,Индия,1 095 ₸,https://europharma.kz/tsiprolet-250-mg-no-10-tabl-pokrytyye-obolochkoy,2026-08-13 15:23:45
Лекарственные средства,Средства от аллергии,Препараты для лечения заболеваний респираторной системы. Антигистаминные препараты системного действия. Производные пиперазина. Левоцитеризин.,Левосетил 5 мг № 20 табл,Уорлд Медицин Илач Сан.Ве Тидж А.Ш,Турция,3 435 ₸,https://europharma.kz/levosetil-5-mg-no-20-tabl,2026-08-13 15:23:46
Лекарственные средства,Лечение заболеваний мочеполовой системы,Препараты для лечения заболеваний глаз. Противоглаукомные препараты и миотики. Ингибиторы карбоангидразы. Ацетазоламид.,Диакарб 250 мг № 30 табл.,Польфарма ФЗ АО,Польша,3 210 ₸,https://europharma.kz/diakarb-250-mg-no-30-tabl,2026-08-13 15:23:47
Лекарственные средства,Лечение почек,«Петлевые» диуретики. Сульфаниламидные диуретики. Фуросемид.,Фуросемид 40 мг № 50 табл,Борисовский завод медицинских препаратов ОАО,Беларусь,315 ₸,https://europharma.kz/furosemid-40-mg-no-50-tabl,2026-08-13 15:23:48
Лекарственные средства,Пробиотики и пребиотики,,Бак сет форте №20 капс,Probiotics International Ltd. Lopen Head.South Pet,,6 430 ₸,https://europharma.kz/bak-set-forte-no20-kaps,2026-08-13 15:23:49
Лекарственные средства,Лечение жкт,,Укропная вода капли Bumbala 15 мл,0,Россия,1 905 ₸,https://europharma.kz/ukropnaya-voda-kapli-bumbala-15-ml,2026-08-13 15:23:50
Лекарственные средства,Лечение печени,,Лив-52 № 100 табл,Хималайя Драг.компани,Индия,4 710 ₸,https://europharma.kz/liv-52-no-100-tabl,2026-08-13 15:23:51
Лекарственные средства,Противокашлевые препараты,Препараты для устранения симптомов простуды и кашля. Комбинация отхаркивающих препаратов.,Беллс от кашля 100 мл сироп,Novomed Pharma Pvt. Ltd.,Индия,2 030 ₸,https://europharma.kz/bells-ot-kashlya-100-ml-sirop,2026-08-13 15:23:52
Лекарственные средства,Гормональные препараты,Половые гормоны и модуляторы половой системы. Гормональные контрацептивы для системного использования. Прогестагены и эстрогены (фиксированные сочетания). Гестоден и эстрогены,"Линдинет 20 мг, №21, табл.",Гедеон Рихтер ОАО,Венгрия,3 455 ₸,https://europharma.kz/lindinet-20-mg-no21-tabl,2026-08-13 15:23:53
Лекарственные средства,Лечение артериального давления,Блокаторы «медленных» кальциевых каналов. Блокаторы «медленных» кальциевых каналов в комбинации с диуретиками. Амлодипин и диуретики.,"Арифам 1,5 мг/10 мг № 30 табл п/плён оболоч",Сервье Ле Лаборатуар,Франция,5 580 ₸,https://europharma.kz/arifam-15-mg10-mg-no-30-tabl-pplen-oboloch,2026-08-13 15:23:54
Лекарственные средства,Средства от аллергии,Антигистаминные препараты системного действия.,Зодак 10 мг/ мл 20 мл капли,Зентива а.с.,Чешская республика,4 100 ₸,https://europharma.kz/zodak-10-mg-ml-20-ml-kapli,2026-08-13 15:23:55
Лекарственные средства,Лечение жкт,,"Лактоспей Дропс 10 мл , бут",O.F.I Officina Farm,,7 115 ₸,https://europharma.kz/laktospey-drops-10-ml-but,2026-08-13 15:23:56
Лекарственные средства,Лечение жкт,Стимуляторы моторики желудочно-кишечного тракта,"Церулин 0,5% раствор д/ инъекций 2 мл № 10 амп",Химфарм ФЗ АО,Казахстан,1 725 ₸,https://europharma.kz/tserulin-05-rastvor-d-inyektsiy-2-ml-no-10-amp,2026-08-13 15:23:57
Лекарственные средства,Противовоспалительные средства,,Горчичники Советский стандарт пакеты №10,"OOO ""CHORIPLAST""",,315 ₸,https://europharma.kz/gorchichniki-sovetskiy-standart-pakety-no10,2026-08-13 15:23:58
Лекарственные средства,Инъекционные растворы и ампулы,,Глюкоза 5% 100 мл флак,Келун-Казфарм (Kelun-Kazpharm),Казахстан,200 ₸,https://europharma.kz/glyukoza-5-100-ml-flak,2026-08-13 15:23:59
Лекарственные средства,Лечение жкт,"Пищеварительный тракт и обмен веществ. Препараты, способствующие пищеварению, включая ферменты. Ферментные препараты. Панкреатин",Креон 25000 ЕД 300 мг № 50 капс покр к/р оболоч,Эбботт Продактс ГмбХ,Германия,12 515 ₸,https://europharma.kz/kreon-25000-yed-300-mg-no-50-kaps-pokr-kr-oboloch,2026-08-13 15:24:00
Лекарственные средства,Кожные заболевания,,"Акридерм Гента 15г., крем",Акрихин АО Россия,Россия,1 920 ₸,https://europharma.kz/akriderm-genta-15g-krem,2026-08-13 15:24:01
Лекарственные средства,Лечение артериального давления,Периферические вазодилататоры. Производные пурина,"Пентоксифиллин 2%, 5 мл, №5, амп.",Химфарм ФЗ АО,Казахстан,1 950 ₸,https://europharma.kz/pentoksifillin-2-5-ml-no5-amp,2026-08-13 15:24:02
Лекарственные средства,Препараты урологии и гинекологии,Антибактериальные препараты для системного использования. Другие антибактериальные препараты. Производные имидазола. Метронидазол.,"Трихопол 0,5%, 100 мл, раствор, для в/в",Польфарма ФЗ АО,Польша,1 070 ₸,https://europharma.kz/trihopol-05-100-ml-rastvor-dla-vv,2026-08-13 15:24:03
Лекарственные средства,Слабительные препараты,,"ГЛИЦ для взрослых, рект. суппозитории. 2500 мг № 12",Antibiotice S.A.,,2 875 ₸,https://europharma.kz/glits-dlya-vzroslykh-rekt-suppozitorii-2500-mg-no-12,2026-08-13 15:24:04
Лекарственные средства,"Кетопрофен 2,5% 50 гр гель для н/п",Препараты для местного лечения заболеваний опорно-двигательного аппарата. Нестероидные противовоспалительные препараты для местного применения. Кетопрофен.,"Кетопрофен 2,5% 50 гр гель для н/п",Ветпром АД,Болгария,1 310 ₸,https://europharma.kz/ketoprofen-25-50-gr-gel-dlya-np,2026-08-13 15:24:05
Лекарственные средства,Женские препараты,Другие препараты для лечения гинекологических заболеваний.,Биоселак № 10 вагин. капсулы,ИБСС Биомед С.А.,Польша,6 605 ₸,https://europharma.kz/bioselak-no-10-vagin-kapsuly,2026-08-13 15:24:06
Лекарственные средства,Лечение почек,,Уринал Кидс сироп во флаконе 150 мл,"Walmark, a.s.",,4 790 ₸,https://europharma.kz/urinal-kids-sirop-vo-flakone-150-ml,2026-08-13 15:24:07
Лекарственные средства,Противокашлевые препараты,Препараты для устранения симптомов простуды и кашля. Другие комбинации препаратов для устранения симптомов простуды.,"Беллс ананас(классический) №16, пастилки",Novomed Pharma Pvt. Ltd.,Индия,1 695 ₸,https://europharma.kz/bells-ananasklassiceskij-no16-pastilki,2026-08-13 15:24:08
Лекарственные средства,От паразитов,"Антигельминтные препараты. Препараты, для лечения нематодоза. Бензимидазола производные. Албендазол.",Гелмадол 200 мг № 2 табл п/плён оболоч,Е.И.П.И.Ко.,Египет,3 630 ₸,https://europharma.kz/gelmadol-200-mg-no-2-tabl-pplen-oboloch,2026-08-13 15:24:09
Лекарственные средства,Пробиотики и пребиотики,,Бак сет Бэби №10 саше,Probiotics International Ltd. Lopen Head.South Pet,,6 830 ₸,https://europharma.kz/bak-set-bebi-no10-sase,2026-08-13 15:24:10
Лекарственные средства,Пробиотики и пребиотики,,Бак сет форте №10 капс,Probiotics International Ltd. Lopen Head.South Pet,,4 385 ₸,https://europharma.kz/bak-set-forte-no10-kaps,2026-08-13 15:24:11
Лекарственные средства,Лечение сердечно-сосудистых заболеваний,,Клопидогрель Вива Фарм 75 мг № 14 табл п/о,Вива Фарм ТОО,,2 490 ₸,https://europharma.kz/klopidogrel-viva-farm-75-mg-no-14-tabl-po,2026-08-13 15:24:12
Лекарственные средства,Лечение головного кровооброщения,Психоаналептики. Психостимуляторы и ноотропы. Психостимуляторы и ноотропы другие,Кортексин 10 мг № 10 лиофилизат д/пригот р-ра,Герофарм ООО,Россия,17 105 ₸,https://europharma.kz/korteksin-10-mg-no-10-liofilizat-dprigot-r-ra,2026-08-13 15:24:13
Лекарственные средства,Препараты урологии и гинекологии,Антипротозойные препараты. Нитроимидазола производные.,Секнидокс 1 гр № 2 табл,Лаборатории Бэйли-Креат,Франция,4 320 ₸,https://europharma.kz/seknidoks-1-gr-no-2-tabl,2026-08-13 15:24:16
Лекарственные средства,Лечение жкт,,Одестон форте 400мг №50 таб.,"Адамед Фарма, Польша",,17 350 ₸,https://europharma.kz/odeston-forte-400mg-no50-tab,2026-08-13 15:24:17
Лекарственные средства,Лечение лор заболеваний,,Пародиум для десен 50 мл гель,Pierre Fabre Medicament,Франция,4 370 ₸,https://europharma.kz/parodium-dlya-desen-50-ml-gel,2026-08-13 15:24:18
Лекарственные средства,Анальгетики,"Костно-мышечная система. Противовоспалительные и противоревматические препараты. Противовоспалительные и противоревматические препараты, нестероидные.Пропионовой кислоты производные. Ибупрофен.",Ибупрофен-Тева 200 мг № 50 табл покрытые оболочкой,Ратиофарм ГмбХ,Германия,2 760 ₸,https://europharma.kz/ibuprofen-teva-200-mg-no-50-tabl-pokrytyye-obolochkoy,2026-08-13 15:24:19
Лекарственные средства,Противокашлевые препараты,Муколитическое средство.,Амбросан 30 мг № 20 табл.,Пром.Мед.Прага,Чешская республика,1 520 ₸,https://europharma.kz/ambrosan-30-mg-no-20-tabl,2026-08-13 15:24:20
Лекарственные средства,Лечение неврологических нарушений,,Пантогам 100 мг/мл 100 мл сироп,Пик-Фарма ООО,Россия,7 470 ₸,https://europharma.kz/pantogam-100-mgml-100-ml-sirop,2026-08-13 15:24:21
Лекарственные средства,Анальгетики,"Костно-мышечная система. Противовоспалительные и противоревматические препараты. Противовоспалительные и противоревматические препараты, нестероидные.Пропионовой кислоты производные. Ибупрофен.","Ибупрофен-ртф 400 мг, №20, табл., покрытые оболочкой",Ратиофарм ГмбХ,Германия,10 971 ₸,https://europharma.kz/ibuprofen-rtf-400-mg-no20-tabl-pokrytye-obolockoj,2026-08-13 15:24:22
Лекарственные средства,Противокашлевые препараты,Препараты для устранения симптомов простуды и кашля. Другие комбинации препаратов для устранения симптомов простуды.,"Беллс мед-лимон №16, пастилки",Novomed Pharma Pvt. Ltd.,Индия,1 610 ₸,https://europharma.kz/bells-med-limon-no16-pastilki,2026-08-13 15:24:24
Лекарственные средства,Лечение сердечно-сосудистых заболеваний,"Периферические вазодилататоры для лечения заболеваний сердца, органические нитраты.",Моносан 40 мг № 30 табл,Пром.Мед.Прага,Чешская республика,1 660 ₸,https://europharma.kz/monosan-40-mg-no-30-tabl,2026-08-13 15:24:24
Лекарственные средства,Анальгетики,Нервная система. Анальгетики. Антимигренозные препараты. Cелективные агонисты серотониновых 5HT1-рецепторов. Суматриптан.,Сумамигрен 50 мг № 2 табл покрытые оболочкой,Польфарма ФЗ АО,Польша,3 440 ₸,https://europharma.kz/sumamigren-50-mg-no-2-tabl-pokrytyye-obolochkoy,2026-08-13 15:24:26
Лекарственные средства,Антибиотики,Противомикробные препараты для системного применения.,Бисептрим 480 мг № 20 табл.,Химфарм ФЗ АО,Казахстан,2 405 ₸,https://europharma.kz/biseptrim-480-mg-no-20-tabl,2026-08-13 15:24:27
Лекарственные средства,Лечение жкт,"Пищеварительный тракт и обмен веществ. Препараты для лечения функциональных желудочно-кишечных расстройств. Препараты, для лечения функциональных расстройств кишечника. Синтетические холиноболкаторы — эфиры с третичной аминогруппой. Мебеверин.",Дюспаталин 200 мг № 15 капс,Майлан Лабораториз САС,Франция,4 695 ₸,https://europharma.kz/dyuspatalin-200-mg-no-15-kaps,2026-08-13 15:24:28
Лекарственные средства,Средства от аллергии,Респираторная система. Антигистаминные препараты системного действия. Производные пиперазина. Цетиризин.,Зодак 10 мг № 30 табл покрытые оболочкой,Зентива а.с.,Чешская республика,5 005 ₸,https://europharma.kz/zodak-10-mg-no-30-tabl-pokrytyye-obolochkoy,2026-08-13 15:24:29
Лекарственные средства,Антибиотики,,"Азитро 250 мг, №6, капс.",Химфарм ФЗ АО,Казахстан,2 880 ₸,https://europharma.kz/azitro-250-mg-no6-kaps,2026-08-13 15:24:30
Лекарственные средства,Антибиотики,Антибактериальные препараты для системного использования. Противомикробные препараты – производные хинолона. Фторхинолоны. Ципрофлоксацин.,Цифран 500 мг № 10 табл п/плён оболоч,Сан Фармасьютикал Инд Лтд,Индия,1 545 ₸,https://europharma.kz/tsifran-500-mg-no-10-tabl-pplen-oboloch,2026-08-13 15:24:31
Лекарственные средства,Анальгетики,"Костно-мышечная система. Противовоспалительные и противоревматические препараты. Противовоспалительные и противоревматические препараты, нестероидные.Пропионовой кислоты производные. Ибупрофен.","Ибупрофен-Тева 200 мг, №20, табл., покрытые оболочкой",Ратиофарм ГмбХ,Германия,1 785 ₸,https://europharma.kz/ibuprofen-teva-200-mg-no20-tabl-pokrytye-obolockoj,2026-08-13 15:24:32
Лекарственные средства,Препараты урологии и гинекологии,,Трихопол 250 мг № 20 табл.,Польфарма ФЗ АО,Польша,1 580 ₸,https://europharma.kz/trikhopol-250-mg-no-20-tabl,2026-08-13 15:24:33
Лекарственные средства,Антибиотики,Антибактериальные препараты для системного использования. Противомикробные препараты – производные хинолона. Фторхинолоны. Ципрофлоксацин.,Ципролет 500 мг № 10 табл покрытые оболочкой,Dr.Reddy`s Laboratories L,Индия,2 095 ₸,https://europharma.kz/tsiprolet-500-mg-no-10-tabl-pokrytyye-obolochkoy,2026-08-13 15:24:34
Лекарственные средства,Антибиотики,,Монурал 3 г пак.№2 гранулы д/приг.раствора д/приема внутрь,Замбон С.П.А. Италия,,9 715 ₸,https://europharma.kz/monural-3-g-pakno2-granuly-dprigrastvora-dpriyema-vnutr,2026-08-13 15:24:35
Лекарственные средства,Гормональные препараты,Половые гормоны и модуляторы половой системы. Гормональные контрацептивы для системного применения. Прогестагены. Левоноргестрел,"Постинор 0,75 мг № 2 табл",Гедеон Рихтер ОАО,Венгрия,5 540 ₸,https://europharma.kz/postinor-075-mg-no-2-tabl,2026-08-13 15:24:36
Лекарственные средства,Гинекологические препараты,Контрацептивное средство для местного применения.,"Фарматекс №12, вагин. табл.",Иннотера Шузи,Франция,3 370 ₸,https://europharma.kz/farmateks-no12-vagin-tabl,2026-08-13 15:24:37
Лекарственные средства,Анальгетики,"Костно-мышечная система. Противовоспалительные и противоревматические препараты. Противовоспалительные и противоревматические препараты, нестероидные. Оксикамы. Мелоксикам.","Мелоксикам-Тева раствор д/инъекций 15 мг/1,5 мл № 5 амп",Help S.A.,Греция,4 115 ₸,https://europharma.kz/meloksikam-teva-rastvor-dinyektsiy-15-mg15-ml-no-5-amp,2026-08-13 15:24:38
Лекарственные средства,Лечение сердечно-сосудистых заболеваний,Сердечно-сосудистая система. Вазопротекторы. Капилляростабилизирующие средства. Биофлавоноиды. Диосмин.,"Флебодиа 600 мг, №18, табл.",Лаборатории Роза-Фитофарма,Франция,8 195 ₸,https://europharma.kz/flebodia-600-mg-no18-tabl,2026-08-13 15:24:39
Лекарственные средства,Препараты урологии и гинекологии,,Трихопол 500 мг № 10 вагин. табл.,Польфарма ФЗ АО,Польша,2 430 ₸,https://europharma.kz/trikhopol-500-mg-no-10-vagin-tabl,2026-08-13 15:24:40
Лекарственные средства,Лечение сердечно-сосудистых заболеваний,"Периферические вазодилататоры для лечения заболеваний сердца, органические нитраты.",Моносан 20 мг № 30 табл,Пром.Мед.Прага,Чешская республика,1 167 ₸,https://europharma.kz/monosan-20-mg-no-30-tabl,2026-08-13 15:24:41
Лекарственные средства,Лечение лор заболеваний,Противовирусные препараты для системного применения. Противовирусные препараты прямого действия. Нуклеозиды и нуклеотиды. Валацикловир.,Увиромед 500 мг № 10 табл п/плён оболоч,Уорлд Медицин Илач Сан.Ве Тидж А.Ш,Турция,8 435 ₸,https://europharma.kz/uviromed-500-mg-no-10-tabl-pplen-oboloch,2026-08-13 15:24:42
Лекарственные средства,Антибиотики,Противовирусные препараты для системного применения. Нуклеозиды и нуклеотиды.,Ацикловир-Акос 200 мг № 20 табл.,Синтез Акционерное Курган,Россия,1 180 ₸,https://europharma.kz/atsiklovir-akos-200-mg-no-20-tabl,2026-08-13 15:24:43
Лекарственные средства,Лечение глаз,,Чистая слеза 10 мл капли глазные,Медоптик ТОО,Казахстан,3 730 ₸,https://europharma.kz/chistaya-sleza-10-ml-kapli-glaznyye,2026-08-13 15:24:44
Лекарственные средства,Кожные заболевания,Антибактериальные препараты и противомикробные препараты для лечения заболеваний кожи. Противомикробные препараты для местного применения.,Ацикловир- Акос 5% 5 г мазь,Синтез Акционерное Курган,Россия,820 ₸,https://europharma.kz/atsiklovir--akos-5-5-g-maz,2026-08-13 15:24:46
Лекарственные средства,Анальгетики,Нервная система. Анальгетики. Антимигренозные препараты. Cелективные агонисты серотониновых 5HT1-рецепторов. Суматриптан.,Сумамигрен 100 мг № 2 табл покрытые оболочкой,Польфарма ФЗ АО,Польша,6 155 ₸,https://europharma.kz/sumamigren-100-mg-no-2-tabl-pokrytyye-obolochkoy,2026-08-13 15:24:47
Лекарственные средства,Лечение лор заболеваний,,Доктор Тайсс Шалфей с витомином С без сахара №24 пастилки,Доктор Тайсс,,2 700 ₸,https://europharma.kz/doktor-tayss-shalfey-s-vitominom-s-bez-sakhara-no24-pastilki,2026-08-13 15:24:50
Лекарственные средства,Лечение лор заболеваний,,БАЛЬЗАМ АСПЕРА ЗОЛОТОЙ АНТИСТРЕСС 4 МЛ,ООО «ПК АСПЕРА»,,1 890 ₸,https://europharma.kz/balzam-aspera-zolotoy-antistress-4-ml,2026-08-13 15:24:51
Лекарственные средства,Карнилев 200мг/мл 5 мл № 5 амп,Прочие препараты для лечения заболеваний ЖКТ и нарушения обмена веществ. Аминокислоты и их производные. Левокарнитин.,Карнилев 200мг/мл 5 мл № 5 амп,Help S.A.,Греция,6 675 ₸,https://europharma.kz/karnilev-200mgml-5-ml-no-5-amp,2026-08-13 15:24:52
Лекарственные средства,Лечение жкт,"Блокаторы гистаминовых Н2-рецепторов, противоязвенные средства и препараты, применяемые при гастроэзофагеальном рефлюксе.","Фамосан 20 мг, №20, табл.",Пром.Мед.Прага,Чешская республика,1 335 ₸,https://europharma.kz/famosan-20-mg-no20-tabl,2026-08-13 15:24:53
Лекарственные средства,Лечение печени,,Урсодекс 250 мг № 50 капс,Химфарм ФЗ АО,Казахстан,8 315 ₸,https://europharma.kz/ursodeks-250-mg-no-50-kaps,2026-08-13 15:24:54
Лекарственные средства,Противогрибковые средства,Прочие противогрибковые препараты для местного применения. Комбинированные препараты.,"Кандид-Б 15 гр, крем, (для наружного применения)",Гленмарк Фармасьютикалз Лтд,Индия,3 255 ₸,https://europharma.kz/kandid-b-15-gr-krem-dla-naruznogo-primenenia,2026-08-13 15:24:55
Лекарственные средства,Жаропонижающие,Анальгетики-антипиретики другие. Парацетамол,Парацетамол 120 мг/5 мл 100 мл суспензия для приема внутрь,Синтез Акционерное Курган,Россия,660 ₸,https://europharma.kz/paratsetamol-120-mg5-ml-100-ml-suspenziya-dlya-priyema-vnutr,2026-08-13 15:24:56
Лекарственные средства,Лечение жкт,"Пищеварительный тракт и обмен веществ. Препараты для лечения заболеваний, связанных с нарушением кислотности. Антациды. Препараты алюминия. Комбинация препаратов алюминия",Алмагель 170 мл суспензия для приема внутрь,Actavis,Исландия,3 375 ₸,https://europharma.kz/almagel-170-ml-suspenziya-dlya-priyema-vnutr,2026-08-13 15:24:57
Лекарственные средства,Слабительные препараты,Слабительное средство. Слабительные препараты с осмотическими свойствами.,Форлакс пор д/пригот-я раствора д/приема внутрь 10 гр № 20 пакетики,"Бофур ИПСЕН Индастри, Фра",Франция,4 985 ₸,https://europharma.kz/forlaks-por-dprigot-ya-rastvora-dpriyema-vnutr-10-gr-no-20-paketiki,2026-08-13 15:24:58
Лекарственные средства,Лечение артериального давления,"Препараты, влияющие на систему ренин-ангиотензин. АКФ ингибиторы в комбинации с другими препаратами. АКФ ингибиторы, другие комбинации. Периндоприл, амлодипин и индапамид",Трипликсам 5мг/1.25мг/10 мг №30 табл,Сервье Ле Лаборатуар,Франция,7 910 ₸,https://europharma.kz/tripliksam-5mg125mg10-mg-no30-tabl,2026-08-13 15:24:59
Лекарственные средства,Лечение заболеваний опорно-двигательного аппарата,Препараты для лечения заболеваний костно-мышечной системы. Противовоспалительные и противоревматические препараты. Нестероидные противовоспалительные и противоревматические препараты. Производные уксусной кислоты и родственные соединения. Индометацин в комбинации с другими препаратами.,"Индовазин 45 гр, гель",Actavis,Исландия,2 880 ₸,https://europharma.kz/indovazin-45-gr-gel,2026-08-13 15:25:00
Лекарственные средства,Анальгетики,Препараты для лечения заболеваний нервной системы. Анестетики местные. Амиды. Лидокаин,"Лидокаина гидрохлорид 1% раствор д/ инъекций 3,5 мл № 5 амп",Химфарм ФЗ АО,Казахстан,755 ₸,https://europharma.kz/lidokaina-gidrokhlorid-1-rastvor-d-inyektsiy-35-ml-no-5-amp,2026-08-13 15:25:01
Лекарственные средства,Лечение жкт,Пищеварительный тракт и обмен веществ. Препараты для лечения заболеваний связанных с нарушением кислотности. Противоязвенные препараты и препараты для лечения гастроэгзофагеального рефлюксной болезни. Протонового насоса ингибиторы. Омепразол.,Омез 20 мг № 30 капс покр кишечнораст оболочкой,Dr.Reddy`s Laboratories L,Индия,2 780 ₸,https://europharma.kz/omez-20-mg-no-30-kaps-pokr-kishechnorast-obolochkoy,2026-08-13 15:25:02
Лекарственные средства,Лечение лор заболеваний,Респираторная система. Назальные препараты. Деконгестанты и другие назальные препараты для местного применения. Кортикостероиды. Мометазон.,"Назофлай Спрей назальный, суспензия 50 мкг/доза,140 доз 20 мл","Апотекс, Инк",Канада,6 075 ₸,https://europharma.kz/nazoflay-sprey-nazalnyy-suspenziya-50-mkgdoza140-doz-20-ml,2026-08-13 15:25:03
Лекарственные средства,Слабительные препараты,Cлабительные. Осмотические слабительные. Макрогол,Фортранс пор д/пригот-я раствора д/приема внутрь № 4 пакетики,"Бофур ИПСЕН Индастри, Фра",Франция,9 245 ₸,https://europharma.kz/fortrans-por-dprigot-ya-rastvora-dpriyema-vnutr-no-4-paketiki,2026-08-13 15:25:04
Лекарственные средства,Лечение сердечно-сосудистых заболеваний,,Тромбопол Neo 75 мг № 30 табл покр кишечнораст оболочкой,Польфарма ФЗ АО,Польша,1 465 ₸,https://europharma.kz/trombopol-neo-75-mg-no-30-tabl-pokr-kishechnorast-obolochkoy,2026-08-13 15:25:05
Лекарственные средства,Лечение лор заболеваний,,БАЛЬЗАМ АСПЕРА ЗОЛОТОЙ БОДРОСТЬ 4 МЛ,ООО «ПК АСПЕРА»,,2 140 ₸,https://europharma.kz/balzam-aspera-zolotoy-bodrost-4-ml,2026-08-13 15:25:06
Лекарственные средства,Анальгетики,,Кетотоп трансдермальный № 7 пластырь,Химфарм ФЗ АО,Казахстан,3 360 ₸,https://europharma.kz/ketotop-transdermalnyy-no-7-plastyr,2026-08-13 15:25:07
Лекарственные средства,Анальгетики,Нервная система. Анальгетики. Антимигренозные препараты. Cелективные агонисты серотониновых 5HT1-рецепторов. Суматриптан.,Сумамигрен 50 мг № 6 табл покрытые оболочкой,Польфарма ФЗ АО,Польша,10 460 ₸,https://europharma.kz/sumamigren-50-mg-no-6-tabl-pokrytyye-obolochkoy,2026-08-13 15:25:08
Лекарственные средства,Антисептики,Фармакологические свойства,"Гиненорм 0,1% 100 мл 5 раствор вагинальный",Mitim S.r.L MagisFarm,Италия,10 060 ₸,https://europharma.kz/ginenorm-01-100-ml-5-rastvor-vaginalnyy,2026-08-13 15:25:09
Лекарственные средства,Антисептики,Антисептики и дезинфицирующие препараты прочие.,Спирт этиловый 70% 90 мл,ТК Фарм Актобе ТОО,Казахстан,440 ₸,https://europharma.kz/spirt-etilovyy-70-90-ml-2,2026-08-13 15:25:11
Лекарственные средства,Анальгетики,Нервная система. Анальгетики. Антимигренозные препараты. Cелективные агонисты серотониновых 5HT1-рецепторов. Суматриптан.,Сумамигрен 100 мг № 6 табл покрытые оболочкой,Польфарма ФЗ АО,Польша,11 845 ₸,https://europharma.kz/sumamigren-100-mg-no-6-tabl-pokrytyye-obolochkoy,2026-08-13 15:25:12
Лекарственные средства,Антибиотики,Антисептики и дезинфицирующие препараты. Бигуаниды и амидины.,"Хлоргексидина биглюконат 0,05% 100 мл флак",ТК Фарм Актобе ТОО,Казахстан,160 ₸,https://europharma.kz/khlorgeksidina-biglyukonat-005-100-ml-flak,2026-08-13 15:25:13
Лекарственные средства,Лечение артериального давления,"Препараты, влияющие на систему ренин-ангиотензин. АКФ ингибиторы в комбинации с другими препаратами. АКФ ингибиторы, другие комбинации. Периндоприл, амлодипин и индапамид","Трипликсам 5 мг/1,25 мг/5 мг № 30 табл п/плён оболоч",Сервье Ле Лаборатуар,Франция,6 741 ₸,https://europharma.kz/tripliksam-5-mg125-mg5-mg-no-30-tabl-pplen-oboloch,2026-08-13 15:25:14
Лекарственные средства,Гормональные препараты,Половые гормоны и модуляторы половой системы. Гормональные контрацептивы для системного использования. Прогестагены и эстрогены (фиксированные сочетания). Гестоден и эстрогены,Линдинет 20 мг № 63 табл п/плён оболоч,Гедеон Рихтер ОАО,Венгрия,8 189 ₸,https://europharma.kz/lindinet-20-mg-no-63-tabl-pplen-oboloch,2026-08-13 15:25:15
Лекарственные средства,Антибиотики,Антибактериальные препараты для системного использования. Сульфаниламиды и триметоприм. Сульфаниламиды в комбинации с триметопримом и его производными. Ко-тримоксазол.,Бисептол 120 мг № 20 табл.,Пабяницкий фармацевтическ,Польша,1 190 ₸,https://europharma.kz/biseptol-120-mg-no-20-tabl,2026-08-13 15:25:16
Лекарственные средства,Гинекологические препараты,Антисептики и противомикробные препараты для лечения гинекологических заболеваний. Антисептики и противомикробные препараты для лечения гинекологических заболеваний (исключая комбинации с кортикостероидами).Антибактериальные препараты. Нистатин в комбинации с другими препаратами,"Полижинакс №6, свечи",Иннотек,Франция,4 025 ₸,https://europharma.kz/polizhinaks-no6-svechi,2026-08-13 15:25:17
Лекарственные средства,Лечение лор заболеваний,,Аква Марис Экстра 150 мл спрей назальный,Ядран-Галенски Лабораторий а.о.,Хорватия,4 835 ₸,https://europharma.kz/akva-maris-ekstra-150-ml-sprey-nazalnyy,2026-08-13 15:25:18
Лекарственные средства,Анальгетики,"Костно-мышечная система. Противовоспалительные и противоревматические препараты. Противовоспалительные и противоревматические препараты, нестероидные.Пропионовой кислоты производные. Ибупрофен.",Ибупрофен-Тева 400 мг № 50 табл покрытые оболочкой,Ратиофарм ГмбХ,Германия,4 255 ₸,https://europharma.kz/ibuprofen-teva-400-mg-no-50-tabl-pokrytyye-obolochkoy,2026-08-13 15:25:19
Лекарственные средства,Лечение головного кровооброщения,Препараты для лечения заболеваний нервной системы. Психоаналептики. Препараты для лечения деменции. Другие препараты для лечения деменции. Гинкго билоба,Танакан 40 мг № 30 табл,"Бофур ИПСЕН Индастри, Фра",Франция,4 125 ₸,https://europharma.kz/tanakan-40-mg-no-30-tabl,2026-08-13 15:25:20
Лекарственные средства,Лечение сердечно-сосудистых заболеваний,Препараты для лечения заболеваний сердца.,Пропанорм 150 мг № 50 табл,Пром.Мед.Прага,Чешская республика,5 025 ₸,https://europharma.kz/propanorm-150-mg-no-50-tabl,2026-08-13 15:25:23
Лекарственные средства,Антисептики,Антисептики и дезинфицирующие препараты прочие. Этанол,Спирт этиловый DF 70% 50 мл,Досфарм,Казахстан,345 ₸,https://europharma.kz/spirt-etilovyy-df-70-50-ml,2026-08-13 15:25:24
Лекарственные средства,Лечение жкт,,"Боботик для приема внутрь 66,6 мг 30 мл эмульсия",Медана Фарма АО,Польша,3 835 ₸,https://europharma.kz/bobotik-dlya-priyema-vnutr-666-mg-30-ml-emulsiya,2026-08-13 15:25:25
Лекарственные средства,Лечение артериального давления,"Препараты, влияющие на систему ренин-ангиотензин. АКФ ингибиторы в комбинации с другими препаратами. АКФ ингибиторы в комбинации блокаторами «медленных» кальциевых каналов. Периндоприл и амлодипин.",Престанс 5 мг/10 мг № 30 табл.,Сервье,Франция,6 390 ₸,https://europharma.kz/prestans-5-mg10-mg-no-30-tabl,2026-08-13 15:25:26
Лекарственные средства,Лечение жкт,Препараты для лечения функционирующих нарушений со стороны ЖКТ. Стимуляторы моторики ЖКТ.,Итомед 50 мг № 40 табл покрытые оболочкой,Пром.Мед.Прага,Чешская республика,5 615 ₸,https://europharma.kz/itomed-50-mg-no-40-tabl-pokrytyye-obolochkoy,2026-08-13 15:25:27
Лекарственные средства,Лечение печени,Препараты для лечения заболеваний печени и желчевыводящих путей. Препараты желчных кислот.,"Урсолив 250 мг, №50, капс.",АВВА РУС ОАО,Россия,6 115 ₸,https://europharma.kz/ursoliv-250-mg-no50-kaps,2026-08-13 15:25:28
Лекарственные средства,Лечение лор заболеваний,,"Звездочка таблетки для рассасывания мед-лимон 2,4 гр № 18 шт",СИДЛЕР РЕМЕДИС Пвт. Лтд,Индия,1 509 ₸,https://europharma.kz/zvezdochka-tabletki-dlya-rassasyvaniya-med-limon-24-gr-no-18-sht,2026-08-13 15:25:29
Лекарственные средства,Лечение артериального давления,"Препараты, влияющие на систему ренин-ангиотензин. АКФ ингибиторы в комбинации с другими препаратами. АКФ ингибиторы в комбинации блокаторами «медленных» кальциевых каналов. Периндоприл и амлодипин.",Престанс 10 мг/5 мг № 30 табл.,Сервье,Франция,7 015 ₸,https://europharma.kz/prestans-10-mg5-mg-no-30-tabl,2026-08-13 15:25:30
Лекарственные средства,Жаропонижающие,,Ибуфен Д клубника 100 мг/ 5 мл 120 мл суспензия для приема внутрь,Медана Фарма АО,Польша,2 960 ₸,https://europharma.kz/ibufen-d-100-mg-5-ml-120-ml-suspenziya-dlya-priyema-vnutr,2026-08-13 15:25:31
Лекарственные средства,Антибиотики,Противомикробные препараты – производные хинолона. Фторхинолоны.,"Ципрофлоксацин 200 мг, 100 мл, фл.",Келун Фарм завод,Китай,315 ₸,https://europharma.kz/tsiprofloksatsin-200-mg-100-ml-fl,2026-08-13 15:25:32
Лекарственные средства,Лечение заболеваний опорно-двигательного аппарата,,"Артритное масло 50 мл. Baraka* ""JOINTEASE"" -",Bio Extracts,Шри - ланка,4 350 ₸,https://europharma.kz/artritnoye-maslo-50-ml-baraka-jointease,2026-08-13 15:25:33
Лекарственные средства,Противогрибковые средства,Противогрибковые препараты для лечения заболеваний кожи. Противогрибковые препараты для местного применения. Прочие противогрибковые препараты для местного применения. Тербинафин,Тербизил 1% 15 г крем,Гедеон Рихтер ОАО,Венгрия,3 425 ₸,https://europharma.kz/terbizil-1-15-g-krem,2026-08-13 15:25:34
Лекарственные средства,Антибиотики,Антибактериальные препараты для системного использования.,Цеф III + Лидо 1 гр № 1 порошок для приготовления раствора для инъекций,Химфарм ФЗ АО,Казахстан,3 520 ₸,https://europharma.kz/tsef-iii-lido-1-gr-no-1-poroshok-dlya-prigotovleniya-rastvora-dlya-inyektsiy,2026-08-13 15:25:35
Лекарственные средства,Противогрибковые средства,Глюкокортикостероиды для местного лечения заболеваний кожи. Кортикостероиды сильные в комбинации с другими препаратами.,Кандидерм д/наруж применения 15 г крем,Гленмарк Фармасьютикалз Лтд,Индия,3 615 ₸,https://europharma.kz/kandiderm-dnaruzh-primeneniya-15-g-krem,2026-08-13 15:25:36
Лекарственные средства,Антисептики,,"Бриллиантовая зелень 1%, 20 мл, фл.",Фармация АО,Казахстан,285 ₸,https://europharma.kz/brilliantovaa-zelen-1-20-ml-fl-2,2026-08-13 15:25:37
Лекарственные средства,Антибиотики,Противомикробные препараты для системного использования.,Бисептол 240 мг/5 мл 80 мл суспензия для приема внутрь,Медана Фарма АО,Польша,1 450 ₸,https://europharma.kz/biseptol-240-mg5-ml-80-ml-suspenziya-dlya-priyema-vnutr,2026-08-13 15:25:38
Лекарственные средства,Слабительные препараты,,"ГЛИЦ для детей, рект. суппозитории 1500 мг № 12",Antibiotice S.A.,,2 685 ₸,https://europharma.kz/glits-dlya-detey-rekt-suppozitorii-1500-mg-no-12,2026-08-13 15:25:39
Лекарственные средства,Лечение артериального давления,"Препараты, влияющие на систему ренин-ангиотензин. АКФ ингибиторы в комбинации с другими препаратами. АКФ ингибиторы в комбинации блокаторами «медленных» кальциевых каналов. Периндоприл и амлодипин.",Престанс 5 мг/5 мг № 30 табл.,Сервье,Франция,5 245 ₸,https://europharma.kz/prestans-5-mg5-mg-no-30-tabl,2026-08-13 15:25:40
Лекарственные средства,Лечение артериального давления,"Препараты, влияющие на систему ренин-ангиотензин. АКФ ингибиторы в комбинации с другими препаратами. АКФ ингибиторы в комбинации блокаторами «медленных» кальциевых каналов. Периндоприл и амлодипин.",Престанс 10 мг/10 мг № 30 табл.,Сервье,Франция,6 350 ₸,https://europharma.kz/prestans-10-mg10-mg-no-30-tabl,2026-08-13 15:25:42
Лекарственные средства,Лечение жкт,Препараты для лечения функционирующих нарушений со стороны ЖКТ. Стимуляторы моторики ЖКТ.,Итомед 50 мг № 100 табл покрытые оболочкой,Пром.Мед.Прага,Чешская республика,12 285 ₸,https://europharma.kz/itomed-50-mg-no-100-tabl-pokrytyye-obolochkoy,2026-08-13 15:25:43
Лекарственные средства,Лечение печени,Пищеварительный тракт и обмен веществ. Препараты для лечения заболеваний печени и желчевыводящих путей. Препараты для лечения заболеваний желчевыводящих путей. Желчные кислоты и их производные. Урсодезоксихолевая кислота.,Урсосан форте 500 мг № 30 табл,Пром.Мед.Прага,Чешская республика,11 105 ₸,https://europharma.kz/ursosan-forte-500-mg-no-30-tabl,2026-08-13 15:25:44
Лекарственные средства,Средства от аллергии,Антигистаминные препараты системного действия . Алкиламины замещенные.,Фенистил Нью 20 мл капли,Novartis Consumer Health,Швейцария,3 255 ₸,https://europharma.kz/fenistil-nyu-20-ml-kapli,2026-08-13 15:25:45
Лекарственные средства,Анальгетики,Нестероидные противовоспалительные средства. Пропионовой кислоты производные. Кетопрофен.,Кетонал форте 100 мг № 20 табл,Сандоз Фармасьютикалс д.д.,Словения,3 585 ₸,https://europharma.kz/ketonal-forte-100-mg-no-20-tabl,2026-08-13 15:25:46
Лекарственные средства,Антисептики,,"Фунгисол, раствор для наружнего применения, 20 мл",Ядран-Галенски Лабораторий а.о.,,4 295 ₸,https://europharma.kz/fungisol-rastvor-dlya-naruzhnego-primeneniya-20-ml,2026-08-13 15:25:47
Лекарственные средства,Лечение лор заболеваний,Прочие препараты для лечения заболеваний полости рта,"Шалфей №24, пастилки",Natur Produkt,Франция,2 750 ₸,https://europharma.kz/shalfey-no24-pastilki,2026-08-13 15:25:48
Лекарственные средства,Препараты урологии и гинекологии,Противомикробные препараты для системного применения. Производные имидазола.,"Метронидазол 0,5%, 100 мл, фл.",Келун-Казфарм (Kelun-Kazpharm),Казахстан,395 ₸,https://europharma.kz/metronidazol-05-100-ml-fl,2026-08-13 15:25:49
Лекарственные средства,Антисептики,Антисептики и дезинфицирующие препараты прочие. Этанол,Спирт этиловый DF 90% 100 мл,Досфарм,Казахстан,445 ₸,https://europharma.kz/spirt-etilovyy-df-90-100-ml,2026-08-13 15:25:50
Лекарственные средства,Лечение лор заболеваний,,БАЛЬЗАМ АСПЕРА ЗОЛОТОЙ ГВОЗДИКА 4 МЛ,ООО «ПК АСПЕРА»,,1 515 ₸,https://europharma.kz/balzam-aspera-zolotoy-gvozdika-4-ml,2026-08-13 15:25:51
Лекарственные средства,Темпалгин М 500 мг № 20 табл,Анальгетики. Анальгетики-антипиретики другие. Пиразолоны. Метамизол натрия.,Темпалгин М 500 мг № 20 табл,Софарма АО,Болгария,1 775 ₸,https://europharma.kz/tempalgin-m-500-mg-no-20-tabl,2026-08-13 15:25:52
Лекарственные средства,Антибиотики,Антибактериальные препараты для системного использования. Сульфаниламиды и триметоприм. Сульфаниламиды в комбинации с триметопримом и его производными. Ко-тримоксазол.,Бисептол 480 мг № 20 табл.,Пабяницкий фармацевтическ,Польша,2 275 ₸,https://europharma.kz/biseptol-480-mg-no-20-tabl,2026-08-13 15:25:53
Лекарственные средства,Противогрибковые средства,Противогрибковые препараты для местного применения. Производные имидазола.,Кандид 1% для местного применения 15 мл раствор,Гленмарк Фармасьютикалз Лтд,Индия,3 940 ₸,https://europharma.kz/kandid-1-dlya-mestnogo-primeneniya-15-ml-rastvor,2026-08-13 15:25:56
Лекарственные средства,Лечение жкт,,Нормобакт Форте 6 млрд. капсулы №10,"ALLIANZ BIOSCIENCES PRIVATE LIMITED, R.S. No. 55/1",,4 720 ₸,https://europharma.kz/normobakt-forte-6-mlrd-kapsuly-no10,2026-08-13 15:25:57
Лекарственные средства,Гормональные препараты,Половые гормоны и модуляторы половой системы. Гонадотропины и другие стимуляторы овуляции. Стимуляторы овуляции синтетические. Кломифен,Клостилбегит 50 мг № 10 табл,ЭГИС Фармацевтический Завод ЗАО,Венгрия,9 935 ₸,https://europharma.kz/klostilbegit-50-mg-no-10-tabl,2026-08-13 15:25:58
Лекарственные средства,От паразитов,Антигельминтные средства. Препараты для лечения нематодозов. Производные бензимидазола. Мебендазол.,Вермокс № 6 табл,Гедеон Рихтер ОАО,Венгрия,1 505 ₸,https://europharma.kz/vermoks-no-6-tabl,2026-08-13 15:25:59
Лекарственные средства,Антибиотики,,"ВЕГАЦЕФ 1,0 N1 ФЛ","ACS DOBFAR S.P.A.,Италия",,2 759 ₸,https://europharma.kz/vegatsef-10-n1-fl,2026-08-13 15:26:00
Лекарственные средства,Лечение лор заболеваний,,Синулан Дуо Форте таб. №15,,,2 155 ₸,https://europharma.kz/sinulan-duo-forte-tab-no15,2026-08-13 15:26:01
Лекарственные средства,Лечение лор заболеваний,,Аквалор экстра форте 125 мл спрей назальный,Нижфарм ОАО,,4 515 ₸,https://europharma.kz/akvalor-ekstra-forte-125-ml-sprey-nazalnyy,2026-08-13 15:26:02
Лекарственные средства,Лечение артериального давления,"Диуретики. Нетиазидные диуретики, действующие на кортикальный сегмент петли Генле. Сульфонамиды. Индапамид","Индап 1,25 мг, №30, табл.",Пром.Мед.Прага,Чешская республика,1 025 ₸,https://europharma.kz/indap-125-mg-no30-tabl,2026-08-13 15:26:03
Лекарственные средства,Гинекологические препараты,Антисептики и противомикробные препараты для лечения гинекологических заболеваний. Антисептики и противомикробные препараты для лечения гинекологических заболеваний (исключая комбинации с кортикостероидами).Антибактериальные препараты. Нистатин в комбинации с другими препаратами,"Полижинакс №12, свечи",Иннотек,Франция,7 440 ₸,https://europharma.kz/polizhinaks-no12-svechi,2026-08-13 15:26:04
Лекарственные средства,Лечение артериального давления,"Препараты, влияющие на систему ренин-ангиотензин. АКФ ингибиторы в комбинации с другими препаратами. АКФ ингибиторы в комбинации с другими диуретиками. Периндоприл в комбинации с диуретиками.","Нолипрел Би-форте 10 мг/2,5 мг № 30 табл п/плён оболоч",СЕРВЬЕ РУС ООО,Россия,7 284 ₸,https://europharma.kz/noliprel-bi-forte-10-mg25-mg-no-30-tabl-pplen-oboloch,2026-08-13 15:26:05
Лекарственные средства,Опорно-двигательная система,,"Найз Фаст 1% 35,0 спрей",Dr.Reddy`s Laboratories L,,2 335 ₸,https://europharma.kz/nayz-fast-1-350-sprey,2026-08-13 15:26:06
Лекарственные средства,Лечение жкт,"Противодиарейные препараты. Антидиарейные микроорганизмы/ Комбинация микроорганизмов, продуцирующих молочную кислоту с другими препаратами",Линекс № 16 капс,Сандоз Фармасьютикалс д.д.,Словения,7 525 ₸,https://europharma.kz/lineks-no-16-kaps,2026-08-13 15:26:07
Лекарственные средства,Лечение лор заболеваний,,Аква Марис Норм 50 мл спрей назальный,Ядран-Галенски Лабораторий а.о.,Хорватия,3 725 ₸,https://europharma.kz/akva-maris-norm-50-ml-sprey-nazalnyy,2026-08-13 15:26:08
Лекарственные средства,Лечение ран и ожогов,Другие препараты для лечения гиперрубцевания. Декспантенол.,Гидротен 5% д/наруж применения 30 гр мазь,Нобел АФФ,Казахстан,2 625 ₸,https://europharma.kz/gidroten-5-dnaruzh-primeneniya-30-gr-maz,2026-08-13 15:26:09
Лекарственные средства,Кожные заболевания,,"Комфодерм мазь 0,1%, 30 гр","Акционерное обще- ство ""Химико-фарма- цевтический",,6 640 ₸,https://europharma.kz/komfoderm-maz-01-30-gr,2026-08-13 15:26:10
Лекарственные средства,Кожные заболевания,,"Комфодерм мазь 0,1%, 15 гр","Акционерное обще- ство ""Химико-фарма- цевтический",,4 505 ₸,https://europharma.kz/komfoderm-maz-01-15-gr,2026-08-13 15:26:11
Лекарственные средства,Лечение лор заболеваний,,Аква Марис Норм 150 мл спрей назальный,Ядран-Галенски Лабораторий а.о.,Хорватия,4 925 ₸,https://europharma.kz/akva-maris-norm-150-ml-sprey-nazalnyy,2026-08-13 15:26:12
Лекарственные средства,Лечение лор заболеваний,Антиконгестанты и другие назальные препараты для местного применения. Симпатомиметики. Ксилометазолин.,Ринотайсс спрей назальный (стекло) 10мл,Доктор Тайсс,Германия,2 310 ₸,https://europharma.kz/rinotayss-sprey-nazalnyy-steklo-10ml,2026-08-13 15:26:13
Лекарственные средства,Лечение сердечно-сосудистых заболеваний,"Диуретики. Нетиазидные диуретики, действующие на кортикальный сегмент петли Генле. Сульфонамиды. Индапамид","Индап 2,5 мг № 30 табл",Пром.Мед.Прага,Чешская республика,1 580 ₸,https://europharma.kz/indap-25-mg-no-30-tabl,2026-08-13 15:26:14
Лекарственные средства,Жаропонижающие,,Ацетилсалициловая кислота 500 мг №20 табл.,Борисовский завод медицинских препаратов ОАО,,3 308 ₸,https://europharma.kz/atsetilsalitsilovaya-kislota-500-mg-no20-tabl,2026-08-13 15:26:15
Лекарственные средства,Лечение жкт,,Максилак синбиотик № 10 капс,DANISCO France SAS Z.A.,Франция,4 435 ₸,https://europharma.kz/maksilak-sinbiotik-no-10-kaps,2026-08-13 15:26:16
Лекарственные средства,Лечение лор заболеваний,,"Синомарин 50 мл, мини",Геролиматис ПНГ,Греция,4 711 ₸,https://europharma.kz/sinomarin-50-ml-mini,2026-08-13 15:26:17
Лекарственные средства,Лечение неврологических нарушений,,Кавинтон комфорте 10 мг 30 шт. таблетки диспергируемые,ОАО Гедеон Рихтер,,2 880 ₸,https://europharma.kz/kavinton-komforte-10-mg-30-sht-tabletki-dispergiruyemyye,2026-08-13 15:26:18
Лекарственные средства,Противокашлевые препараты,,Амбро 15 мг/5 мл 100 мл сироп,Химфарм ФЗ АО,Казахстан,2 510 ₸,https://europharma.kz/ambro-15-mg5-ml-100-ml-sirop,2026-08-13 15:26:19
Лекарственные средства,Антибиотики,,"Флемоксин Солютаб таб.500мг №20, Haupt",,Италия,5 195 ₸,https://europharma.kz/flemoksin-solyutab-tab500mg-no20-haupt,2026-08-13 15:26:20
Лекарственные средства,Кожные заболевания,,"Такропик мазь для наруж.прим 0,03% 15 гр","Акционерное обще- ство ""Химико-фарма- цевтический",,4 175 ₸,https://europharma.kz/takropik-maz-dlya-naruzhprim-003-15-gr,2026-08-13 15:26:21
Лекарственные средства,Противогрибковые средства,Противогрибковые препараты для наружного применения. Производные имидазола.,"Кандид 30 гр, пор.",Гленмарк Фармасьютикалз Лтд,Индия,3 750 ₸,https://europharma.kz/kandid-30-gr-por,2026-08-13 15:26:22
Лекарственные средства,Лечение неврологических нарушений,Миорелаксанты. Миорелаксанты центрального действия. Миорелаксанты центрального действия другие. Толперизон.,Мидокалм 150 мг № 30 табл п/плён оболоч,Гедеон Рихтер ОАО,Венгрия,2 570 ₸,https://europharma.kz/midokalm-150-mg-no-30-tabl-pplen-oboloch,2026-08-13 15:26:23
Лекарственные средства,Противоастматические препараты,,"Пульмикорт 0,5 мг/мл 2 мл 20 порошок для ингаляций дозированный",АстраЗенека,Швеция,20 395 ₸,https://europharma.kz/pulmikort-05-mgml-2-ml-20-poroshok-dlya-ingalyatsiy-dozirovannyy,2026-08-13 15:26:24
Лекарственные средства,Лечение неврологических нарушений,,Невис Актив 50 мл капли,CORNUS GmbH,Пакистан,7 430 ₸,https://europharma.kz/nevis-aktiv-50-ml-kapli,2026-08-13 15:26:25
Лекарственные средства,Анальгетики,Препараты для лечения заболеваний нервной системы. Анальгетики – антипиретики другие. Пиразолоны,Анальгин 50 % раствор д/инъекций 2 мл № 10 амп,Борисовский завод медицинских препаратов ОАО,Беларусь,660 ₸,https://europharma.kz/analgin-50-rastvor-dinyektsiy-2-ml-no-10-amp,2026-08-13 15:26:28
Лекарственные средства,Инъекционные растворы и ампулы,,"Окситоцин 5 МЕ 1 мл №10,амп",Дальхимфарм ОАО,Беларусь,2 830 ₸,https://europharma.kz/oksitocin-5-me-1-ml-no10amp,2026-08-13 15:26:30
Лекарственные средства,Лечение сердечно-сосудистых заболеваний,"Кровь и органы кроветворения. Антитромботические препараты. Ингибиторы агрегации тромбоцитов, исключая гепарин. Клопидогрел",Клопидогрель-Тева 75 мг № 14 табл п/о,Actavis Ltd (MALTA),,6 760 ₸,https://europharma.kz/klopidogrel-teva-75-mg-no-14-tabl-po,2026-08-13 15:26:31
Лекарственные средства,Гормональные препараты,Половые гормоны и модуляторы половой системы. Гормональные контрацептивы для системного использования. Прогестагены. Дезогестрел,"Лактинет 0,075 мг № 28 табл п/плён оболоч",Гедеон Рихтер ОАО,Венгрия,5 390 ₸,https://europharma.kz/laktinet-0075-mg-no-28-tabl-pplen-oboloch,2026-08-13 15:26:32
Лекарственные средства,Антибиотики,Антибактериальные препараты – производные хинолона. Фторхинолоны,Левомак 500 мг № 5 табл п/плён оболоч,Macleods Pharmaceuticals Limited,Индия,4 070 ₸,https://europharma.kz/levomak-500-mg-no-5-tabl-pplen-oboloch,2026-08-13 15:26:33
Лекарственные средства,От паразитов,,Паранит 100 мл спрей+гребень,Alvogen Pharma Trading Europe EOOD,Австрия,7 580 ₸,https://europharma.kz/paranit-100-ml-spreygreben,2026-08-13 15:26:34
Лекарственные средства,Строцит 500 мг №30 таб.,Психоаналептики. Психостимуляторы и ноотропы. Психостимуляторы и ноотропы другие. Цитиколин,Строцит 500 мг №30 таб.,Сан Фармасьютикал Инд Лтд,Индия,10 600 ₸,https://europharma.kz/strocit-500-mg-no30-tab,2026-08-13 15:26:35
Лекарственные средства,Лечение сахарного диабета,,"Глюконил 1000 мг, №60, табл.",ABDI IBRAHIM,Казахстан,3 280 ₸,https://europharma.kz/glyukonil-1000-mg-no60-tabl,2026-08-13 15:26:36
Лекарственные средства,Препараты урологии и гинекологии,Препараты для лечения доброкачественной гипертрофии простаты. Альфа-адреноблокаторы. Тамсулозин.,"Уримак 0,0004, №30, капс.",Macleods Pharmaceuticals Limited,Индия,3 800 ₸,https://europharma.kz/urimak-00004-no30-kaps,2026-08-13 15:26:37
Лекарственные средства,Анальгетики,Препараты для местного лечения заболеваний опорно-двигательного аппарата.,"Кетотоп №6, пластырь трансдермальный",Химфарм ФЗ АО,Казахстан,3 045 ₸,https://europharma.kz/ketotop-no6-plastyr-transdermalnyj,2026-08-13 15:26:38
Лекарственные средства,Средства от аллергии,Антигистаминные препараты системного действия. Этилендиамины замещенные. Хлоропирамин,Супрастин раствор д/инъекций 1 мл № 5 амп,ЭГИС Фармацевтический Завод ЗАО,Венгрия,2 885 ₸,https://europharma.kz/suprastin-rastvor-dinyektsiy-1-ml-no-5-amp,2026-08-13 15:26:39
Лекарственные средства,Лечение лор заболеваний,Препараты для лечения заболеваний горла. Антисептики. Прочие препараты.,Септолете Тотал № 16 табл,KRKA d.d.,Словения,3 330 ₸,https://europharma.kz/septolete-total-no-16-tabl,2026-08-13 15:26:40
Лекарственные средства,Противокашлевые препараты,"Респираторная система. Препараты, применяемые при кашле и простудных заболеваниях.Экспекторанты, исключая комбинации с подавляющими кашель.Отхаркивающие препараты. Комбинация отхаркивающих препаратов.",Сироп от кашля-Тева Фито 100 мл,TEVA Czech Industries s.r.o. (CZECHIA),,2 330 ₸,https://europharma.kz/sirop-ot-kashlya-teva-fito-100-ml,2026-08-13 15:26:41
Лекарственные средства,Лечение лор заболеваний,,Грипмакс® Нос №30,"GROKAM GBL, sp. z o.o. (Польша)",,3 035 ₸,https://europharma.kz/gripmaks-nos-no30,2026-08-13 15:26:42
Лекарственные средства,Лечение жкт,,Разо 20 мг №30 табл.,Dr.Reddy`s Laboratories L,,3 785 ₸,https://europharma.kz/razo-20-mg-no30-tabl,2026-08-13 15:26:43
Лекарственные средства,Противогрибковые средства,Дерматология. Противогрибковые препараты для лечения заболеваний кожи. Противогрибковые препараты для местного применения. Прочие противогрибковые препараты для местного применения. Нафтифин.,Экзодерил 1% 30 г крем,Сандоз Фармасьютикалс д.д.,Словения,7 335 ₸,https://europharma.kz/ekzoderil-1-30-g-krem,2026-08-13 15:26:44
Лекарственные средства,Лечение жкт,Прочие противоязвенные препараты и препараты для лечения гастроэзофагеального рефлюкса (GORD). Висмута трикалия дицитрат.,Улькавис 120 мг № 112 табл,KRKA d.d.,Словения,9 360 ₸,https://europharma.kz/ulkavis-120-mg-no-112-tabl,2026-08-13 15:26:45
Лекарственные средства,Инъекционные растворы и ампулы,Плазмозамещающие и перфузионные растворы. Добавки к растворам для внутривенного введения. Электролитные растворы. Кальция хлорид.,"Кальция хлорид 100 мг/мл 10мл, №10, амп",Дальхимфарм ОАО,Беларусь,1 580 ₸,https://europharma.kz/kalcia-hlorid-100-mgml-10ml-no10-amp,2026-08-13 15:26:46
Лекарственные средства,Лечение заболеваний мочеполовой системы,,Фитолизин PRENATAL № 60 капс,Медана Фарма АО,Польша,6 425 ₸,https://europharma.kz/fitolizin-prenatal-no-60-kaps,2026-08-13 15:26:47
Лекарственные средства,Лечение лор заболеваний,,Мунаторил 30 мл спрей для горла,"Pharmaluce S.r.l.,Strada delle Seriole",,3 670 ₸,https://europharma.kz/munatoril-30-ml-sprey-dlya-gorla,2026-08-13 15:26:48
Лекарственные средства,Лечение сердечно-сосудистых заболеваний,,Клопидогрель Вива Фарм 75 мг № 28 табл п/о,Вива Фарм ТОО,,5 140 ₸,https://europharma.kz/klopidogrel-viva-farm-75-mg-no-28-tabl-po,2026-08-13 15:26:49
Лекарственные средства,Средства от аллергии,Антигистаминные препараты системного применения.,Ролиноз 10 мг № 20 табл п/плён оболоч,Уорлд Медицин Илач Сан.Ве Тидж А.Ш,Турция,4 695 ₸,https://europharma.kz/rolinoz-10-mg-no-20-tabl-pplen-oboloch,2026-08-13 15:26:50
Лекарственные средства,Лечение глаз,,Систейн 10 мл глазные капли-любрикант,Alcon-Couvreur,Бельгия,4 925 ₸,https://europharma.kz/sisteyn-10-ml-glaznyye-kapli-lyubrikant,2026-08-13 15:26:51
Лекарственные средства,Гормональные препараты,Гормональные пероральные контрацептивы. Прогестагены и эстрогены (фиксированные сочетания).,"Мидиана 3мг/0,03мг, №21, табл.",Гедеон Рихтер ОАО,Венгрия,4 170 ₸,https://europharma.kz/midiana-3mg003mg-no21-tabl,2026-08-13 15:26:52
Лекарственные средства,Противогрибковые средства,Прочие шампуни лечебного действия.,КЕТО плюс 60 мл шампунь,Гленмарк Фармасьютикалз Лтд,Индия,6 640 ₸,https://europharma.kz/keto-plyus-60-ml-shampun,2026-08-13 15:26:53
Лекарственные средства,Лечение артериального давления,Препараты для лечения функциональных нарушений желудочно-кишечного тракта (ЖКТ). Папаверин и его производные.Папаверин.,Папаверина г/х 2% 2 мл № 10 амп,Борисовский завод медицинских препаратов ОАО,Беларусь,500 ₸,https://europharma.kz/papaverina-gkh-2-2-ml-no-10-amp,2026-08-13 15:26:54
Лекарственные средства,Лечение артериального давления,АКФ ингибиторы в комбинации с другими препаратами. АКФ ингибиторы в комбинации с блокаторами «медленных» кальциевых каналов.,Экватор 20 мг/10 мг № 30 табл,Гедеон Рихтер ОАО,Венгрия,5 335 ₸,https://europharma.kz/ekvator-20-mg10-mg-no-30-tabl,2026-08-13 15:26:55
Лекарственные средства,Для повышения иммунитета,Противовирусные препараты прямого действия. Противовирусные препараты прочие.,Гроприносин 500 мг № 50 табл,Гедеон Рихтер ОАО,Венгрия,8 300 ₸,https://europharma.kz/groprinosin-500-mg-no-50-tabl,2026-08-13 15:26:56
Лекарственные средства,Лечение артериального давления,Препараты влияющие на систему ренин-ангиотензин. Ангиотензин-конвертирующего фермента ингибиторы. Эналаприл.,Энам 10 мг № 30 табл,Dr.Reddy`s Laboratories L,Индия,1 810 ₸,https://europharma.kz/enam-10-mg-no-30-tabl,2026-08-13 15:26:57
Лекарственные средства,Антисептики,,AlmaSEPT Гигиеническая жидкость для рук 3л,"ТОО ""RITS GROUP""",Казахстан,5 694 ₸,https://europharma.kz/almasept-gigiyenicheskaya-zhidkost-dlya-ruk-3l,2026-08-13 15:26:58
Лекарственные средства,Лечение лор заболеваний,,"Леденцы от кашля Швейцарские травы и мед + витамин С, 75 гр",Доктор Тайсс,Германия,2 100 ₸,https://europharma.kz/ledentsy-ot-kashlya-shveytsarskiye-travy-i-med-vitamin-s-75-gr,2026-08-13 15:27:01
Лекарственные средства,Лечение жкт,,Лоперамид 2 мг № 20 капс,Борисовский завод медицинских препаратов ОАО,,285 ₸,https://europharma.kz/loperamid-2-mg-no-20-kaps,2026-08-13 15:27:02
Лекарственные средства,Кожные заболевания,,"Акридерм 0,05% д/наруж применения 15 г крем",Акрихин АО Россия,Россия,1 430 ₸,https://europharma.kz/akriderm-005-dnaruzh-primeneniya-15-g-krem,2026-08-13 15:27:03
Лекарственные средства,Анальгетики,Анестетики. Анестетики местные. Аминобензойной кислоты эфиры. Прокаин,"Новокаин 0,5% раствор д/ инъекций 5 мл № 5 амп",Химфарм ФЗ АО,Казахстан,740 ₸,https://europharma.kz/novokain-05-rastvor-d-inyektsiy-5-ml-no-5-amp,2026-08-13 15:27:04
Лекарственные средства,Противокашлевые препараты,Препараты для устранения симптомов простуды и кашля.,Умкалор № 15 табл,Доктор Вильмра Швабе ГмбХ&Ко.КГ,Германия,3 455 ₸,https://europharma.kz/umkalor-no-15-tabl,2026-08-13 15:27:05
Лекарственные средства,Клималанин 400 мг №30 табл,Другие препараты для лечения гинекологических заболеваний,Клималанин 400 мг №30 табл,Laboratoires Bouchara Recordati,Франция,3 880 ₸,https://europharma.kz/klimalanin-400-mg-no30-tabl,2026-08-13 15:27:06
Лекарственные средства,Анальгетики,Противовоспалительные и противоревматические препараты. Нестероидные противовоспалительные препараты. Уксусной кислоты производные. Ацеклофенак,Аэртал 100 мг № 60 табл п/плён оболоч,Гедеон Рихтер ОАО,Венгрия,8 240 ₸,https://europharma.kz/aertal-100-mg-no-60-tabl-pplen-oboloch,2026-08-13 15:27:07
Лекарственные средства,Лечение неврологических нарушений,Препараты для лечения заболеваний нервной системы прочие.,Мексидол 5% р-р для в/в и в/м введения 5 мл № 5 амп,Армавирская биофабрика ФКП,Россия,4 740 ₸,https://europharma.kz/meksidol-5-r-r-dlya-vv-i-vm-vvedeniya-5-ml-no-5-amp,2026-08-13 15:27:09
Лекарственные средства,Средства от аллергии,,Цетрин форте №30 таблетки,Dr. Reddy’s Laboratories Limited/Др. Редди'с Лабор,,5 820 ₸,https://europharma.kz/tsetrin-forte-no30-tabletki,2026-08-13 15:27:10
Лекарственные средства,Инъекционные растворы и ампулы,Другие нелечебные средства. Растворители.,"Натрия хлорид 0,9%, 5 мл, №10, амп.",Борисовский завод медицинских препаратов ОАО,Беларусь,460 ₸,https://europharma.kz/natria-hlorid-09-5-ml-no10-amp-2,2026-08-13 15:27:11
Лекарственные средства,Лечение жкт,,"Уголь актив 0,25г №10 таб.",Dolce-pharm ТОО,,90 ₸,https://europharma.kz/ugol-aktiv-025g-no10-tab,2026-08-13 15:27:12
Лекарственные средства,Кожные заболевания,,"Акридерм 0,05% д/наруж применения 30 гр крем",Акрихин АО Россия,Россия,1 950 ₸,https://europharma.kz/akriderm-005-dnaruzh-primeneniya-30-gr-krem,2026-08-13 15:27:13
Лекарственные средства,Противовирусные препараты,,Осевир капсулы 75 мг №10,"Абди Ибрахим, Турция",,5 460 ₸,https://europharma.kz/osevir-kapsuly-75-mg-no10,2026-08-13 15:27:14
Лекарственные средства,Кожные заболевания,Глюкокортикостероиды для местного лечения заболеваний кожи. Глюкокортикостероиды в комбинации с другими препаратами. Кортикостероиды сильные в комбинации с другими препаратами. Бетаметазон в комбинации с другими препаратами.,Белосалик д/наруж применения 50 мл раствор,Belupo,Хорватия,5 160 ₸,https://europharma.kz/belosalik-dnaruzh-primeneniya-50-ml-rastvor,2026-08-13 15:27:15
Лекарственные средства,Гормональные препараты,Половые гормоны и модуляторы половой системы. Гормональные контрацептивы для системного использования. Прогестагены и эстрогены (фиксированные сочетания). Дезогестрел и эстрогены,"Новинет №21, табл.",Гедеон Рихтер ОАО,Венгрия,2 980 ₸,https://europharma.kz/novinet-no21-tabl,2026-08-13 15:27:16
Лекарственные средства,Лечение заболеваний мочеполовой системы,Диуретики. Калийсберегающие диуретики. Альдостерона антагонисты. Спиронолактон.,Верошпирон 50 мг № 30 капс,Гедеон Рихтер ОАО,Венгрия,2 530 ₸,https://europharma.kz/veroshpiron-50-mg-no-30-kaps,2026-08-13 15:27:17
Лекарственные средства,Противокашлевые препараты,,Мукалтин табл.50мг №50,"АО «Химфарм», Республика Казахстан, г. Шымкент, у",,2 120 ₸,https://europharma.kz/mukaltin-tabl50mg-no50,2026-08-13 15:27:18
Лекарственные средства,Гормональные препараты,Половые гормоны и модуляторы половой системы. Гормональные контрацептивы для системного использования. Прогестагены и эстрогены (фиксированные сочетания). Дезогестрел и эстрогены,Регулон № 63 табл,Гедеон Рихтер ОАО,Венгрия,7 566 ₸,https://europharma.kz/regulon-no-63-tabl,2026-08-13 15:27:19
Лекарственные средства,Лечение лор заболеваний,Противомикробные препараты для местного лечения заболеваний полости рта. Прочие.,"Аметронид 10 гр, гель",Акрити Фармасьютикалс ПВТ,Индия,1 245 ₸,https://europharma.kz/ametronid-10-gr-gel,2026-08-13 15:27:20
Лекарственные средства,Лечение неврологических нарушений,Препараты для лечения заболеваний нервной системы прочие.,Мексидол 5% р-р для в/в и в/м введения 2 мл № 10 амп,Армавирская биофабрика ФКП,Россия,4 610 ₸,https://europharma.kz/meksidol-5-r-r-dlya-vv-i-vm-vvedeniya-2-ml-no-10-amp,2026-08-13 15:27:21
Лекарственные средства,Анальгетики,Противовоспалительные и противоревматические препараты. Нестероидные противовоспалительные препараты. Уксусной кислоты производные. Ацеклофенак,Аэртал 100 мг № 20 табл п/плён оболоч,Гедеон Рихтер ОАО,Венгрия,2 920 ₸,https://europharma.kz/aertal-100-mg-no-20-tabl-pplen-oboloch,2026-08-13 15:27:22
Лекарственные средства,Лечение сердечно-сосудистых заболеваний,Препараты для лечения заболеваний сердца.,Рибоксин 2% 5 мл № 10 амп,Борисовский завод медицинских препаратов ОАО,Беларусь,525 ₸,https://europharma.kz/riboksin-2-5-ml-no-10-amp,2026-08-13 15:27:23
Лекарственные средства,Инъекционные растворы и ампулы,Плазмозамещающие и перфузионные растворы. Прочие ирригационные растворы. Декстроза.,Глюкоза 40% 5 мл № 10 амп,Борисовский завод медицинских препаратов ОАО,Беларусь,590 ₸,https://europharma.kz/glyukoza-40-5-ml-no-10-amp,2026-08-13 15:27:24
Лекарственные средства,Противокашлевые препараты,"Респираторная система. Препараты, применяемые при кашле и простудных заболеваниях. Экспекторанты, исключая комбинации с подавляющими кашель.Муколитики. Амброксол.",Амбробене 30 мг № 20 табл.,Меркле ГмбХ,Германия,2 900 ₸,https://europharma.kz/ambrobene-30-mg-no-20-tabl,2026-08-13 15:27:25
Лекарственные средства,Лечение сердечно-сосудистых заболеваний,Гиполипидемические препараты. Гипохолестеринемические и гипотриглицеридемические препараты. HMG CoA редуктазы ингибиторы. Розувастатин,"Мертенил 10 мг, №30, табл.",Гедеон Рихтер ОАО,Венгрия,3 330 ₸,https://europharma.kz/mertenil-10-mg-no30-tabl,2026-08-13 15:27:26
Лекарственные средства,Антибиотики,Бета-лактамные антибактериальные препараты прочие. Цефалоспорины третьего поколения.,Аксон 1 гр № 1 порошок для приготовления раствора для инъекций,Акрити Фармасьютикалс ПВТ,Индия,1 935 ₸,https://europharma.kz/akson-1-gr-no-1-poroshok-dlya-prigotovleniya-rastvora-dlya-inyektsiy,2026-08-13 15:27:27
Лекарственные средства,Гормональные препараты,Половые гормоны и модуляторы половой системы. Гормональные контрацептивы для системного использования. Прогестагены и эстрогены (фиксированные сочетания). Дезогестрел и эстрогены,"Новинет №63, табл.",Гедеон Рихтер ОАО,Венгрия,7 958 ₸,https://europharma.kz/novinet-no63-tabl,2026-08-13 15:27:28
Лекарственные средства,Противокашлевые препараты,"Респираторная система. Препараты, применяемые при кашле и простудных заболеваниях. Экспекторанты, исключая комбинации с подавляющими кашель.Муколитики. Амброксол.",Амбробене раствор д/инъекций 15 мг/2 мл № 5 амп,Меркле ГмбХ,Германия,2 445 ₸,https://europharma.kz/ambrobene-rastvor-dinyektsiy-15-mg2-ml-no-5-amp,2026-08-13 15:27:29
Лекарственные средства,Кожные заболевания,Глюкокортикостероиды для местного лечения заболеваний кожи. Глюкокортикостероиды активные (группа III). Бетаметазон.,"Белодерм 0,05%, 30 гр, крем",Belupo,Хорватия,2 600 ₸,https://europharma.kz/beloderm-005-30-gr-krem,2026-08-13 15:27:30
Лекарственные средства,Лечение артериального давления,Препараты влияющие на систему ренин-ангиотензин. Ангиотензин-конвертирующего фермента ингибиторы. Эналаприл.,"Энам 2,5 мг № 30 табл",Dr.Reddy`s Laboratories L,Индия,1 045 ₸,https://europharma.kz/enam-25-mg-no-30-tabl,2026-08-13 15:27:31
Лекарственные средства,Панавир 5 мл № 5 амп,Противовирусные препараты прочие.,Панавир 5 мл № 5 амп,"Эллара МЦ ООО, рег. уд.Нац. Исслед.Компания ООО",Россия,31 675 ₸,https://europharma.kz/panavir-5-ml-no-5-amp,2026-08-13 15:27:34
Лекарственные средства,Инъекционные растворы и ампулы,Плазмозамещающие и перфузионные растворы.,Глюкоза 10% 200 мл фл,Келун-Казфарм (Kelun-Kazpharm),Казахстан,345 ₸,https://europharma.kz/glukoza-10-200-ml-fl-5,2026-08-13 15:27:35
Лекарственные средства,Лечение глаз,,ОМК-1 10 мл капли глазные,FARMIGEA S.p.A,,10 640 ₸,https://europharma.kz/omk-1-10-ml-kapli-glaznyye,2026-08-13 15:27:36
Лекарственные средства,Инъекционные растворы и ампулы,Плазмозамещающие и перфузионные растворы.,"Глюкоза 5%, 400 мл",Келун-Казфарм (Kelun-Kazpharm),Казахстан,225 ₸,https://europharma.kz/glukoza-5-400-ml-2,2026-08-13 15:27:37
Лекарственные средства,Лечение лор заболеваний,,"Доктор Тайсс, Леденцы, Бронхозавр №6",DR.THEISS Naturwaren GmbH,,2 730 ₸,https://europharma.kz/doktor-tayss-ledentsy-bronkhozavr-no6,2026-08-13 15:27:38
Лекарственные средства,Гормональные препараты,"Половые гормоны и модуляторы функции половых органов, прогестагены.","Эскапел 1,5 мг, №1, табл.",Гедеон Рихтер ОАО,Венгрия,6 160 ₸,https://europharma.kz/eskapel-15-mg-no1-tabl,2026-08-13 15:27:39
Лекарственные средства,Лечение жкт,"Препараты, способствующие пищеварению, включая ферментные препараты. Пищеварительные ферментные препараты. Панкреатин.",Мезим форте № 80 табл п/плён оболоч,Берлин-Хеми АГ (Менарини,Германия,4 190 ₸,https://europharma.kz/mezim-forte-no-80-tabl-pplen-oboloch,2026-08-13 15:27:40
Лекарственные средства,Средства от аллергии,Антигистаминные препараты системного действия. Этилендиамины замещенные.,Аллергозан 25 мг № 20 табл п/плён оболоч,Софарма АО,Болгария,1 510 ₸,https://europharma.kz/allergozan-25-mg-no-20-tabl-pplen-oboloch,2026-08-13 15:27:41
Лекарственные средства,Лечение лор заболеваний,,Витаргол Форте спрей для горла 15 мл,ЭЛЮСАН НПЦ ООО,Россия,4 030 ₸,https://europharma.kz/vitargol-forte-sprey-dlya-gorla-15-ml,2026-08-13 15:27:42
Лекарственные средства,Лечение головного кровооброщения,Препараты для лечения заболеваний нервной системы. Парасимпатомиметики другие.,"Церетон 4 мл, №5, амп.",Сотекс ФармФирма ЗАО,Россия,7 955 ₸,https://europharma.kz/cereton-4-ml-no5-amp,2026-08-13 15:27:43
Лекарственные средства,Гормональные препараты,Гормональные пероральные контрацептивы. Прогестагены и эстрогены (фиксированные сочетания).,"ДИМИА 3 мг/0,02 мг № 28 табл п/плён оболоч",Гедеон Рихтер ОАО,Венгрия,5 035 ₸,https://europharma.kz/dimia-3-mg002-mg-no-28-tabl-pplen-oboloch,2026-08-13 15:27:44
Лекарственные средства,Лечение заболеваний мочеполовой системы,Диуретики. Калийсберегающие диуретики. Альдостерона антагонисты. Спиронолактон.,Верошпирон 100 мг № 30 капс,Гедеон Рихтер ОАО,Венгрия,3 630 ₸,https://europharma.kz/veroshpiron-100-mg-no-30-kaps,2026-08-13 15:27:46
Лекарственные средства,Инъекционные растворы и ампулы,Витамины. Аскорбиновая кислота.,Аскорбиновая кислота 50 мг/мл 2 мл № 10 амп,Дальхимфарм ОАО,Россия,985 ₸,https://europharma.kz/askorbinovaya-kislota-50-mgml-2-ml-no-10-amp,2026-08-13 15:27:47
Лекарственные средства,Лечение головного кровооброщения,Препараты для лечения заболеваний нервной системы.,Церетон 400 мг № 14 капс,Европа-Биофарма НПО ЗАО,Россия,5 030 ₸,https://europharma.kz/tsereton-400-mg-no-14-kaps,2026-08-13 15:27:48
Лекарственные средства,Противокашлевые препараты,"Респираторная система. Препараты, применяемые при кашле и простудных заболеваниях. Экспекторанты, исключая комбинации с подавляющими кашель.Муколитики. Амброксол.",Амбробене 15 мг/5 мл 100 мл сироп,Меркле ГмбХ,Германия,3 340 ₸,https://europharma.kz/ambrobene-15-mg5-ml-100-ml-sirop,2026-08-13 15:27:49
Лекарственные средства,Средства от аллергии,Назальные препараты. Антиконгестанты и другие назальные препараты для местного применения. Глюкокортикостероиды. Мометазон.,Этацид 50 мкг/доза 140 доз 18 г спрей назальный,Уорлд Медицин Илач Сан.Ве Тидж А.Ш,Турция,6 368 ₸,https://europharma.kz/etatsid-50-mkgdoza-140-doz-18-g-sprey-nazalnyy,2026-08-13 15:27:50
Лекарственные средства,Противокашлевые препараты,,Мукалтин® сироп от кашля 100мл,"АО «Химфарм», Республика Казахстан, г. Шымкент, у",,1 780 ₸,https://europharma.kz/mukaltin-sirop-ot-kashlya-100ml,2026-08-13 15:27:51
Лекарственные средства,Лечение артериального давления,"Препараты для лечения заболеваний сердечно-сосудистой системы. Блокаторы ""медленных"" кальциевых каналов. Блокаторы ""медленных"" кальциевых каналов селективные. Дигидропиридиновые производные. Амлодипин.",Нормодипин 5 мг № 30 табл.,Гедеон Рихтер ОАО,Венгрия,2 907 ₸,https://europharma.kz/normodipin-5-mg-no-30-tabl,2026-08-13 15:27:52
Лекарственные средства,Лечение головного кровооброщения,Препараты для лечения заболеваний нервной системы. Психоаналептики. Психостимуляторы и ноотропы. Психостимуляторы и ноотропы другие. Винпоцетин.,Кавинтон форте 10 мг № 30 табл,Гедеон Рихтер ОАО,Венгрия,2 990 ₸,https://europharma.kz/kavinton-forte-10-mg-no-30-tabl,2026-08-13 15:27:53
Лекарственные средства,Анальгетики,Анестетики. Анестетики местные. Амиды. Лидокаин.,Лидокаина гидрохлорид 2% 2 мл № 10 амп,Борисовский завод медицинских препаратов ОАО,Беларусь,495 ₸,https://europharma.kz/lidokaina-gidrokhlorid-2-2-ml-no-10-amp,2026-08-13 15:27:54
Лекарственные средства,Противокашлевые препараты,,"Амбробене 7,5 мг/мл 40 мл раствор для приема внутрь и ингаляций",Меркле ГмбХ,Германия,2 775 ₸,https://europharma.kz/ambrobene-75-mgml-40-ml-rastvor-dlya-priyema-vnutr-i-ingalyatsiy,2026-08-13 15:27:55
Лекарственные средства,Лечение заболеваний мочеполовой системы,,"Уролизин форте №30, табл",Complete-Pharma Europe (Helsinki.Finland),Таиланд,7 837 ₸,https://europharma.kz/urolizin-forte-no30-tabl,2026-08-13 15:27:56
Лекарственные средства,"Пролиа 60 мг/мл, р-р д/подкожного введения","Препараты для лечения заболеваний костей. Другие препараты, влияющие на структуру и минерализацию костей. Денозумаб.","Пролиа 60 мг/мл, р-р д/подкожного введения",Амджен Мэньюфэкчуринг Лим,Пуэрто - рико,103 185 ₸,https://europharma.kz/prolia-60-mgml-r-r-dpodkoznogo-vvedenia,2026-08-13 15:27:57
Лекарственные средства,Лечение печени,Препараты для лечения заболеваний печени и желчевыводящих путей. Препараты для лечения заболеваний желчевыводящих путей. Препараты желчных кислот. Урсодезоксихолевая кислота.,"Урсозим 250 мг, №60, капс.",Абди Ибрахим Илач,Казахстан,10 090 ₸,https://europharma.kz/ursozim-250-mg-no60-kaps,2026-08-13 15:27:58
Лекарственные средства,Лечение глаз,Препараты для лечения заболеваний глаз. Дексаметазон в сочетании с противомикробными препаратами.,Макситрол 5 мл капли глазные,Alcon-Couvreur,Бельгия,2 447 ₸,https://europharma.kz/maksitrol-5-ml-kapli-glaznyye,2026-08-13 15:27:59
Лекарственные средства,"Отривин Ментол 0,1% 10 мл спрей назальный",Антикогестанты и другие назальные препараты для местного применения.,"Отривин Ментол 0,1% 10 мл спрей назальный",Novartis Consumer Health,Швейцария,2 115 ₸,https://europharma.kz/otrivin-mentol-01-10-ml-sprey-nazalnyy,2026-08-13 15:28:00
Лекарственные средства,Инъекционные растворы и ампулы,Плазмозамещающие и перфузионные растворы.,"Глюкоза 5%, 200 мл",Келун-Казфарм (Kelun-Kazpharm),Казахстан,245 ₸,https://europharma.kz/glukoza-5-200-ml-2,2026-08-13 15:28:01
Лекарственные средства,Таблетки от кашля № 10 табл.,Препараты для устранения симптомов простуды и кашля.,Таблетки от кашля № 10 табл.,Химфарм ФЗ АО,Казахстан,235 ₸,https://europharma.kz/tabletki-ot-kashlya-no-10-tabl-2,2026-08-13 15:28:02
Лекарственные средства,Лечение заболеваний опорно-двигательного аппарата,Нестероидные противовоспалительные препараты для местного лечения. Ацеклофенак.,"Аэртал 1,5% 60 г крем",Гедеон Рихтер ОАО,Венгрия,4 480 ₸,https://europharma.kz/aertal-15-60-g-krem,2026-08-13 15:28:03
Лекарственные средства,Лечение печени,Препараты для лечения заболеваний печени и желчевыводящих путей. Препараты для лечения заболеваний желчевыводящих путей. Препараты желчных кислот. Урсодезоксихолевая кислота.,Урсозим 250 мг №120 капс.,Абди Ибрахим Илач,Казахстан,18 965 ₸,https://europharma.kz/ursozim-250-mg-no120-kaps,2026-08-13 15:28:04
Лекарственные средства,Противовирусные препараты,,Виферон 40000 МЕ/г 12 г мазь,Ферон ООО,Россия,2 890 ₸,https://europharma.kz/viferon-40000-meg-12-g-maz,2026-08-13 15:28:07
Лекарственные средства,Лечение артериального давления,"Препараты, влияющие на систему ренин-ангиотензин. АКФ ингибиторы в комбинации с другими препаратами. АКФ ингибиторы в комбинации с блокаторами «медленных» кальциевых каналов. Лизиноприл и амлодипин.",Экватор 10 мг/5 мг № 30 табл,Гедеон Рихтер ОАО,Венгрия,4 070 ₸,https://europharma.kz/ekvator-10-mg5-mg-no-30-tabl,2026-08-13 15:28:08
Лекарственные средства,Антибиотики,,Фурадонин 50 мг №20 табл,Борисовский ФЗ Белар,,135 ₸,https://europharma.kz/furadonin-50-mg-no20-tabl,2026-08-13 15:28:09
Лекарственные средства,Лечение лор заболеваний,Антиконгестанты и другие назальные препараты для местного применения. Симпатомиметики. Ксилометазолин.,"Галазолин детский 0,05% для носа 10 гр гель",Химфарм ФЗ АО,Польша,1 830 ₸,https://europharma.kz/galazolin-detskiy-005-dlya-nosa-10-gr-gel,2026-08-13 15:28:10
Лекарственные средства,Лечение лор заболеваний,Антиконгестанты и другие назальные препараты. Назальные препараты. Кортикостероиды. Мометазон.,Момат Рино 50мкг/доза 120 доз №1 спрей наз,Гленмарк Фармасьютикалз Лтд,Индия,5 060 ₸,https://europharma.kz/momat-rino-50mkgdoza-120-doz-no1-sprej-naz,2026-08-13 15:28:11
Лекарственные средства,Лечение лор заболеваний,,"Стрепсилс №16, табл. для рассасывания, для детей с 6 лет, б/с, клубника",Рекитт Бенкизер Хэлскер Интернешнл Лтд,Великобритания,1 795 ₸,https://europharma.kz/strepsils-no16-tabl-dlya-rassasyvaniya-dlya-detey-s-6-let-bs-klubnika,2026-08-13 15:28:12
Лекарственные средства,Лечение неврологических нарушений,Снотворные и седативные препараты другие.,Валерианы настойка для приема внутрь 30 мл,Борисовский завод медицинских препаратов ОАО,Беларусь,220 ₸,https://europharma.kz/valeriany-nastoyka-dlya-priyema-vnutr-30-ml,2026-08-13 15:28:13
Лекарственные средства,Лечение лор заболеваний,,Витаргол Форте спрей для носа 15 мл,ЭЛЮСАН НПЦ ООО,Россия,4 030 ₸,https://europharma.kz/vitargol-forte-sprey-dlya-nosa-15-ml,2026-08-13 15:28:14
Лекарственные средства,Инъекционные растворы и ампулы,"Растворители и растворы для разведения, включая ирригационные растворы.",Вода для инъекций 2 мл № 10 амп,Химфарм ФЗ АО,Казахстан,1 360 ₸,https://europharma.kz/voda-dlya-inyektsiy-2-ml-no-10-amp,2026-08-13 15:28:15
Лекарственные средства,Средства от аллергии,Антигитаминные препараты системного действия. Производные пиперазина.,Цетрин 10 мг № 20 табл п/плён оболоч,Dr.Reddy`s Laboratories L,Индия,2 150 ₸,https://europharma.kz/tsetrin-10-mg-no-20-tabl-pplen-oboloch,2026-08-13 15:28:16
Лекарственные средства,Лечение жкт,Прочие кишечные адсорбенты,Полисорб МП 25 гр порошок для пригот. сусп.,Твинс-Тек,Россия,6 910 ₸,https://europharma.kz/polisorb-mp-25-gr-poroshok-dlya-prigot-susp,2026-08-13 15:28:17
Лекарственные средства,Лечение лор заболеваний,,"Танфлекс 0,15%, 30 мл, оральный спрей",ABDI IBRAHIM,Турция,3 200 ₸,https://europharma.kz/tanfleks-015-30-ml-oralnyy-sprey,2026-08-13 15:28:18
Лекарственные средства,Препараты урологии и гинекологии,Препараты для лечения амебиаза и других протозойных инфекций. Нитроимидазола производные. Орнидазол,Орнисид форте 500 мг № 10 табл покрытые оболочкой,ABDI IBRAHIM,Турция,4 020 ₸,https://europharma.kz/ornisid-forte-500-mg-no-10-tabl-pokrytyye-obolochkoy,2026-08-13 15:28:19
Лекарственные средства,Лечение глаз,Противомикробные препараты – производные хинолона. Фторхинолоны.,Ципролет® 3 мг/мл 5 мл капли глазные,Dr.Reddy`s Laboratories L,Индия,1 165 ₸,https://europharma.kz/tsiprolet-3-mgml-5-ml-kapli-glaznyye,2026-08-13 15:28:20
Лекарственные средства,Противокашлевые препараты,,Амбро 30 мг № 20 табл.,Химфарм ФЗ АО,Казахстан,2 265 ₸,https://europharma.kz/ambro-30-mg-no-20-tabl,2026-08-13 15:28:21
Лекарственные средства,Лечение глаз,,"Тобрадекс 3,5 гр, гл. мазь",Alcon-Couvreur,Бельгия,3 160 ₸,https://europharma.kz/tobradeks-35-gr-gl-maz,2026-08-13 15:28:22
Лекарственные средства,Лечение головного кровооброщения,Психоаналептики. Психостимуляторы и ноотропы другие. Цитиколин.,Кванил 500 мг № 10 табл п/плён оболоч,Кусум Хелтхер,Индия,4 753 ₸,https://europharma.kz/kvanil-500-mg-no-10-tabl-pplen-oboloch,2026-08-13 15:28:23
Лекарственные средства,Лечение лор заболеваний,Антиконгестанты и другие назальные препараты. Назальные препараты. Кортикостероиды. Мометазон.,Момат Рино 50 мкг/доза 60 доз спрей назальный,Гленмарк Фармасьютикалз Лтд,Индия,3 280 ₸,https://europharma.kz/momat-rino-50-mkgdoza-60-doz-sprey-nazalnyy,2026-08-13 15:28:24
Лекарственные средства,Инъекционные растворы и ампулы,,Дисоль 200мл,"ОАФ НПК Эском, Россия",,665 ₸,https://europharma.kz/disol-200ml,2026-08-13 15:28:25
Лекарственные средства,Гормональные препараты,"Половые гормоны и модуляторы функции половых органов, производные эстрена","Норколут 5 мг, №20, табл.",Гедеон Рихтер ОАО,Венгрия,1 800 ₸,https://europharma.kz/norkolut-5-mg-no20-tabl,2026-08-13 15:28:26
Лекарственные средства,Лечение глаз,,ОМК-2 10 мл капли глазные,FARMIGEA S.p.A,,12 210 ₸,https://europharma.kz/omk-2-10-ml-kapli-glaznyye,2026-08-13 15:28:27
Лекарственные средства,Лечение заболеваний мочеполовой системы,Диуретики. Калийсберегающие диуретики. Альдостерона антагонисты. Спиронолактон.,Верошпирон 25 мг № 20 табл,Гедеон Рихтер ОАО,Венгрия,1 485 ₸,https://europharma.kz/veroshpiron-25-mg-no-20-tabl,2026-08-13 15:28:28
Лекарственные средства,Анальгетики,,"Диклофенак Штада 50 мг, №10, супп.",Нижфарм ОАО,Германия,1 840 ₸,https://europharma.kz/diklofenak-stada-50-mg-no10-supp,2026-08-13 15:28:30
Лекарственные средства,Лечение головного кровооброщения,,Кавинтон 5 мг № 50 табл,Гедеон Рихтер ОАО,Венгрия,2 930 ₸,https://europharma.kz/kavinton-5-mg-no-50-tabl,2026-08-13 15:28:31
Лекарственные средства,Рецептурные препараты,Противомикробные препараты для системного использования.,Зиромин порошок для приготовления сусп. для приема внутрь 200мг/5мл 30мл,Уорлд Медицин Илач Сан.Ве Тидж А.Ш,Великобритания,2 945 ₸,https://europharma.kz/ziromin-porosok-dla-prigotovlenia-susp-dla-priema-vnutr-200mg5ml-30ml,2026-08-13 15:28:32
Лекарственные средства,Лечение артериального давления,"Препараты, влияющие на систему ренин-ангиотензин. АКФ ингибиторы в комбинации с другими препаратами. АКФ ингибиторы, другие комбинации. Периндоприл, амлодипин и индапамид","Трипликсам 10 мг/2,5 мг/10 мг № 30 табл п/плён оболоч",Сервье Ле Лаборатуар,Франция,8 724 ₸,https://europharma.kz/tripliksam-10-mg25-mg10-mg-no-30-tabl-pplen-oboloch,2026-08-13 15:28:33
Лекарственные средства,Лечение жкт,Прочие кишечные адсорбенты,Полисорб МП 12 гр порошок для пригот. сусп.,Твинс-Тек,Россия,3 820 ₸,https://europharma.kz/polisorb-mp-12-gr-poroshok-dlya-prigot-susp,2026-08-13 15:28:34
Лекарственные средства,Лечение лор заболеваний,Антиконгестанты и другие назальные препараты для местного применения. Глюкокортикстероиды.,"Назостер 0,05%, 18 г, спрей назальный",Санта фарма,Турция,5 425 ₸,https://europharma.kz/nazoster-005-18-g-sprey-nazalnyy,2026-08-13 15:28:35
Лекарственные средства,Противогрибковые средства,,Орнисид 500 мг № 5 вагин. табл.,ABDI IBRAHIM,Турция,3 505 ₸,https://europharma.kz/ornisid-500-mg-no-5-vagin-tabl,2026-08-13 15:28:36
Лекарственные средства,Лечение глаз,"Препараты для лечения заболеваний глаз. Антиглаукомные препараты и миотики, ингибиторы карбоангидразы.",Азопт 10 мг/ мл 5 мл капли глазные,Alcon-Couvreur,Бельгия,4 745 ₸,https://europharma.kz/azopt-10-mg-ml-5-ml-kapli-glaznyye,2026-08-13 15:28:37
Лекарственные средства,Лечение лор заболеваний,,"Тантум Верде 0,255 мг/доза 30 мл спрей",Азиенде Кимике Риуните Ан,Италия,4 415 ₸,https://europharma.kz/tantum-verde-0255-mgdoza-30-ml-sprey,2026-08-13 15:28:40
Лекарственные средства,Анальгетики,"Костно-мышечная система. Противовоспалительные и противоревматические препараты. Противовоспалительные и противоревматические препараты, нестероидные. Уксусной кислоты производные и родственные соединения. Диклофенак.",Диклофенак-ратиофарм 50 мг № 10 суппозит. ректал.,Ратиофарм ГмбХ,Германия,1 720 ₸,https://europharma.kz/diklofenak-ratiofarm-50-mg-no-10-suppozit-rektal,2026-08-13 15:28:41
Лекарственные средства,Противовоспалительные средства,Противовоспалительные препараты для интравагинального применения,Кызыл май с облепихой № 10 суппозитории,Кызылмай Фирма ПК,Казахстан,2 630 ₸,https://europharma.kz/kyzyl-may-s-oblepikhoy-no-10-suppozitorii,2026-08-13 15:28:42
Лекарственные средства,Анальгетики,"Костно-мышечная система. Противовоспалительные и противоревматические препараты. Противовоспалительные и противоревматические препараты, нестероидные. Уксусной кислоты производные и родственные соединения. Диклофенак.",Диклофенак-ратиофарм ретард 100 мг № 20 капс,Ацино Фарма АГ,Швейцария,1 835 ₸,https://europharma.kz/diklofenak-ratiofarm-retard-100-mg-no-20-kaps,2026-08-13 15:28:43
Лекарственные средства,Лечение глаз,Препараты для лечения заболеваний глаз. Противоглаукомные препараты и миотики. Бета-адреноблокаторы. Тимолол в комбинации с другими препаратами.,Азарга 5 мл капли глазные,Alcon-Couvreur,Бельгия,7 145 ₸,https://europharma.kz/azarga-5-ml-kapli-glaznyye,2026-08-13 15:28:44
Лекарственные средства,Гинекологические препараты,Антисептики и противомикробные препараты для лечения гинекологических заболеваний. Антисептики и противомикробные препараты для лечения гинекологических заболеваний (исключая комбинации с кортикостероидами). Производные имидазола. Имидазола производных комбинация,Клион-Д 100 мг № 10 вагин. табл.,Гедеон Рихтер ОАО,Венгрия,2 759 ₸,https://europharma.kz/klion-d-100-mg-no-10-vagin-tabl,2026-08-13 15:28:45
Лекарственные средства,Анальгетики,"Костно-мышечная система. Противовоспалительные и противоревматические препараты. Противовоспалительные и противоревматические препараты, нестероидные. Уксусной кислоты производные и родственные соединения. Диклофенак.",Диклофенак-ратиофарм 100 мг № 10 суппозит. ректал.,Меркле ГмбХ,Германия,3 210 ₸,https://europharma.kz/diklofenak-ratiofarm-100-mg-no-10-suppozit-rektal,2026-08-13 15:28:46
Лекарственные средства,Пробиотики и пребиотики,,"Максилак Бэби №10, пор.",Genexo Sp.z.o.o.,Польша,4 385 ₸,https://europharma.kz/maksilak-bebi-no10-por,2026-08-13 15:28:47
Лекарственные средства,Лечение жкт,Прочие кишечные адсорбенты,Полисорб МП 50 гр порошок для пригот. сусп.,Твинс-Тек,Россия,8 005 ₸,https://europharma.kz/polisorb-mp-50-gr-poroshok-dlya-prigot-susp,2026-08-13 15:28:48
Лекарственные средства,Противовоспалительные средства,Другие антиcептики и противомикробные препараты,Кызыл май с прополисом № 10 суппозитории,Кызылмай Фирма ПК,Казахстан,2 620 ₸,https://europharma.kz/kyzyl-may-s-propolisom-no-10-suppozitorii-2,2026-08-13 15:28:49
Лекарственные средства,Средства от аллергии,Антигистаминные препараты системного действия.,L-Цет 5 мг № 30 табл п/плён оболоч,Кусум Хелтхер,Индия,3 150 ₸,https://europharma.kz/l-tset-5-mg-no-30-tabl-pplen-oboloch,2026-08-13 15:28:50
Лекарственные средства,Лечение головного кровооброщения,Психоаналептики. Психостимуляторы и ноотропы. Психостимуляторы и ноотропы другие. Винпоцетин,Кавинтон раствор д/инъекций 2 мл № 10 амп,Гедеон Рихтер ОАО,Венгрия,3 995 ₸,https://europharma.kz/kavinton-rastvor-dinyektsiy-2-ml-no-10-amp,2026-08-13 15:28:51
Лекарственные средства,Противокашлевые препараты,,Амбро 30 мг/5 мл 100 мл сироп,Химфарм ФЗ АО,Казахстан,2 645 ₸,https://europharma.kz/ambro-30-mg5-ml-100-ml-sirop,2026-08-13 15:28:52
Лекарственные средства,Лечение неврологических нарушений,Седативные и снотворные препараты другие.,"Пустырника 25 мл, настойка",Борисовский завод медицинских препаратов ОАО,Беларусь,200 ₸,https://europharma.kz/pustyrnika-25-ml-nastoyka-2,2026-08-13 15:28:53
Лекарственные средства,Лечение заболеваний опорно-двигательного аппарата,Препараты для местного лечения заболеваний опорно-двигательного аппарата. Нестероидные противовоспалительные препараты для местного применения. Нимесулид,"Френаг 30 гр, гель",MERKEZ Laboratory Pharmaceutical and Trade Co.,Турция,1 750 ₸,https://europharma.kz/frenag-30-gr-gel,2026-08-13 15:28:54
Лекарственные средства,Лечение неврологических нарушений,Средства для устранения головокружения. Бетагистин.,Бетасерк 24 мг № 60 табл,Эбботт Хелскеа САС,Франция,10 288 ₸,https://europharma.kz/betaserk-24-mg-no-60-tabl,2026-08-13 15:28:55
Лекарственные средства,Лечение сердечно-сосудистых заболеваний,Минеральные добавки. Прочие минеральные вещества.,Панангин № 50 табл,Гедеон Рихтер ОАО,Венгрия,3 635 ₸,https://europharma.kz/panangin-no-50-tabl,2026-08-13 15:28:56
Лекарственные средства,Противовирусные препараты,Противовирусные препараты для системного применения. Противовирусные препараты прямого действия. Противовирусные препараты прочие. Умифеновир.,Арпефлю 100 мг №20 табл,Лекфарм ООО,Беларусь,3 885 ₸,https://europharma.kz/arpeflyu-100-mg-no20-tabl,2026-08-13 15:28:57
Лекарственные средства,Рецептурные препараты,,"Симдакс конц. для приг. р-ра для инфузий 2,5мг/мл, 5 мл, фл.",Орион,Финляндия,239 065 ₸,https://europharma.kz/simdaks-konts-dlya-prig-r-ra-dlya-infuziy-25mgml-5-ml-fl,2026-08-13 15:28:58
Лекарственные средства,Гормональные препараты,Препараты для лечения заболеваний урогенитальных органов и половые гормоны. Другие препараты для лечения гинекологических заболеваний. Пролактина секреции ингибиторы. Бромокриптин,"Бромокриптин-Рихтер 2,5 мг № 30 табл",Гедеон Рихтер ОАО,Венгрия,4 555 ₸,https://europharma.kz/bromokriptin-rikhter-25-mg-no-30-tabl,2026-08-13 15:28:59
Лекарственные средства,Лечение глаз,Препараты для лечения заболеваний органов чувств. Препараты для лечения заболеваний глаз. Мидриатики. Холиноблокаторы.,"Цирелакс 1%, 5 мл, гл. капли",Ромфарм Компания СРЛ,Румыния,3 025 ₸,https://europharma.kz/tsirelaks-1-5-ml-gl-kapli,2026-08-13 15:29:00
Лекарственные средства,Противовирусные препараты,Противоинфекционные препараты системного использования. Противовирусные препараты для системного применения. Противовирусные препараты прямого действия. Противовирусные препараты для лечения вирусного гепатита С. Глекапревир и Пибрентасвир.,Мавирет № 84 табл п/плён оболоч,Фурнье Лаборатории Ирланд,Ирландия,1 530 000 ₸,https://europharma.kz/maviret-no-84-tabl-pplen-oboloch,2026-08-13 15:29:01
Лекарственные средства,Гормональные препараты,,Дексаметазон Аджио 4 мг/1 мл № 25 амп,Аджио Фармацевтикалз Лтд,,2 167 ₸,https://europharma.kz/deksametazon-adzhio-4-mg1-ml-no-25-amp,2026-08-13 15:29:02
Лекарственные средства,Противокашлевые препараты,,Амбро раствор д/ инъекций 15 мг/2 мл № 5 амп,Химфарм ФЗ АО,Казахстан,1 940 ₸,https://europharma.kz/ambro-rastvor-d-inyektsiy-15-mg2-ml-no-5-amp,2026-08-13 15:29:03
Лекарственные средства,Противокашлевые препараты,Отхаркивающие препараты,Проспан от кашля 100 мл сироп,Engelhard Arzneimittel Gm,Германия,3 760 ₸,https://europharma.kz/prospan-ot-kashlya-100-ml-sirop,2026-08-13 15:29:04
Лекарственные средства,Анальгетики,Нестероидные противовоспалительные средства. Пропионовой кислоты производные. Кетопрофен.,Кетонал 100 мг № 12 суппозит. ректал.,Сандоз Фармасьютикалс д.д.,Турция,3 565 ₸,https://europharma.kz/ketonal-100-mg-no-12-suppozit-rektal,2026-08-13 15:29:05
Лекарственные средства,Лечение жкт,,"Бифидумбактерин-Экополис 0,3гр/фл. №10",ЭкоПолис,,1 180 ₸,https://europharma.kz/bifidumbakterin-ekopolis-03grfl-no10,2026-08-13 15:29:06
Лекарственные средства,Антибиотики,Антибактериальные препараты для системного использования. Бета-лактамные антибактериальные препараты-пенициллины. Пенициллины широкого спектра действия. Амоксициллин,"Оспамокс® 1000 мг №14,табл диспергируемые",Сандоз Фармасьютикалс д.д.,Австрия,4 465 ₸,https://europharma.kz/ospamoksr-1000-mg-no14tabl-dispergiruemye,2026-08-13 15:29:07
Лекарственные средства,Противовоспалительные средства,Противовоспалительные препараты для интравагинального введения,Кызыл май Липофит № 10 суппозитории,Кызылмай Фирма ПК,Казахстан,2 682 ₸,https://europharma.kz/kyzyl-may-lipofit-no-10-suppozitorii,2026-08-13 15:29:08
Лекарственные средства,Лечение сахарного диабета,,Глюкофаж XR 750 мг № 60 табл пролонг действия п/плён оболоч,Мерк С.Л.,Франция,5 565 ₸,https://europharma.kz/glyukofazh-xr-750-mg-no-60-tabl-prolong-deystviya-pplen-oboloch,2026-08-13 15:29:09
Лекарственные средства,Лечение лор заболеваний,Препараты для лечения заболеваний горла,Трахисан № 20 табл.д/рассасыв-я,Engelhard Arzneimittel Gm,Германия,3 685 ₸,https://europharma.kz/trakhisan-no-20-tabldrassasyv-ya,2026-08-13 15:29:12
Лекарственные средства,Противовоспалительные средства,Прочие иммуностимуляторы,Метилурациловые № 10 суппозит. ректал.,Stada Arzneimittel AG,Россия,890 ₸,https://europharma.kz/metiluratsilovyye-no-10-suppozit-rektal,2026-08-13 15:29:13
Лекарственные средства,Противокашлевые препараты,,Мукалтин табл.50мг №30 стрип,"АО «Химфарм», Республика Казахстан, г. Шымкент, у",,1 150 ₸,https://europharma.kz/mukaltin-tabl50mg-no30-strip,2026-08-13 15:29:14
Лекарственные средства,Сенаде № 500 табл,Пищеварительный тракт и обмен веществ. Слабительные. Контактные слабительные. Сенны гликозиды.,Сенаде № 500 табл,Ципла Лтд,Индия,7 650 ₸,https://europharma.kz/senade-no-500-tabl,2026-08-13 15:29:15
Лекарственные средства,Лечение жкт,Противоязвенные препараты и препараты для лечения гастроэзофагеального рефлюкса (GORD). Блокаторы Н2-гистаминовых рецепторов. Фамотидин.,Квамател 20 мг № 28 табл п/плён оболоч,Гедеон Рихтер ОАО,Венгрия,1 615 ₸,https://europharma.kz/kvamatel-20-mg-no-28-tabl-pplen-oboloch,2026-08-13 15:29:16
Лекарственные средства,Лечение жкт,Противоязвенные препараты и препараты для лечения гастроэзофагеального рефлюкса (GORD). Блокаторы Н2-гистаминовых рецепторов. Фамотидин.,Квамател 40 мг № 14 табл п/плён оболоч,Гедеон Рихтер ОАО,Венгрия,1 465 ₸,https://europharma.kz/kvamatel-40-mg-no-14-tabl-pplen-oboloch,2026-08-13 15:29:17
Лекарственные средства,Лечение жкт,,"Тагансорбент с иономи серебра №30, пор.",Сорбент ТОО,Казахстан,3 075 ₸,https://europharma.kz/tagansorbent-s-ionomi-serebra-no30-por,2026-08-13 15:29:18
Лекарственные средства,Гинекологические препараты,Антибактериальные препараты для системного использования. Другие антибактериальные препараты. Производные имидазола. Метронидазол,"Метрид 0,5% 100 мл раствор для инфузий",Кларис Лайфсайнсес Лимитед,Индия,385 ₸,https://europharma.kz/metrid-05-100-ml-rastvor-dlya-infuziy,2026-08-13 15:29:19
Лекарственные средства,Анальгетики,"Костно-мышечная система. Противовоспалительные и противоревматические препараты. Противовоспалительные и противоревматические препараты, нестероидные. Уксусной кислоты производные и родственные соединения. Диклофенак.",Диклофенак-ратиофарм 50 мг № 50 табл покрытые оболочкой,Меркле ГмбХ,Германия,2 395 ₸,https://europharma.kz/diklofenak-ratiofarm-50-mg-no-50-tabl-pokrytyye-obolochkoy,2026-08-13 15:29:20
Лекарственные средства,Лечение сердечно-сосудистых заболеваний,,Тромбопол NEO 75 мг № 120 табл,Химфарм ФЗ АО,Польша,3 320 ₸,https://europharma.kz/trombopol-neo-75-mg-no-120-tabl,2026-08-13 15:29:21
Лекарственные средства,Лечение глаз,,"Медетром 5мл гл,капли",УОРЛД МЕДИЦИН ЕВРОПА С.Р.Л.К.О.,,2 515 ₸,https://europharma.kz/medetrom-5ml-glkapli,2026-08-13 15:29:22
Лекарственные средства,Жаропонижающие,"Нервная система. Анальгетики. Другие анальгетики-антипиретики. Анилиды. Парацетамол, комбинации исключая психолептики.",ТераФлю порошок со вкусом лимона № 10 пакетики,Novartis Consumer Health,Швейцария,3 419 ₸,https://europharma.kz/teraflyu-poroshok-so-vkusom-limona-no-10-paketiki,2026-08-13 15:29:24
Лекарственные средства,Противогрибковые средства,Противогрибковые средства для системного применения.,Фуцис ДТ 50 мг № 4 табл диспер,Кусум Хелтхер,Индия,3 860 ₸,https://europharma.kz/futsis-dt-50-mg-no-4-tabl-disper,2026-08-13 15:29:25
Лекарственные средства,Кожные заболевания,,"Клобефорд 0,5 мг/г 30 г крем д/наружного прим. в тубе",Оксворл Лабораториз Пвт.Лтд. Индия,,2 234 ₸,https://europharma.kz/klobeford-05-mgg-30-g-krem-dnaruzhnogo-prim-v-tube,2026-08-13 15:29:26
Лекарственные средства,Лечение жкт,Электролитные растворы.,Магния сульфат 25% 5 мл № 10 амп,Борисовский завод медицинских препаратов ОАО,Беларусь,555 ₸,https://europharma.kz/magniya-sulfat-25-5-ml-no-10-amp,2026-08-13 15:29:27
Лекарственные средства,Лечение головного кровооброщения,Психостимулирующие и ноотропные средства,Тиоцетам 5 мл № 10 амп,Галичфарм АО,Украина,3 462 ₸,https://europharma.kz/tiotsetam-5-ml-no-10-amp,2026-08-13 15:29:27
Лекарственные средства,Инъекционные растворы и ампулы,"Кровь и органы кроветворения. Кровезаменители и перфузионные растворы. Растворы для внутривенного введения. Растворы, влияющие на водно-электролитный баланс. Электролиты.","Натрия хлорид 0,9% 500 мл раствор",Келун-Казфарм (Kelun-Kazpharm),Казахстан,315 ₸,https://europharma.kz/natriya-khlorid-09-500-ml-rastvor-2,2026-08-13 15:29:29
Лекарственные средства,Лечение сердечно-сосудистых заболеваний,Прочие кардиотонические препараты .,Рибоксин 200 мг № 50 табл,Биосинтез ОАО,Россия,695 ₸,https://europharma.kz/riboksin-200-mg-no-50-tabl,2026-08-13 15:29:30
Лекарственные средства,Противовоспалительные средства,Другие антисептики и противомикробные препараты,Кызыл май Метрофит № 10 суппозитории,Кызылмай Фирма ПК,Казахстан,2 635 ₸,https://europharma.kz/kyzyl-may-metrofit-no-10-suppozitorii,2026-08-13 15:29:31
Лекарственные средства,Лечение головного кровооброщения,Психоаналептики. Психостимуляторы и ноотропы другие. Цитиколин.,Кванил 500 мг № 30 саше,Кусум Хелтхер,Индия,12 165 ₸,https://europharma.kz/kvanil-500-mg-no-30-sashe,2026-08-13 15:29:32
Лекарственные средства,Лечение геморроя,Прочие препараты для лечения геморроя и анальных трещин для местного применения. Прочие препараты и их комбинации,Анузол № 10 суппозит. ректал.,Нижфарм ОАО,Россия,1 540 ₸,https://europharma.kz/anuzol-no-10-suppozit-rektal,2026-08-13 15:29:33
Лекарственные средства,Лечение лор заболеваний,Назальные препараты. Антиконгестанты и другие назальные препараты для местного применения. Симпатомиметики. Нафазолин.,"Санорин 0,1% 10 мл капли назальные",Тева Чешские Предприятия с.р.о,Чешская республика,1 065 ₸,https://europharma.kz/sanorin-01-10-ml-kapli-nazalnyye,2026-08-13 15:29:34
Лекарственные средства,Антибиотики,Антибактериальные препараты для системного использования. Бета-лактамные антибактериальные препараты-пенициллины. Пенициллины широкого спектра действия. Амоксициллин,"Оспамокс® 500 мг №14,табл диспергируемые",Сандоз Фармасьютикалс д.д.,Австрия,2 980 ₸,https://europharma.kz/ospamoksr-500-mg-no14tabl-dispergiruemye,2026-08-13 15:29:35
Лекарственные средства,Антибиотики,Антибактериальные препараты для системного использования. Бета –лактамные антибактериальные препараты прочие. Цефалоспорины третьего поколения. Цефтриаксон.,Цефамед 1 гр № 1 порошок для приготовления раствора для инъекций,ФармаВижн Санайи ве Тиджарет А.Ш,,3 430 ₸,https://europharma.kz/tsefamed-1-gr-no-1-poroshok-dlya-prigotovleniya-rastvora-dlya-inyektsiy,2026-08-13 15:29:36
Лекарственные средства,Анальгетики,Нестероидные противовоспалительные препараты. Оксикамы.,Артоксан с раст-лем 20 мг № 3 порошок для приготовления раствора для инъекций,"Е.И.П.И.Ко , Египет",Египет,5 790 ₸,https://europharma.kz/artoksan-s-rast-lem-20-mg-no-3-poroshok-dlya-prigotovleniya-rastvora-dlya-inyektsiy,2026-08-13 15:29:37
Лекарственные средства,Лечение геморроя,Средства для лечения геморроя и анальных трещин для местного применения. Местные анестетики,Анестезол № 10 суппозит. ректал.,Нижфарм ОАО,Россия,1 765 ₸,https://europharma.kz/anestezol-no-10-suppozit-rektal,2026-08-13 15:29:38
Лекарственные средства,Анальгетики,Нестероидные противовоспалительные препараты. Производные уксусной кислоты и их аналоги. Кеторолак.,"Кеторолак 10 мг, №20, табл., покрытые оболочкой",Лекфарм ООО,Беларусь,910 ₸,https://europharma.kz/ketorolak-10-mg-no20-tabl-pokrytye-obolockoj,2026-08-13 15:29:39
Лекарственные средства,Для повышения иммунитета,,"Алфавит Классик №60, табл.","Аквион, Русфик",Россия,3 500 ₸,https://europharma.kz/alfavit-klassik-no60-tabl,2026-08-13 15:29:40
Лекарственные средства,Слабительные препараты,Прочие слабительные,"Кызыл май свечи, глицерофит №10",Кызылмай Фирма ПК,Казахстан,2 200 ₸,https://europharma.kz/kyzyl-maj-sveci-glicerofit-no10,2026-08-13 15:29:41
Лекарственные средства,Антибиотики,Антибактериальные препараты для местного применения. Тетрациклин и его производные. Тетрациклин.,Тетрациклиновая 3% 15 г мазь,Биосинтез ОАО,Россия,410 ₸,https://europharma.kz/tetratsiklinovaya-3-15-g-maz,2026-08-13 15:29:42
Лекарственные средства,Жаропонижающие,Анальгетики. Анальгетики и антипиретики другие. Анилиды. Парацетамол в комбинации с другими препаратами (исключая психолептики).,МаксиГриппин® порошок мед-лимон 5 г № 10 саше,Natur Produkt,Польша,3 210 ₸,https://europharma.kz/maksigrippin-poroshok-med-limon-5-g-no-10-sashe,2026-08-13 15:29:45
Лекарственные средства,Лечение ран и ожогов,Антибактериальные препараты и противомикробные препараты для лечения заболеваний кожи. Комбинация антибиотиков с противомикробными препаратами,Левомеколь 40 г мазь,Stada Arzneimittel AG,Россия,1 635 ₸,https://europharma.kz/levomekol-40-g-maz,2026-08-13 15:29:46
Лекарственные средства,Противовоспалительные средства,Назальные препараты. Антиконгестанты и другие назальные препараты для местного применения. Симпатомиметики. Ксилометазолин,"Отризол-ДF 0,1% 15 мл спрей назальный",Досфарм,Казахстан,6 415 ₸,https://europharma.kz/otrizol-df-01-15-ml-sprey-nazalnyy,2026-08-13 15:29:47
Лекарственные средства,Лечение артериального давления,,"Кардиоприл 20 мг №20 ,табл","АО""Химфарм""",,3 210 ₸,https://europharma.kz/kardiopril-20-mg-no20-tabl,2026-08-13 15:29:48
Лекарственные средства,Инъекционные растворы и ампулы,,Веракол 1 гр № 1 порошок для приготовления раствора для инъекций,Демо SA.Греция,Греция,2 525 ₸,https://europharma.kz/verakol-1-gr-no-1-poroshok-dlya-prigotovleniya-rastvora-dlya-inyektsiy,2026-08-13 15:29:49
Лекарственные средства,Лечение заболеваний опорно-двигательного аппарата,Нестероидные противовоспалительные препараты местного применения. Ибупрофен,"Долгит 20 гр, крем",Пром.Мед.Прага,Чешская республика,1 630 ₸,https://europharma.kz/dolgit-20-gr-krem,2026-08-13 15:29:50
Лекарственные средства,Лечение геморроя,Мочеполовая система и половые гормоны. Другие препараты для лечения гинекологических заболеваний,Ихтиоловые 200 мг № 10 суппозит. ректал.,Stada Arzneimittel AG,Россия,1 490 ₸,https://europharma.kz/ikhtiolovyye-200-mg-no-10-suppozit-rektal,2026-08-13 15:29:51
Лекарственные средства,Анальгетики,"Костно-мышечная система. Противовоспалительные и противоревматические препараты. Противовоспалительные и противоревматические препараты, нестероидные. Уксусной кислоты производные и родственные соединения. Диклофенак.","Диклофенак-ратиофарм ретард 100 мг, №50, капс.",Ацино Фарма АГ,Швейцария,3 215 ₸,https://europharma.kz/diklofenak-ratiofarm-retard-100-mg-no50-kaps,2026-08-13 15:29:52
Лекарственные средства,Лечение заболеваний опорно-двигательного аппарата,,Хондрокол гель 100 мл туба,"Claus Marsh Ltd, Великобритания",,5 780 ₸,https://europharma.kz/khondrokol-gel-100-ml-tuba,2026-08-13 15:29:53
Лекарственные средства,Лечение сердечно-сосудистых заболеваний,Препараты влияющие на систему ренин-ангиотензин. Ангиотензин-конвертирующего фермента АКФ ингибиторы. Эналаприл.,Энам 5 мг № 30 табл,Dr.Reddy`s Laboratories L,Индия,1 390 ₸,https://europharma.kz/enam-5-mg-no-30-tabl,2026-08-13 15:29:54
Лекарственные средства,Противогрибковые средства,,"Фуцис 150 мг, №1, табл.",Лива Хелткер,Индия,2 260 ₸,https://europharma.kz/fucis-150-mg-no1-tabl,2026-08-13 15:29:55
Лекарственные средства,Лечение лор заболеваний,Препараты для лечения заболеваний горла. Антисептики,Ангисепт HL с ромашкой № 10 табл,Жанафарм Фирма ТОО,Казахстан,245 ₸,https://europharma.kz/angisept-hl-s-romashkoy-no-10-tabl,2026-08-13 15:29:56
Лекарственные средства,Лечение лор заболеваний,Препараты для лечения заболеваний горла. Антисептики,Ангисепт SV c шалфеем № 10 табл,Жанафарм Фирма ТОО,Казахстан,245 ₸,https://europharma.kz/angisept-sv-c-shalfeyem-no-10-tabl,2026-08-13 15:29:57
Лекарственные средства,Лечение головного кровооброщения,Психостимулирующие и ноотропные средства,Тиоцетам 10 мл № 10 амп,Галичфарм АО,Украина,4 156 ₸,https://europharma.kz/tiotsetam-10-ml-no-10-amp,2026-08-13 15:29:58
Лекарственные средства,Лечение печени,Препараты для лечения заболеваний сердца,"Тиотриазолин 2,5 % 4 мл № 10 амп",Галичфарм АО,Украина,9 030 ₸,https://europharma.kz/tiotriazolin-25-4-ml-no-10-amp,2026-08-13 15:29:59
Лекарственные средства,Противогрибковые средства,Кишечные противомикробные и противовоспалительные препараты. Антибактериальные препараты. Нистатин.,"Нистатин 500000 ЕД, №20, табл.",Борисовский завод медицинских препаратов ОАО,Беларусь,645 ₸,https://europharma.kz/nistatin-500000-ed-no20-tabl-2,2026-08-13 15:30:00
Лекарственные средства,Противогрибковые средства,Противогрибковые препараты для системного применения.,Дифлюкан 150мг № 1 капс,Бристол Майерс Сквибб,Франция,5 905 ₸,https://europharma.kz/diflyukan-150mg-no-1-kaps,2026-08-13 15:30:01
Лекарственные средства,Лечение лор заболеваний,Препараты для устранения симптомов простуды и кашля. Отхаркивающие препараты. Муколитики. Амброксол.,"Бронолак 100мл, сироп",Ротафарм,Турция,1 985 ₸,https://europharma.kz/bronolak-100ml-sirop,2026-08-13 15:30:02
Лекарственные средства,Противовоспалительные средства,Другие антисептики и противомикробные препараты,Кызыл май Калефит № 10 суппозитории,Кызылмай Фирма ПК,Казахстан,2 360 ₸,https://europharma.kz/kyzyl-may-kalefit-no-10-suppozitorii,2026-08-13 15:30:03
Лекарственные средства,Спазмолитические препараты,Препараты для лечения функциональных расстройств кишечника. Папаверин и его производные.,"Папаверин г/х 20 мг, №10, рект. свечи",Биосинтез ОАО,Россия,530 ₸,https://europharma.kz/papaverin-gkh-20-mg-no10-rekt-svechi,2026-08-13 15:30:04
Лекарственные средства,Лечение сердечно-сосудистых заболеваний,"Сердечно-сосудистая система. Липид-модифицирующие препараты. Липид-модифицирующие препараты, простые. HMG-CoA-редуктазы ингибиторы. Розувастатин.",Розувастатин-ЛФ 10 мг № 30 табл,Лекфарм ООО,Испания,2 211 ₸,https://europharma.kz/rozuvastatin-lf-10-mg-no-30-tabl,2026-08-13 15:30:05
Лекарственные средства,Лечение лор заболеваний,Препараты для лечения заболеваний горла,"Стрепсилс №24, леденцы, с Вит С апельсин",Рекитт Бенкизер Хэлскер Интернешнл Лтд,Великобритания,2 480 ₸,https://europharma.kz/strepsils-no24-ledentsy-s-vit-s-apelsin,2026-08-13 15:30:06
Лекарственные средства,Кожные заболевания,,"Лостерин шампунь нафталановый, 150мл","ООО НПК""АС-КОМ""",Швейцария,9 308 ₸,https://europharma.kz/losterin-sampun-naftalanovyj-150ml,2026-08-13 15:30:07
Лекарственные средства,Лечение артериального давления,Сердечно-сосудистая система. Бета-адреноблокаторы.Бета-адреноблокаторы селективные. Атенолол.,"Атенолол 50 мг, №50, табл.",Меркле ГмбХ,Германия,2 065 ₸,https://europharma.kz/atenolol-50-mg-no50-tabl,2026-08-13 15:30:08
Лекарственные средства,Гормональные препараты,Половые гормоны и модуляторы половой системы. Гормональные контрацептивы для системного использования. Прогестагены и эстрогены (для «календарного» приема). Левоноргестрел и этинилэстрадиол,"Три-Регол №63, табл. сах. обол.",Гедеон Рихтер ОАО,Венгрия,5 395 ₸,https://europharma.kz/tri-regol-no63-tabl-sah-obol,2026-08-13 15:30:09
Лекарственные средства,Лечение глаз,Препарат для лечения заболеваний глаз. Прочие противомикробные препараты.,"Флоксимед 0,3% 5 мл капли глазные",World Medicine Ilac San Ve Tic A.S,Египет,3 370 ₸,https://europharma.kz/floksimed-03-5-ml-kapli-glaznyye,2026-08-13 15:30:11
Лекарственные средства,Мужские препараты,"Препараты для лечения урологических заболеваний. Другие препараты для лечения урологических заболеваний, включая спазмолитики. Препараты для лечения нарушений эрекции. Тадалафил.",Сиалис 5 мг № 14 табл,Eli Lilly & Company Ltd,Швейцария,33 639 ₸,https://europharma.kz/sialis-5-mg-no-14-tabl,2026-08-13 15:30:12
Лекарственные средства,Лечение артериального давления,Препараты для лечения функциональных расстройств кишечника. Папаверин и его производные.,Папаверин г/х 20 мг № 10 суппозит. ректал.,Stada Arzneimittel AG,Россия,1 260 ₸,https://europharma.kz/papaverin-gkh-20-mg-no-10-suppozit-rektal,2026-08-13 15:30:13
Лекарственные средства,Инъекционные растворы и ампулы,"Плазмозамещающие и перфузионные растворы. Растворы, влияющие на водно-электролитный баланс. Растворы для внутривенного введения. Электролиты.","Натрия хлорид 0,9% 400 мл флак",Биосинтез ОАО,Россия,521 ₸,https://europharma.kz/natriya-khlorid-09-400-ml-flak,2026-08-13 15:30:14
Лекарственные средства,"Зубной 120 мл, бальзам",Стоматологические препараты.,"Зубной 120 мл, бальзам",Кызылмай Фирма ПК,Казахстан,1 944 ₸,https://europharma.kz/zubnoj-120-ml-balzam,2026-08-13 15:30:15
Лекарственные средства,Лечение глаз,,Оптинол защита от аллергенов 10 мл капли глазные,Ядран-Галенски Лабораторий а.о.,Германия,8 920 ₸,https://europharma.kz/optinol-zashchita-ot-allergenov-10-ml-kapli-glaznyye,2026-08-13 15:30:19
Лекарственные средства,Лечение лор заболеваний,,ГорлоИН №20,АДИФАРМ ЕАО,,3 265 ₸,https://europharma.kz/gorloin-no20,2026-08-13 15:30:20
Лекарственные средства,Анальгетики,Противовоспалительные и противоревматические препараты. Нестероидные противовоспалительные препараты. Оксикамы. Лорноксикам,Ксефокам раствор д/инъекций 8 мг № 5 амп,Stada Arzneimittel AG,Австрия,10 270 ₸,https://europharma.kz/ksefokam-rastvor-dinyektsiy-8-mg-no-5-amp,2026-08-13 15:30:22
Лекарственные средства,Мужские препараты,"Другие препараты для урологических заболеваний, включая спазмолитики. Другие препараты для лечения урологических заболеваний.
Код АТХ G04B Х",Уролесан 25 мл капли,Галичфарм АО,Украина,3 675 ₸,https://europharma.kz/urolesan-25-ml-kapli,2026-08-13 15:30:23
Лекарственные средства,Лечение сердечно-сосудистых заболеваний,Гиполипидемические препараты. Гипохолестеринемические и гипотриглицеридемические препараты. ГМГ-КоА редуктазы ингибиторы. Розувастатин,Крестор 20 мг № 28 табл покрытые оболочкой,АстраЗенека,Швеция,11 110 ₸,https://europharma.kz/krestor-20-mg-no-28-tabl-pokrytyye-obolochkoy,2026-08-13 15:30:24
Лекарственные средства,Антибиотики,"Антибактериальные препараты для системного использования. Макролиды, линкозамиды и стрептограмины. Макролиды. Кларитромицин.",СР-Кларен 500 мг № 7 табл п/плён оболоч,Эдж Фарма Прайвет Лимитед,Индия,3 933 ₸,https://europharma.kz/sr-klaren-500-mg-no-7-tabl-pplen-oboloch,2026-08-13 15:30:25
Лекарственные средства,Жаропонижающие,Препараты для лечения заболеваний нервной системы. Анальгетики. Анальгетики-антипиретики другие. Анилиды. Парацетамол в комбинации с другими препаратами (исключая психолептики).,МаксиГриппин® со вкусом малины № 10 табл. шипуч.,Natur Produkt,Польша,3 455 ₸,https://europharma.kz/maksigrippin-so-vkusom-maliny-no-10-tabl-shipuch,2026-08-13 15:30:26
Лекарственные средства,Антибиотики,Антибактериальные препараты для системного использования.,"Офлокса 200 мг, №10, табл.",Глобал Фарм,Казахстан,3 160 ₸,https://europharma.kz/ofloksa-200-mg-no10-tabl,2026-08-13 15:30:27
Лекарственные средства,Кожные заболевания,Глюкокортикостероиды для местного лечения заболеваний кожи. Глюкокортикостероиды слабоактивные. Преднизолон.,"Преднизолон 0,5%, 10 гр, мазь",Борисовский завод медицинских препаратов ОАО,Беларусь,265 ₸,https://europharma.kz/prednizolon-05-10-gr-maz-2,2026-08-13 15:30:28
Лекарственные средства,Лечение артериального давления,,"Илпио 80мг/2,5мг №30 табл.",PRO.MED.CS Praha a.s.,,4 435 ₸,https://europharma.kz/ilpio-80mg25mg-no30-tabl,2026-08-13 15:30:29
Лекарственные средства,Противовирусные препараты,,Ацикловир Авексима 400мг №20,"ОАО ""Ирбитский химфармзавод""",,935 ₸,https://europharma.kz/atsiklovir-aveksima-400mg-no20,2026-08-13 15:30:30
Лекарственные средства,Лечение сердечно-сосудистых заболеваний,Гиполипидемические препараты. Гипохолестеринемические и гипотриглицеридемические препараты. ГМГ-КоА редуктазы ингибиторы. Розувастатин,Крестор 10 мг № 28 табл покрытые оболочкой,АстраЗенека,Швеция,7 706 ₸,https://europharma.kz/krestor-10-mg-no-28-tabl-pokrytyye-obolochkoy,2026-08-13 15:30:31
Лекарственные средства,Лечение лор заболеваний,,"Аква Марис лейка,морская соль №30,пак",Ядран-Галенски Лабораторий а.о.,Хорватия,5 440 ₸,https://europharma.kz/akva-maris-leykamorskaya-sol-no30pak,2026-08-13 15:30:32
Лекарственные средства,Лечение артериального давления,"Гипотензивные препараты. Альфа 2-адреномиметики центральные,","Моксонидин 0,4 мг № 30 табл п/плён оболоч",Лекфарм ООО,Беларусь,5 070 ₸,https://europharma.kz/moksonidin-04-mg-no-30-tabl-pplen-oboloch,2026-08-13 15:30:33
Лекарственные средства,Противоастматические препараты,Препараты для лечения обструктивных заболеваний дыхательных путей. Симпатомиметики ингаляционные. Симпатомиметики в комбинации с другими препаратами для лечения обструктивных заболеваний дыхательных путей. Фенотерол в комбинации с другими препаратами для лечения обструктивных заболеваний дыхательных путей,Беродуал Н 10 мл 200 доз аэрозоль для ингаляций дозированный,Берингер Ингельхайм Итали,Италия,4 885 ₸,https://europharma.kz/berodual-n-10-ml-200-doz-aerozol-dlya-ingalyatsiy-dozirovannyy,2026-08-13 15:30:34
Лекарственные средства,Антибиотики,Противомикробные препараты для лечения заболеваний кожи. Прочие антибиотики для наружного применения,Синтомицин 10% 25 гр линимент,Нижфарм ОАО,Россия,1 155 ₸,https://europharma.kz/sintomitsin-10-25-gr-liniment,2026-08-13 15:30:35
Лекарственные средства,Лечение неврологических нарушений,Миорелаксанты. Миорелаксанты центрального действия. Прочие миорелаксанты центрального действия.,Мидокалм 100 мг/ мл № 5 амп,Гедеон Рихтер ОАО,Венгрия,4 195 ₸,https://europharma.kz/midokalm-100-mg-ml-no-5-amp,2026-08-13 15:30:36
Лекарственные средства,Лечение ран и ожогов,Другие препараты для лечения гиперрубцевания,Метилурациловая 10% 25 гр мазь,Stada Arzneimittel AG,Россия,1 640 ₸,https://europharma.kz/metiluratsilovaya-10-25-gr-maz,2026-08-13 15:30:37
Лекарственные средства,Женские препараты,,Миомин № 60 табл,"Complete-Pharma Co.LTD,KZ",Финляндия,15 370 ₸,https://europharma.kz/miomin-no-60-tabl,2026-08-13 15:30:38
Лекарственные средства,Лечение артериального давления,"Cердечно-сосудистая ситема. Препараты, влияющие на ренин ангиотензиновую систему. Ангиотензин-конвертирующего фермента (АКФ) в комбинации с другими препаратами. Периндоприл и бисопролол.","Престилол 5 мг/5 мг №30,табл",Ле Лаборатуар Сервье,Франция,5 405 ₸,https://europharma.kz/prestilol-5-mg5-mg-no30tabl,2026-08-13 15:30:39
Лекарственные средства,Противогрибковые средства,Противогрибковые препараты для лечения заболеваний кожи. Противогрибковые препараты для местного применения. Производные имидазола. Кетоконазол,"Дермазол 2%, 30 гр, крем",Кусум Хелтхер,Индия,5 645 ₸,https://europharma.kz/dermazol-2-30-gr-krem,2026-08-13 15:30:40
Лекарственные средства,Кожные заболевания,"Дерматология. Анти-акне препараты. Анти-акне препараты для местного применения. Противоинфекционные препараты для лечения акне (угревой сыпи). Клиндамицин, комбинации.",Клензит-С MS д/наруж применения 30 гр гель,Гленмарк Фармасьютикалз Лтд,Индия,8 870 ₸,https://europharma.kz/deriva-s-ms-dnaruzh-primeneniya-30-gr-gel,2026-08-13 15:30:41
Лекарственные средства,Антисептики,,"Вата мед. 25 гр, уп., стер",Baxtteks Farm OOO,Узбекистан,220 ₸,https://europharma.kz/vata-med-25-gr-up-ster,2026-08-13 15:30:42
Лекарственные средства,Противокашлевые препараты,"Респираторная система. Препараты, применяемые при кашле и простудных заболеваниях. Экспекторанты, исключая комбинации с подавляющими кашель. Отхаркивающие препараты. Комбинация отхаркивающих препаратов.",Бронхипрет 100 мл сироп,Bionorica AG,Германия,4 395 ₸,https://europharma.kz/bronkhipret-100-ml-sirop,2026-08-13 15:30:43
Лекарственные средства,Противогрибковые средства,Противогрибковые препараты для лечения заболеваний кожи. Противогрибковые препараты для местного применения. Производные имидазола. Кетоконазол,Дермазол 2% 15 г крем,Кусум Хелтхер,Индия,2 890 ₸,https://europharma.kz/dermazol-2-15-g-krem,2026-08-13 15:30:45
Лекарственные средства,Противокашлевые препараты,,"Амбробене 7,5 мг/мл 100 мл раствор для приема внутрь и ингаляций",Меркле ГмбХ,Германия,3 775 ₸,https://europharma.kz/ambrobene-75-mgml-100-ml-rastvor-dlya-priyema-vnutr-i-ingalyatsiy,2026-08-13 15:30:46
Лекарственные средства,Антисептики,,Цинк Олив 75 гр крем,Медикал Юнион Фармасьютикалс,Египет,4 115 ₸,https://europharma.kz/tsink-oliv-75-gr-krem,2026-08-13 15:30:47
Лекарственные средства,Лечение артериального давления,"Cердечно-сосудистая ситема. Препараты, влияющие на ренин ангиотензиновую систему. Ангиотензин-конвертирующего фермента (АКФ) в комбинации с другими препаратами. Периндоприл и бисопролол.","Престилол 5 мг/10 мг №30,табл",Ле Лаборатуар Сервье,Франция,6 840 ₸,https://europharma.kz/prestilol-5-mg10-mg-no30tabl,2026-08-13 15:30:48
Лекарственные средства,Противокашлевые препараты,"Респираторная система. Препараты, применяемые при кашле и простудных заболеваниях. Противокашлевые препараты. Противокашлевые препараты прочие.",Ренгалин раствор для приема внутрь 100 мл,Материа Медика Холдинг НП,Россия,2 640 ₸,https://europharma.kz/rengalin-rastvor-dlya-priyema-vnutr-100-ml,2026-08-13 15:30:49
Лекарственные средства,Лечение заболеваний опорно-двигательного аппарата,,Диклофенак 1% 30 г мазь,Борисовский завод медицинских препаратов ОАО,Беларусь,340 ₸,https://europharma.kz/diklofenak-1-30-g-maz,2026-08-13 15:30:50
Лекарственные средства,Противогрибковые средства,Противогрибковые препараты для лечения заболеваний кожи. Противогрибковые препараты для местного применения.,Дермазол шампунь 2% 50 мл,Кусум Хелтхер,Индия,4 485 ₸,https://europharma.kz/dermazol-shampun-2-50-ml,2026-08-13 15:30:53
Лекарственные средства,Лечение лор заболеваний,,"Пренален для горла №16,пастилки",Maspex-GMX Sp.zo.o.Sp.k,Польша,2 735 ₸,https://europharma.kz/prenalen-dla-gorla-no16pastilki,2026-08-13 15:30:54
Лекарственные средства,Лечение заболеваний опорно-двигательного аппарата,,Лорнадо 8 мг №10 табл,Уорлд Медицин Илач Сан.Ве Тидж.А.Ш. (Турция),,1 470 ₸,https://europharma.kz/lornado-8-mg-no10-tabl,2026-08-13 15:30:55
Лекарственные средства,Лечение сердечно-сосудистых заболеваний,"Препараты, влияющие на ренин-ангиотензиновую систему.",Рамиприл 5 мг № 30 табл,Вива Фарм ТОО,Казахстан,1 955 ₸,https://europharma.kz/ramipril-5-mg-no-30-tabl,2026-08-13 15:30:56
Лекарственные средства,Для повышения иммунитета,Иммуномодуляторы. Прочие иммуностимуляторы.,Цитовир-3 для детей 50 мл сироп,Цитомед ЗАО (Россия),Россия,6 825 ₸,https://europharma.kz/tsitovir-3-dlya-detey-50-ml-sirop,2026-08-13 15:30:57
Лекарственные средства,Лечение неврологических нарушений,Снотворные и седативные средства. Барбитураты в комбинации с другими препаратами.,Корвалол 25 мл капли,Фармак ОАО,Украина,475 ₸,https://europharma.kz/korvalol-25-ml-kapli,2026-08-13 15:30:58
Лекарственные средства,Противокашлевые препараты,Препараты для устранения симптомов простуды и кашля. Отхаркивающие средства.,"Алтейка Артериум 200 мл, сироп",Галичфарм АО,Украина,1 225 ₸,https://europharma.kz/altejka-arterium-200-ml-sirop,2026-08-13 15:30:59
Лекарственные средства,Препараты урологии и гинекологии,,"Вагилак №10, суппозитории вагинальные",Ядран-Галенски Лабораторий а.о.,,6 400 ₸,https://europharma.kz/vagilak-no10-suppozitorii-vaginalnyye,2026-08-13 15:31:00
Лекарственные средства,Бонеост 150 мг № 1 табл,,Бонеост 150 мг № 1 табл,PHARMATHEN S.A.,Греция,15 745 ₸,https://europharma.kz/boneost-150-mg-no-1-tabl,2026-08-13 15:31:01
Лекарственные средства,Лечение жкт,"Противодиарейные препараты. Антидиарейные микроорганизмы/ Комбинация микроорганизмов, продуцирующих молочную кислоту с другими препаратами",Линекс № 32 капс,Сандоз Фармасьютикалс д.д.,Словения,9 100 ₸,https://europharma.kz/lineks-no-32-kaps,2026-08-13 15:31:02
Лекарственные средства,Лечение лор заболеваний,Противомикробные препараты для местного лечения заболеваний полости рта. Прочие.,Ротокан 50 мл раствор,Султан ТОО,Казахстан,635 ₸,https://europharma.kz/rotokan-50-ml-rastvor-2,2026-08-13 15:31:03
Лекарственные средства,Противовоспалительные средства,"Костно-мышечная система. Противовоспалительные и противоревматические препараты. Противовоспалительные и противоревматические препараты, нестероидные. Пропионовой кислоты производные. Ибупрофен.",Ибупрофен Вива Фарм 200 мг № 14 табл,Вива Фарм ТОО,Казахстан,995 ₸,https://europharma.kz/ibuprofen-viva-farm-200-mg-no-14-tabl,2026-08-13 15:31:04
Лекарственные средства,Лечение сердечно-сосудистых заболеваний,"Препараты, применяемые при варикозном расширении вен. Гепариносодержащие препараты для местного применения. Гепарин в комбинации с другими препаратами",Гепариновая мазь 25 гр,Нижфарм ОАО,Россия,1 190 ₸,https://europharma.kz/geparinovaya-maz-25-gr,2026-08-13 15:31:05
Лекарственные средства,Антибиотики,Антибактериальные препараты для системного использования.,"Азитромицин 250 мг №6,капс",Борисовский завод медицинских препаратов ОАО,Беларусь,1 465 ₸,https://europharma.kz/azitromicin-250-mg-no6kaps,2026-08-13 15:31:06
Лекарственные средства,Лечение жкт,,РелиБаланс №20 саше,"Байер, АГ",,12 530 ₸,https://europharma.kz/relibalans-no20-sashe,2026-08-13 15:31:07
Лекарственные средства,Лечение заболеваний опорно-двигательного аппарата,"Костно-мышечная система. Противовоспалительные и противоревматические препараты. Противовоспалительные и противоревматические препараты, нестероидные. Оксикамы. Мелоксикам.",Мелоксикам-Тева 15 мг № 20 табл,Help S.A.,Венгрия,3 330 ₸,https://europharma.kz/meloksikam-teva-15-mg-no-20-tabl,2026-08-13 15:31:08
Лекарственные средства,Антибиотики,,"ЦЕФТРИАКСОН -АКОС 1,0 N50 ФЛ СИНТЕЗ 1 гр",Россия,Россия,9 450 ₸,https://europharma.kz/tseftriakson-akos-10-n50-fl-sintez-1-gr,2026-08-13 15:31:09
Лекарственные средства,Противогрибковые средства,Противогрибковые препараты для лечения заболеваний кожи. Противогрибковые препараты для местного применения.,Дермазол шампунь 2% 100 мл,Кусум Хелтхер,Индия,6 305 ₸,https://europharma.kz/dermazol-shampun-2-100-ml,2026-08-13 15:31:10
Лекарственные средства,Антибиотики,Антибактериальные препараты для системного использования. Бета-лактамные антибактериальные препараты – Пенициллины. Пенициллины в комбинации с ингибиторами бета-лактамаз. Клавулановая кислота+амоксициллин.,"Амоксиклав 156,25 мг/5 мл 100мл порошок для пригот. сусп.",Сандоз Фармасьютикалс д.д.,Словения,3 190 ₸,https://europharma.kz/amoksiklav-15625-mg5-ml-100ml-poroshok-dlya-prigot-susp,2026-08-13 15:31:11
Лекарственные средства,Лечение глаз,Симпатомиметики для лечения глаукомы,"Бримо 0,2%, 5 мл, гл. капли",Jamjoom Pharmaceutical Co,Саудовская аравия,4 235 ₸,https://europharma.kz/brimo-02-5-ml-gl-kapli,2026-08-13 15:31:12
Лекарственные средства,Антибиотики,Антибактериальные препараты для системного использования. Противомикробные препараты – производные хинолона. Фторхинолоны. Левофлоксацин.,"Левоксимед 500 мг №7,табл",Уорлд Медицин Илач Сан.Ве Тидж А.Ш,Турция,4 855 ₸,https://europharma.kz/levoksimed-500-mg-no7tabl,2026-08-13 15:31:13
Лекарственные средства,Лечение сердечно-сосудистых заболеваний,,"Бисопролол 2,5 мг № 30 табл",Химфарм ФЗ АО,Казахстан,1 425 ₸,https://europharma.kz/bisoprolol-25-mg-no-30-tabl,2026-08-13 15:31:14
Лекарственные средства,Лечение заболеваний опорно-двигательного аппарата,Препараты для местного лечения заболеваний опорно-двигательного аппарата. Нестероидные противовоспалительные препараты для местного применения.,"Индометацин 10%, 40 гр, мазь",Борисовский завод медицинских препаратов ОАО,Беларусь,695 ₸,https://europharma.kz/indometacin-10-40-gr-maz,2026-08-13 15:31:15
Лекарственные средства,Противовоспалительные средства,"Костно-мышечная система. Противовоспалительные и противоревматические препараты. Противовоспалительные и противоревматические препараты, нестероидные. Пропионовой кислоты производные. Ибупрофен.",Ибупрофен Вива Фарм 400 мг № 20 табл,Вива Фарм ТОО,Казахстан,1 335 ₸,https://europharma.kz/ibuprofen-viva-farm-400-mg-no-20-tabl,2026-08-13 15:31:16
Лекарственные средства,Лечение заболеваний опорно-двигательного аппарата,Другие препараты для местного лечения заболеваний опорно-двигательного аппарата.,"Хондроксид 5%, 30 гр, мазь",Нижфарм ОАО,Россия,4 920 ₸,https://europharma.kz/khondroksid-5-30-gr-maz,2026-08-13 15:31:17
Лекарственные средства,Лечение жкт,Прочие противоязвенные препараты и препараты для лечения гастроэзофагеального рефлюкса (GORD). Висмута трикалия дицитрат.,Де-Нол 120 мг № 112 табл,ЗиО-Здоровье ЗАО (Россия),Нидерланды,12 940 ₸,https://europharma.kz/de-nol-120-mg-no-112-tabl,2026-08-13 15:31:18
Лекарственные средства,Лечение заболеваний опорно-двигательного аппарата,,Долгит Гель 100 гр,Долоргит ГмбХ и Ко. КГ Германия,,4 325 ₸,https://europharma.kz/dolgit-gel-100-gr,2026-08-13 15:31:19
Лекарственные средства,Мужские препараты,,Виагра 50 гр № 4 табл п/плён оболоч,Fareva Amboise,Франция,25 754 ₸,https://europharma.kz/viagra-50-gr-no-4-tabl-pplen-oboloch,2026-08-13 15:31:20
Лекарственные средства,Лечение ран и ожогов,,"Пантенол 130 гр, аэрозоль наружн.",Аэро-Про ООО,Россия,1 900 ₸,https://europharma.kz/pantenol-130-gr-aerozol-naruzn,2026-08-13 15:31:21
Лекарственные средства,Антибиотики,Противомикробные препараты для системного применения. Бета-лактамные антибактериальные препараты. Пенициллины широкого спектра действия. Амоксициллин.,Флемоксин Солютаб 1000 мг № 20 табл.диспергируемых,Астеллас Фарма Юроп Б.В.,Нидерланды,7 475 ₸,https://europharma.kz/flemoksin-solyutab-1000-mg-no-20-tabldispergiruyemykh,2026-08-13 15:31:22
Лекарственные средства,Анальгетики,"Средства, применяемые при мигрени. Селективные агонисты 5-НТ1-рецепторов серотонина. Ризатриптан. Код АТХ N02CC04",Ризоптан 10 мг № 6 табл,Фарма Старт ООО,Украина,5 395 ₸,https://europharma.kz/rizoptan-10-mg-no-6-tabl,2026-08-13 15:31:25
Лекарственные средства,Противовирусные препараты,Фармакологические свойства,Флувир 75 мг № 10 капс,ХЕТЕРО ЛАБС ЛИМИТЕД,Индия,4 880 ₸,https://europharma.kz/fluvir-75-mg-no-10-kaps,2026-08-13 15:31:26
Лекарственные средства,Противокашлевые препараты,,Муконекс С 600/200 мг №20,,,6 100 ₸,https://europharma.kz/mukoneks-s-600200-mg-no20,2026-08-13 15:31:27
Лекарственные средства,Кожные заболевания,Кортикостероиды для системного использования. Глюкокортикостероиды.,"Дексаметазон 4 мг/1 мл, № 25, амп.",КРКА д.д Ново Место,Словения,5 630 ₸,https://europharma.kz/deksametazon-4-mg1-ml-no-25-amp,2026-08-13 15:31:28
Лекарственные средства,Лечение сахарного диабета,,"Глюконил 500 мг, №60, табл.",Глобал Фарм,Казахстан,1 810 ₸,https://europharma.kz/glyukonil-500-mg-no60-tabl,2026-08-13 15:31:29
Лекарственные средства,Лечение заболеваний опорно-двигательного аппарата,"Сердечно-сосудистая система. Вазопротекторы. Антиварикозная терапия. Гепарин или гепариноиды для местного применения. Гепарин, комбинации",Долобене 20 г гель для наружного применения,Ратиофарм ГмбХ,Германия,4 305 ₸,https://europharma.kz/dolobene-20-g-gel-dlya-naruzhnogo-primeneniya,2026-08-13 15:31:30
Лекарственные средства,Антибиотики,Противомикробные препараты для системного применения. Бета-лактамные антибактериальные препараты прочие. Цефалоспорины второго поколения. Цефуроксим.,"Мегасеф 250 мг, 2 мл, пор.",Нобел АФФ,Казахстан,605 ₸,https://europharma.kz/megasef-250-mg-2-ml-por,2026-08-13 15:31:31
Лекарственные средства,Средства от аллергии,Антигистаминные средства для системного применения. Мебгидролин,"Диазолин 0,05 г № 20 драже",Фармак ОАО,Украина,770 ₸,https://europharma.kz/diazolin-005-g-no-20-drazhe,2026-08-13 15:31:32
Лекарственные средства,Слабительные препараты,Контактные слабительные препараты,Бисакодил 10 мкг № 10 суппозит. ректал.,Нижфарм ОАО,Россия,1 470 ₸,https://europharma.kz/bisakodil-10-mkg-no-10-suppozit-rektal,2026-08-13 15:31:33
Лекарственные средства,Противоастматические препараты,Препараты для лечения обструктивных заболеваний дыхательных путей. Симпатомиметики ингаляционные. Симпатомиметики в комбинации с дру-гими препаратами для лечения обструктивных заболеваний дыхательных путей. Фенотерол в комбинации с другими препаратами для лечения об-структивных заболеваний дыхательных путей,Беродуал д/ингаляций 20 мл раствор,Берингер Ингельхайм Итали,Италия,2 965 ₸,https://europharma.kz/berodual-dingalyatsiy-20-ml-rastvor,2026-08-13 15:31:34
Лекарственные средства,Лечение жкт,Противоязвенные препараты и препараты для лечения гастроэзофагеального рефлюкса (GORD). Блокаторы Н2-гистаминовых рецепторов. Фамотидин.,Квамател пор д/пригот-я р-ра д/инъекций 20 мг № 5 амп,Гедеон Рихтер ОАО,Венгрия,6 944 ₸,https://europharma.kz/kvamatel-por-dprigot-ya-r-ra-dinyektsiy-20-mg-no-5-amp,2026-08-13 15:31:35
Лекарственные средства,Противовоспалительные средства,Прочие препараты. Другие терапевтические продукты. Другие лекарственные препараты.,Вибуркол Н № 12 суппозитории,Biologische Heilmittel Heel GmbH,Германия,4 960 ₸,https://europharma.kz/viburkol-n-no-12-suppozitorii,2026-08-13 15:31:36
Лекарственные средства,Лечение артериального давления,Ангиотензин-конвертирующего фермента (АКФ) ингибиторы.,"Энап 2,5 мг № 20 табл",KRKA d.d.,Словения,846 ₸,https://europharma.kz/enap-25-mg-no-20-tabl,2026-08-13 15:31:37
Лекарственные средства,Противоастматические препараты,Другие препараты для лечения обструктивных заболеваний дыхательных путей для системного использования. Ксантины,"Эуфиллин 150 мг, №30, табл.",Борисовский завод медицинских препаратов ОАО,Беларусь,305 ₸,https://europharma.kz/eufillin-150-mg-no30-tabl-2,2026-08-13 15:31:38
Лекарственные средства,Лечение глаз,,"Хилора 0,15% 10 мл капли глазные",,,4 715 ₸,https://europharma.kz/khilora-015-10-ml-kapli-glaznyye,2026-08-13 15:31:39
Лекарственные средства,Лечение геморроя,,Ауробин 20 г мазь,Гедеон Рихтер ОАО,Венгрия,2 325 ₸,https://europharma.kz/aurobin-20-g-maz,2026-08-13 15:31:40
Лекарственные средства,Средства от аллергии,Антигистаминные препараты системного действия другие. Мебгидролин.,Диазолин 100 мг № 20 драже,Фармак ОАО,Украина,1 030 ₸,https://europharma.kz/diazolin-100-mg-no-20-drazhe,2026-08-13 15:31:41
Лекарственные средства,Лечение лор заболеваний,Отхаркивающие препараты.,Пертуссин-К 100 мл. фл,ТК Фарм Актобе ТОО,Казахстан,680 ₸,https://europharma.kz/pertussin-k-100-ml-fl,2026-08-13 15:31:42
Лекарственные средства,Кожные заболевания,,У - Пантенол-Тева 5% 100 гр крем в тубе,Ратиофарм ГмбХ,Германия,3 852 ₸,https://europharma.kz/u-pantenol-teva-5-100-gr-krem-v-tube,2026-08-13 15:31:43
Лекарственные средства,Спазмолитические препараты,Препараты для лечения заболеваний нервной системы. Анестетики местные. Амиды. Лидокаин,"Лидокаина гидрохлорид 1% раствор д/ инъекций 3,5 мл № 10 амп",Химфарм ФЗ АО,Казахстан,1 320 ₸,https://europharma.kz/lidokaina-gidrokhlorid-1-rastvor-d-inyektsiy-35-ml-no-10-amp,2026-08-13 15:31:44
Лекарственные средства,Лечение почек,Препараты для лечения урологических заболеваний. Другие препараты,Солидагорен 50 мл капли во флаконе,Dr.Gustav Klein Gmbh&Co.K,Германия,6 455 ₸,https://europharma.kz/solidagoren-50-ml-kapli-vo-flakone,2026-08-13 15:31:45
Лекарственные средства,Женские препараты,,Зафрилла (Савис) 2 мг № 28 табл,Гедеон Рихтер ОАО,Венгрия,13 315 ₸,https://europharma.kz/zafrilla-savis-2-mg-no-28-tabl,2026-08-13 15:31:46
Лекарственные средства,Анальгетики,"Средства, применяемые при мигрени. Селективные агонисты 5-НТ1-рецепторов серотонина. Ризатриптан. Код АТХ N02CC04",Ризоптан 10 мг № 3 табл.,Фарма Старт ООО,Украина,3 455 ₸,https://europharma.kz/rizoptan-10-mg-no-3-tabl,2026-08-13 15:31:47
Лекарственные средства,Гинекологические препараты,Антисептики и противомикробные препараты для лечения гинекологических заболеваний. Другие антисептики и противомикробные препараты.,Гексикон 16 мг № 10 вагин. суппозитории,Нижфарм ОАО,Россия,6 360 ₸,https://europharma.kz/geksikon-16-mg-no-10-vagin-suppozitorii,2026-08-13 15:31:48
Лекарственные средства,Женские препараты,Половые гормоны и модуляторы половой системы. Эстрогены. Природные и полусинтетические эстрогены. Эстрадиол.,"Лензетто спрей трансдермальный 8,1 мл во флаконе №1, 56 доз",Гедеон Рихтер Румыния А.О,Румыния,5 935 ₸,https://europharma.kz/lenzetto-sprey-transdermalnyy-81-ml-vo-flakone-no1-56-doz,2026-08-13 15:31:49
Лекарственные средства,Противокашлевые препараты,,Дефлю Сильвер Нос стронг 15 мл спрей назальный,Дельта Медикел Промоушнз АГ,Украина,6 750 ₸,https://europharma.kz/deflyu-silver-nos-strong-15-ml-sprey-nazalnyy,2026-08-13 15:31:50
Лекарственные средства,Лечение сердечно-сосудистых заболеваний,Гиполипидемические препараты. ГМГ-КоА-редуктазы ингибиторы.,Аторис 10 мг № 30 табл п/плён оболоч,KRKA d.d.,Словения,2 414 ₸,https://europharma.kz/atoris-10-mg-no-30-tabl-pplen-oboloch,2026-08-13 15:31:51
Лекарственные средства,Лечение печени,Пищеварительный тракт и обмен веществ. Препараты для лечения заболеваний печени и желчевыводящих путей. Другие препараты для лечения заболеваний желчевыводящихпутей. Гимекромон.,Одестон 200 мг № 20 табл.,Пабяницкий фармацевтическ,Польша,5 380 ₸,https://europharma.kz/odeston-200-mg-no-20-tabl,2026-08-13 15:31:52
Лекарственные средства,Лечение заболеваний опорно-двигательного аппарата,"Сердечно-сосудистая система. Вазопротекторы. Антиварикозная терапия. Гепарин или гепариноиды для местного применения. Гепарин, комбинации",Долобене 50 гр гель для наружного применения,Ратиофарм ГмбХ,Германия,8 330 ₸,https://europharma.kz/dolobene-50-gr-gel-dlya-naruzhnogo-primeneniya,2026-08-13 15:31:53
Лекарственные средства,Кожные заболевания,Дерматопротекторы. Парафина и жиров препараты.,Дексерил крем 250 г туба,Пьер Фабр медикамент продакшн,Франция,6 020 ₸,https://europharma.kz/dekseril-krem-250-g-tuba,2026-08-13 15:31:54
Лекарственные средства,Жаропонижающие,Другие анальгетики и антипиретики. Анилиды. Парацетамол в комбинации с другими препаратами исключая психолептики.,Грипго №100,Кусум Хелтхер,Индия,9 935 ₸,https://europharma.kz/gripgo-no100,2026-08-13 15:31:57
Лекарственные средства,Анальгетики,Анальгетики-антипиретики другие. Анилиды. Парацетамол.,Цефекон Д 250 мг № 10 суппозит. ректал.,Нижфарм ОАО,Россия,1 250 ₸,https://europharma.kz/tsefekon-d-250-mg-no-10-suppozit-rektal,2026-08-13 15:31:58
Лекарственные средства,Анальгетики,Противовоспалительные и противоревматические препараты. Нестероидные противовоспалительные препараты. Оксикамы. Мелоксикам.,"Мелбек раствор д/ внутримышеч. введения 15 мг/1,5 мл № 3 амп",Нобел АФФ,Турция,2 325 ₸,https://europharma.kz/melbek-rastvor-d-vnutrimyshech-vvedeniya-15-mg15-ml-no-3-amp,2026-08-13 15:31:59
Лекарственные средства,Жаропонижающие,Противовоспалительные и противоревматические препараты. Нестероидные противовоспалительные препараты. Пропионовой кислоты производные. Ибупрофен,"Нурофен 200 мг, № 12, табл.",Рекитт Бенкизер Хэлскер Интернешнл Лтд,Великобритания,670 ₸,https://europharma.kz/nurofen-200-mg-no-12-tabl,2026-08-13 15:32:00
Лекарственные средства,Лечение заболеваний опорно-двигательного аппарата,Нестероидные противовоспалительные препараты местного применения. Ибупрофен,"Долгит 50 гр, крем",Пром.Мед.Прага,Чешская республика,2 750 ₸,https://europharma.kz/dolgit-50-gr-krem,2026-08-13 15:32:01
Лекарственные средства,Средства от аллергии,"Препараты для лечения заболеваний глаз. Деконгестанты и антиаллергические препараты. Симпатомиметики, используемые в качестве деконгестантов. Нафазолин в комбинации с другими препаратами.",Аллергонаф 15 мл капли глазные и назальные,ЛеКос ТОО,Казахстан,705 ₸,https://europharma.kz/allergonaf-15-ml-kapli-glaznyye-i-nazalnyye,2026-08-13 15:32:02
Лекарственные средства,Слабительные препараты,Пищеварительный тракт и обмен веществ. Препараты для лечения запоров. Контактные слабительные препараты. Натрия пикосульфат.,Дульколакс пико 30 мл капли,Берингер Ингельхайм Итали,Италия,5 520 ₸,https://europharma.kz/dulkolaks-piko-30-ml-kapli,2026-08-13 15:32:03
Лекарственные средства,Лечение печени,,Годекс № 50 капс,Глобал Фарм,Казахстан,15 235 ₸,https://europharma.kz/godeks-no-50-kaps,2026-08-13 15:32:05
Лекарственные средства,Лечение сердечно-сосудистых заболеваний,Гиполипидемические препараты. ГМГ-КоА-редуктазы ингибиторы.,Аторис 20 мг № 30 табл п/плён оболоч,KRKA d.d.,Словения,3 615 ₸,https://europharma.kz/atoris-20-mg-no-30-tabl-pplen-oboloch,2026-08-13 15:32:06
Лекарственные средства,Лечение лор заболеваний,,"Синомарин назальный спрей для взрослых, 125 мл",Геролиматис ПНГ,Греция,5 355 ₸,https://europharma.kz/sinomarin-nazalnyy-sprey-dlya-vzroslykh-125-ml,2026-08-13 15:32:07
Лекарственные средства,Антибиотики,"Противоинфекционные препараты для системного использования. Антибактериальные препараты для системного применения. Макролиды, линкозамиды и стрептограмины. Макролиды. Азитромицин.",Сумамед 250 мг № 6 капс,Pliva Hrvatska d.o.o.,Хорватия,5 200 ₸,https://europharma.kz/sumamed-250-mg-no-6-kaps,2026-08-13 15:32:08
Лекарственные средства,Лечение заболеваний опорно-двигательного аппарата,,Белартро гиалуронат натрия 20 мг/2мл №1шприц,Нобел АФФ,Казахстан,23 570 ₸,https://europharma.kz/belartro-gialuronat-natria-20-mg2ml-no1spric,2026-08-13 15:32:09
Лекарственные средства,Противогрибковые средства,Антисептики и противомикробные препараты для лечения гинекологических заболеваний. Антисептики и противомикробные препараты для лечения гинекологических заболеваний (исключая комбинации с кортикостероидами). Производные имидазола. Кетоконазол,Ливарол № 5 вагин. суппозитории,Stada Arzneimittel AG,Россия,4 935 ₸,https://europharma.kz/livarol-no-5-vagin-suppozitorii,2026-08-13 15:32:10
Лекарственные средства,Кожные заболевания,Препараты для лечения угревой сыпи.,Акнекутан 16 мг № 30 капс,Ядран-Галенски Лабораторий а.о.,Бельгия,24 799 ₸,https://europharma.kz/aknekutan-16-mg-no-30-kaps,2026-08-13 15:32:11
Лекарственные средства,Противогрибковые средства,Противогрибковые препараты для местного применения. Производные имидазола.,"Фуцис 30 гр, гель",Кусум Хелтхер,Индия,3 190 ₸,https://europharma.kz/fucis-30-gr-gel,2026-08-13 15:32:12
Лекарственные средства,Кожные заболевания,Препараты для лечения угревой сыпи.,Акнекутан 8 мг № 30 капс,Ядран-Галенски Лабораторий а.о.,Бельгия,16 176 ₸,https://europharma.kz/aknekutan-8-mg-no-30-kaps,2026-08-13 15:32:13
Лекарственные средства,Гормональные препараты,,Спираль внутриматочная Мирена №1,Bayer AG,Германия,70 515 ₸,https://europharma.kz/spiral-vnutrimatocnaa-mirena-no1,2026-08-13 15:32:14
Лекарственные средства,Антибиотики,"Бета-лактамные антибактриальные препараты, прочие. Цефалоспорины второго поколения.",Префикс 250 мг/5 мл 60 мл порошок для пригот. сусп.,Нобел Илач Санаи ве Тиджарет А.Ш.,Казахстан,3 746 ₸,https://europharma.kz/prefiks-250-mg5-ml-60-ml-poroshok-dlya-prigot-susp,2026-08-13 15:32:15
Лекарственные средства,Слабительные препараты,Пищеварительный тракт и обмен веществ. Препараты для лечения запоров. Контактные слабительные препараты. Натрия пикосульфат.,Дульколакс пико 15 мл капли,Берингер Ингельхайм Итали,Италия,3 190 ₸,https://europharma.kz/dulkolaks-piko-15-ml-kapli,2026-08-13 15:32:16
Лекарственные средства,Пробиотики и пребиотики,,"Ротабиотик Бэби №10,пак",World Medicine,,4 295 ₸,https://europharma.kz/rotabiotik-bebi-no10pak,2026-08-13 15:32:17
Лекарственные средства,Лечение заболеваний опорно-двигательного аппарата,,Терафлекс Ультра капс №60,"Сагмел, Инк.",,15 210 ₸,https://europharma.kz/terafleks-ultra-kaps-no60,2026-08-13 15:32:18
Лекарственные средства,Антибиотики,Противомикробные препараты для системного применения. Бета-лактамные антибактериальные препараты прочие. Цефалоспорины второго поколения. Цефуроксим.,Мегасеф 750 мг 6мл № 1 порошок для приготовления раствора для инъекций,Нобел АФФ,Казахстан,1 005 ₸,https://europharma.kz/megasef-750-mg-6ml-no-1-poroshok-dlya-prigotovleniya-rastvora-dlya-inyektsiy,2026-08-13 15:32:19
Лекарственные средства,Мужские препараты,,Ровинопрост 820мг №30таб.,Grikar Chemical,Франция,9 395 ₸,https://europharma.kz/rovinoprost-820mg-no30tab,2026-08-13 15:32:20
Лекарственные средства,Антибиотики,"Противоинфекционные препараты для системного использования. Антибактериальные препараты для системного применения. Макролиды, линкозамиды и стрептограмины. Макролиды. Азитромицин.",Сумамед 100 мг/ 5 мл 20 мл порошок для пригот. сусп.,Pliva Hrvatska d.o.o.,Хорватия,4 178 ₸,https://europharma.kz/sumamed-100-mg-5-ml-20-ml-poroshok-dlya-prigot-susp,2026-08-13 15:32:21
Лекарственные средства,Антибиотики,Антибактериальные препараты для системного использования.,Офлокса 400 мг № 10 табл покрытые оболочкой,Глобал Фарм,Казахстан,5 295 ₸,https://europharma.kz/ofloksa-400-mg-no-10-tabl-pokrytyye-obolochkoy,2026-08-13 15:32:22
Лекарственные средства,Лечение жкт,,"Метакартин 1000мг, 5 мл, №5, р-р",Мефар Илач Санаи А.Ш,Турция,5 950 ₸,https://europharma.kz/metakartin-1000mg-5-ml-no5-r-r,2026-08-13 15:32:23
Лекарственные средства,Лечение глаз,"Симпатомиметики, используемые в качестве деконгестантов.",Визор 15 мл капли глазные,ЛеКос ТОО,Казахстан,1 295 ₸,https://europharma.kz/vizor-15-ml-kapli-glaznyye,2026-08-13 15:32:24
Лекарственные средства,Лечение жкт,"Препараты для лечения заболеваний, связанных с нарушением кислотности. Противоязвенные препараты и препараты для лечения гастроэзофагального рефлюкса (GORD). Ингибиторы протонового насоса. Пантопразол.",Улсепан 40 мг № 14 табл покрытые оболочкой,Уорлд Медицин Илач Сан.Ве Тидж А.Ш,Турция,3 880 ₸,https://europharma.kz/ulsepan-40-mg-no-14-tabl-pokrytyye-obolochkoy,2026-08-13 15:32:25
Лекарственные средства,Анальгетики,Анальгетики-антипиретики другие. Анилиды. Парацетамол.,Цефекон Д 100 мг № 10 суппозит. ректал.,Нижфарм ОАО,Россия,1 285 ₸,https://europharma.kz/tsefekon-d-100-mg-no-10-suppozit-rektal,2026-08-13 15:32:26
Лекарственные средства,Лечение заболеваний опорно-двигательного аппарата,,Диклофенак-АКОС гель наружн 5% 100 г,ПАО «Синтез»,,3 000 ₸,https://europharma.kz/diklofenak-akos-gel-naruzhn-5-100-g,2026-08-13 15:32:27
Лекарственные средства,Антисептики,,"Akmasept спрей для рук антимикробный ""Minti Chocolate"" 50 мл",Alma Pharmatech (Алма Фар,Казахстан,505 ₸,https://europharma.kz/akmasept-sprej-dla-ruk-antimikrobnyj-minti-chocolate-50-ml,2026-08-13 15:32:31
Лекарственные средства,От паразитов,,"Орнимед 500 мг №20, таблетки покрытые оболочкой",Рубикон ООО Беларусь,,5 255 ₸,https://europharma.kz/ornimed-500-mg-no20-tabletki-pokrytyye-obolochkoy,2026-08-13 15:32:32
Лекарственные средства,Лечение геморроя,Ангиопротекторы. Средства для лечения геморроя и анальных трещин для местного применения. Прочие средства для лечения геморроя и анальных трещин для местного применения.,"Релиф 28,4 г мазь ректальная","Сагмел, Инк.",США,5 495 ₸,https://europharma.kz/relif-284-g-maz-rektalnaya,2026-08-13 15:32:33
Лекарственные средства,Лечение сердечно-сосудистых заболеваний,Прочие кардиотонические препараты .,Рибоксин 200 мг № 50 табл,Борисовский завод медицинских препаратов ОАО,Беларусь,440 ₸,https://europharma.kz/riboksin-200-mg-no-50-tabl-2,2026-08-13 15:32:34
Лекарственные средства,Противогрибковые средства,Противогрибковые препараты для системного применения.,Итракон 100 мг № 15 капс,Фармак ОАО,Украина,8 650 ₸,https://europharma.kz/itrakon-100-mg-no-15-kaps,2026-08-13 15:32:35
Лекарственные средства,Лечение заболеваний мочеполовой системы,Диуретики. Альдостерона антагонисты.,"Альдарон 100 мг, №30, капс.",Глобал Фарм,Казахстан,2 595 ₸,https://europharma.kz/aldaron-100-mg-no30-kaps,2026-08-13 15:32:36
Лекарственные средства,Лечение лор заболеваний,Препараты для лечения отологических заболеваний. Глюкокортикостероиды в комбинации с противомикробными препаратами.,Отипол 5 мл капли ушные во флаконах,ЛеКос ТОО,Казахстан,985 ₸,https://europharma.kz/otipol-5-ml-kapli-ushnyye-vo-flakonakh,2026-08-13 15:32:37
Лекарственные средства,Лечение лор заболеваний,Препарат для лечения заболеваний горла. Антисептики. Прочие препараты,"Стрепсилс Плюс №24, табл.",Рекитт Бенкизер Хэлскер Интернешнл Лтд,Великобритания,2 995 ₸,https://europharma.kz/strepsils-plus-no24-tabl,2026-08-13 15:32:38
Лекарственные средства,Пробиотики и пребиотики,Противодиарейные препараты. Регидратанты для перорального приема,ОРС Вива Фарм № 20 порошок,Вива Фарм ТОО,Казахстан,5 005 ₸,https://europharma.kz/ors-viva-farm-no-20-poroshok,2026-08-13 15:32:39
Лекарственные средства,Лечение заболеваний мочеполовой системы,Диуретики. Альдостерона антагонисты.,"Альдарон 50 мг, №30, капс.",Глобал Фарм,Казахстан,1 795 ₸,https://europharma.kz/aldaron-50-mg-no30-kaps,2026-08-13 15:32:40
Лекарственные средства,Препараты урологии и гинекологии,Мочеполовая система и половые гормоны. Урологические препараты. Другие препараты для лечения урологических заболеваний.,Аденопросин 150 мг № 10 суппозит. ректал.,FARMAPRIM SRL,"Молдова, республика",8 065 ₸,https://europharma.kz/adenoprosin-150-mg-no-10-suppozit-rektal,2026-08-13 15:32:41
Лекарственные средства,Лечение заболеваний опорно-двигательного аппарата,Прочие препараты для лечения заболеваний опорно-двигательного аппарата.,Терафлекс № 30 капс,"Сагмел, Инк.",США,8 490 ₸,https://europharma.kz/terafleks-no-30-kaps,2026-08-13 15:32:42
Лекарственные средства,Мужские препараты,,Простатилен 50 мг № 10 суппозит. ректал.,Цитомед ЗАО (Россия),Россия,14 310 ₸,https://europharma.kz/prostatilen-50-mg-no-10-suppozit-rektal,2026-08-13 15:32:43
Лекарственные средства,Антибиотики,"Противоинфекционные препараты для системного использования. Антибактериальные препараты для системного применения. Макролиды, линкозамиды и стрептограмины. Макролиды. Азитромицин.",Сумамед 500 мг № 3 табл п/плён оболоч,Pliva Hrvatska d.o.o.,Хорватия,7 625 ₸,https://europharma.kz/sumamed-500-mg-no-3-tabl-pplen-oboloch,2026-08-13 15:32:44
Лекарственные средства,Спазмолитические препараты,Препараты для лечения функциональных расстройств кишечника.,Но-шпа Пуш-топ 40 мг № 60 табл,Stada Arzneimittel AG,Франция,5 160 ₸,https://europharma.kz/no-shpa-push-top-40-mg-no-60-tabl,2026-08-13 15:32:45
Лекарственные средства,Инъекционные растворы и ампулы,Прочие препараты для лечения заболеваний ЖКТ и нарушения обмена веществ. Аминокислоты и их производные. Левокарнитин.,"Инестом 1г/5мл, №5, р-р для инъекций в амп.",Help S.A.,Греция,6 930 ₸,https://europharma.kz/inestom-1g5ml-no5-r-r-dlya-inyektsiy-v-amp,2026-08-13 15:32:46
Лекарственные средства,Лечение ран и ожогов,Антисептики и дезинфицирующие препараты. Прочие антисептики и дезинфицирующие препараты.,Вишневского линимент 40 гр туба,Борисовский завод медицинских препаратов ОАО,Беларусь,610 ₸,https://europharma.kz/vishnevskogo-liniment-40-gr-tuba,2026-08-13 15:32:47
Лекарственные средства,Лечение лор заболеваний,Препараты для лечения заболеваний респираторной системы. Препараты для лечения заболеваний горла.,"Лидин-DF 30 мл, спрей для местного применения",Досфарм,Казахстан,1 930 ₸,https://europharma.kz/lidin-df-30-ml-sprey-dlya-mestnogo-primeneniya,2026-08-13 15:32:48
Лекарственные средства,Лечение заболеваний опорно-двигательного аппарата,Нестероидные противовоспалительные препараты для местного применения. Прочие препараты,"Фаниган Фаст 30 гр, гель",Кусум Хелтхер,Индия,1 885 ₸,https://europharma.kz/fanigan-fast-30-gr-gel,2026-08-13 15:32:49
Лекарственные средства,Анальгетики,Нестероидные противовоспалительные препараты для местного применения.,Нимид гель 30 гр,Кусум Хелтхер,Индия,1 750 ₸,https://europharma.kz/nimid-gel-30-gr,2026-08-13 15:32:50
Лекарственные средства,Противокашлевые препараты,Препараты для устранения симптомов простуды и кашля.,Либексин 100 мг № 20 табл,Stada Arzneimittel AG,Франция,3 215 ₸,https://europharma.kz/libeksin-100-mg-no-20-tabl,2026-08-13 15:32:51
Лекарственные средства,"Ринозол 10 мл, наз. капли",Назальные препараты. Антиконгенстанты и другие назальные препараты для местного применения. Симпатомиметики в комбинации с другими препаратами (исключая глюкокортикоиды). Нафазолин в комбинации с другими препаратами,"Ринозол 10 мл, наз. капли",ЛеКос ТОО,Казахстан,760 ₸,https://europharma.kz/rinozol-10-ml-naz-kapli,2026-08-13 15:32:52
Лекарственные средства,Кожные заболевания,,M&Z Farm Салициловая мазь 2%-50 гр,M&Z Farm,,1 095 ₸,https://europharma.kz/mz-farm-salitsilovaya-maz-2-50-gr,2026-08-13 15:32:53
Лекарственные средства,Анальгетики,,Этодин ДУО 500мг/8мг №14,"Нобел Илач Санаи ве Тиджарет, А.Ш., Турция",,4 506 ₸,https://europharma.kz/etodin-duo-500mg8mg-no14,2026-08-13 15:32:54
Лекарственные средства,Антисептики,Антисептики и дезинфицирующие препараты. Хлоргексидин в комбинации с другими препаратами.,Депантол 30 гр крем,Stada Arzneimittel AG,Россия,3 060 ₸,https://europharma.kz/depantol-30-gr-krem,2026-08-13 15:32:55
Лекарственные средства,Лечение лор заболеваний,Респираторная система. Препараты для лечения заболеваний горла. Антисептики. Прочие препараты.,Тонзилгон® Н № 50 табл,Bionorica SE,Германия,3 965 ₸,https://europharma.kz/tonzilgon-n-no-50-tabl,2026-08-13 15:32:56
Лекарственные средства,Антибиотики,"Противоинфекционные препараты для системного использования. Антибактериальные препараты для системного применения. Макролиды, линкозамиды и стрептограмины. Макролиды. Азитромицин.",Сумамед форте 200мг/5мл 15 мл порошок для пригот. сусп.,Pliva Hrvatska d.o.o.,Хорватия,4 315 ₸,https://europharma.kz/sumamed-forte-200mg5ml-15-ml-poroshok-dlya-prigot-susp,2026-08-13 15:32:57
Лекарственные средства,Лечение геморроя,Ангиопротекторы. Средства для лечения геморроя и анальных трещин для местного применения. Прочие средства для лечения геморроя и анальных трещин для местного применения.,Релиф № 12 суппозит. ректал.,"Сагмел, Инк.",США,4 835 ₸,https://europharma.kz/relif-no-12-suppozit-rektal,2026-08-13 15:32:58
Лекарственные средства,Ринозол форте 15 мл капли назальные,Назальные препараты. Антиконгенстанты и другие назальные препараты для местного применения. Симпатомиметики в комбинации с другими препаратами. Нафазолин,Ринозол форте 15 мл капли назальные,ЛеКос ТОО,Казахстан,940 ₸,https://europharma.kz/rinozol-forte-15-ml-kapli-nazalnyye,2026-08-13 15:32:59
Лекарственные средства,Кожные заболевания,,M&Z Farm Салицилово-Цинковая паста(паста Лассара)-50гр,M&Z Farm,,1 445 ₸,https://europharma.kz/mz-farm-salitsilovo-tsinkovaya-pastapasta-lassara-50gr,2026-08-13 15:33:00
Лекарственные средства,Гинекологические препараты,Препараты для лечения амебиаза и других протозойных инфекций. Нитроимидазола производные. Орнидазол,"Оргил 500 мг, №10, табл.",Кусум Хелтхер,Индия,3 235 ₸,https://europharma.kz/orgil-500-mg-no10-tabl,2026-08-13 15:33:03
Лекарственные средства,Антисептики,,M&Z Farm Раствор Фурацилина 200 мл,M&Z Farm,,650 ₸,https://europharma.kz/mz-farm-rastvor-furatsilina-200-ml,2026-08-13 15:33:04
Лекарственные средства,Лечение глаз,Препараты для лечения заболеваний глаз. Противоглаукомные препараты и миотики. Бета-адреноблокаторы. Тимолол,"Тиммал 0,25 %, 5 мл, гл. капли",ЛеКос ТОО,Казахстан,810 ₸,https://europharma.kz/timmal-025-5-ml-gl-kapli,2026-08-13 15:33:05
Лекарственные средства,Противогрибковые средства,Противогрибковые препараты для системного применения. Производные триазола. Флуконазол.,Фобос 150 мг №1 капс,Replek farm Ltd.Skopje.Македония,"Македония, бывшая югославская республика",2 555 ₸,https://europharma.kz/fobos-150-mg-no1-kaps,2026-08-13 15:33:06
Лекарственные средства,Лечение сердечно-сосудистых заболеваний,Антикоагулянты. Антогонисты витамина К.,"Варфарин Никомед для приема внутрь 2,5 мг № 50 табл",Такеда Австрия ГмбХ,Австрия,885 ₸,https://europharma.kz/varfarin-nikomed-dlya-priyema-vnutr-25-mg-no-50-tabl,2026-08-13 15:33:07
Лекарственные средства,Противогрибковые средства,Противогрибковые препараты для системного применения.,Флузамед 150мг № 1 капс,"Е.И.П.И.Ко , Египет",Египет,3 855 ₸,https://europharma.kz/fluzamed-150mg-no-1-kaps,2026-08-13 15:33:08
Лекарственные средства,Лечение глаз,Препараты для лечения заболеваний глаз. Противомикробные препараты. Противомикробные препараты другие. Офлоксацин.,"Флоксал 0,3% 3 гр гл. мазь",Д-р Герхард Манн Химико-Фармацевтическое предприят,Германия,3 065 ₸,https://europharma.kz/floksal-03-3-gr-gl-maz,2026-08-13 15:33:09
Лекарственные средства,Лечение заболеваний опорно-двигательного аппарата,Нестероидные противовоспалительные препараты для местного применения. Прочие препараты,"Фаниган Фаст 100 гр, гель",Кусум Хелтхер,Индия,4 400 ₸,https://europharma.kz/fanigan-fast-100-gr-gel,2026-08-13 15:33:10
Лекарственные средства,Анальгетики,,Цитрамон Боримед №10,Борисовский завод медицинских препаратов РУП,,75 ₸,https://europharma.kz/tsitramon-borimed-no10,2026-08-13 15:33:11
Лекарственные средства,Лечение лор заболеваний,Назальные препараты. Антиконгенстанты и другие назальные препараты для местного применения. Симпатомиметики. Ксилометазолин.,"Фармазолин 0,1%, 10 мл, капли",Фармак ОАО,Украина,1 050 ₸,https://europharma.kz/farmazolin-01-10-ml-kapli,2026-08-13 15:33:12
Лекарственные средства,Противогрибковые средства,Противогрибковые препараты для системного применения. Производные триазола. Флуконазол.,Флуконазол 150мг № 1 капс,Борисовский завод медицинских препаратов ОАО,Беларусь,795 ₸,https://europharma.kz/flukonazol-150mg-no-1-kaps-2,2026-08-13 15:33:13
Лекарственные средства,Терафлекс № 120 капс,Прочие препараты для лечения заболеваний опорно-двигательного аппарата.,Терафлекс № 120 капс,"Сагмел, Инк.",США,18 865 ₸,https://europharma.kz/terafleks-no-120-kaps,2026-08-13 15:33:14
Лекарственные средства,Лечение жкт,"Антациды в комбинации с препаратами, уменьшающими газообразование в кишечнике.","Сималгель 300 мл, сусп.",World Medicine,,4 745 ₸,https://europharma.kz/simalgel-300-ml-susp,2026-08-13 15:33:15
Лекарственные средства,Лечение заболеваний опорно-двигательного аппарата,Прочие препараты для лечения заболеваний опорно-двигательного аппарата.,Терафлекс № 60 капс,"Сагмел, Инк.",США,12 150 ₸,https://europharma.kz/terafleks-no-60-kaps,2026-08-13 15:33:16
Лекарственные средства,Антибиотики,,"Флемоксин Солютаб таб.250мг №20, Haupt",,Италия,5 010 ₸,https://europharma.kz/flemoksin-solyutab-tab250mg-no20-haupt,2026-08-13 15:33:17
Лекарственные средства,Лечение головного кровооброщения,Другие психостимуляторы и ноотропные препараты.,Пирацетам 20% раствор д/инъекций 5 мл № 10 амп,Борисовский завод медицинских препаратов ОАО,Беларусь,595 ₸,https://europharma.kz/piratsetam-20-rastvor-dinyektsiy-5-ml-no-10-amp-2,2026-08-13 15:33:18
Лекарственные средства,Противовирусные препараты,,Пен-Герпевир 10мг/г 2гр крем,,,3 053 ₸,https://europharma.kz/pen-gerpevir-10mgg-2gr-krem,2026-08-13 15:33:19
Лекарственные средства,Лечение глаз,,Тафлотан® БК кап.глазн.15мкг/мл 3мл фл,"Тубилюкс Фарм, Италия",,8 312 ₸,https://europharma.kz/taflotan-bk-kapglazn15mkgml-3ml-fl,2026-08-13 15:33:20
Лекарственные средства,Антибиотики,Антибактериальные средства для системного использования.,"Флапрокс 500 мг, №10, табл.",Уорлд Медицин Илач Сан.Ве Тидж А.Ш,Турция,2 268 ₸,https://europharma.kz/flaproks-500-mg-no10-tabl,2026-08-13 15:33:21
Лекарственные средства,Антисептики,,"Akmasept спрей для рук антимикробный ""No Perfume"" 50 мл",Alma Pharmatech (Алма Фар,Казахстан,505 ₸,https://europharma.kz/akmasept-sprey-dlya-ruk-antimikrobnyy-no-perfume-50-ml,2026-08-13 15:33:22
Лекарственные средства,Лечение глаз,Препараты для лечения заболеваний глаз. Противомикробные препараты. Противомикробные препараты другие. Офлоксацин.,"Флоксал 0,3% 5 мл капли глазные",Д-р Герхард Манн Химико-Фармацевтическое предприят,Германия,3 215 ₸,https://europharma.kz/floksal-03-5-ml-kapli-glaznyye,2026-08-13 15:33:23
Лекарственные средства,Антисептики,,"Akmasept гель для рук антимикробный ""Aloe Vera"" 50 мл",Alma Pharmatech (Алма Фар,Казахстан,505 ₸,https://europharma.kz/akmasept-gel-dlya-ruk-antimikrobnyy-aloe-vera-50-ml,2026-08-13 15:33:24
Лекарственные средства,Пробиотики и пребиотики,,LACTOFLORENE ГАСТРО биологически активная добавка 10 капс (30 капсул в упаковке),,Казахстан,9 150 ₸,https://europharma.kz/lactoflorene-gastro-biologicheski-aktivnaya-dobavka-10-kaps-30-kapsul-v-upakovke,2026-08-13 15:33:25
Лекарственные средства,Лечение заболеваний опорно-двигательного аппарата,"Костно-мышечная система. Препараты для местного применения при суставной и мышечной боли. Противовоспалительные препараты, нестероидные, для местного применения. Диклофенак",Диклофенак-Тева 1% 100 г гель,Ратиофарм ГмбХ,Германия,4 885 ₸,https://europharma.kz/diklofenak-teva-1-100-g-gel,2026-08-13 15:33:26
Лекарственные средства,Гинекологические препараты,Антисептики и противомикробные препараты для лечения гинекологических заболеваний. Другие антисептики и противомикробные препараты.,Депантол № 10 вагин. суппозитории,Stada Arzneimittel AG,Россия,7 655 ₸,https://europharma.kz/depantol-no-10-vagin-suppozitorii,2026-08-13 15:33:27
Лекарственные средства,Противогрибковые средства,,Микозан Нэйл 5 мл,Cosmade Belgium BVBA,Бельгия,5 045 ₸,https://europharma.kz/mikozan-neyl-5-ml,2026-08-13 15:33:28
Лекарственные средства,Инъекционные растворы и ампулы,"Плазмозамещающие и перфузионные растворы. Растворы, влияющие на водно-электролитный баланс. Растворы для внутривенного введения. Электролиты.","Натрия хлорид 0,9% 400 мл, фл.",Келун-Казфарм (Kelun-Kazpharm),Казахстан,430 ₸,https://europharma.kz/natria-hlorid-09-400-ml-fl-5,2026-08-13 15:33:29
Лекарственные средства,Кожные заболевания,,"Белодерм 0,05%, 15 гр, мазь",Belupo,Хорватия,1 995 ₸,https://europharma.kz/beloderm-005-15-gr-maz,2026-08-13 15:33:31
Лекарственные средства,Лечение заболеваний мочеполовой системы,Калийсберегающие диуретики. Альдостерона антагонисты.,Альдарон 25 мг № 20 табл,Глобал Фарм,Казахстан,1 025 ₸,https://europharma.kz/aldaron-25-mg-no-20-tabl,2026-08-13 15:33:32
Лекарственные средства,Лечение глаз,Препараты для лечения заболеваний глаз. Противоглаукомные препараты и миотики. Бета-адреноблокаторы. Тимолол,"Тиммал 0,5% 5 мл капли глазные",ЛеКос ТОО,Казахстан,985 ₸,https://europharma.kz/timmal-05-5-ml-kapli-glaznyye,2026-08-13 15:33:33
Лекарственные средства,Средства от аллергии,Антигистаминные препараты системного действия.,Цветокс раствор 1 мг/мл 120 мл,Replek farm Ltd.Skopje.Македония,"Македония, бывшая югославская республика",2 750 ₸,https://europharma.kz/cvetoks-rastvor-1-mgml-120-ml,2026-08-13 15:33:36
Лекарственные средства,Кожные заболевания,,"Белогент 15 гр, мазь",Belupo,Хорватия,2 015 ₸,https://europharma.kz/belogent-15-gr-maz,2026-08-13 15:33:37
Лекарственные средства,Лечение заболеваний опорно-двигательного аппарата,Прочие препараты для лечения заболеваний опорно-двигательного аппарата.,Терафлекс Адванс № 60 капс,"Сагмел, Инк.",США,12 650 ₸,https://europharma.kz/terafleks-advans-no-60-kaps,2026-08-13 15:33:38
Лекарственные средства,Лечение жкт,"Препараты для лечения заболеваний, связанных с нарушением кислотности. Антациды. Антациды в сочетании с другими препаратами.",Ренни (апельсин) № 24 табл. жев.,"Сагмел, Инк.",Франция,2 240 ₸,https://europharma.kz/renni-apelsin-no-24-tabl-zhev,2026-08-13 15:33:39
Лекарственные средства,Мужские препараты,Препараты для лечения урологических заболеваний. Другие препараты для,Витапрост 20 мг № 20 табл покр кишечнораст оболочкой,Нижфарм ОАО,Россия,10 905 ₸,https://europharma.kz/vitaprost-20-mg-no-20-tabl-pokr-kishechnorast-obolochkoy,2026-08-13 15:33:40
Лекарственные средства,Лечение сердечно-сосудистых заболеваний,Антикоагулянты. Ингибиторы агрегации тромбоцитов исключая гепарин. Ацетилсалициловая кислота,Кардиомагнил 150мг № 100 табл п/плён оболоч,Такеда Фармасьютикал Комапани Лтд.,Австрия,5 290 ₸,https://europharma.kz/kardiomagnil-150mg-no-100-tabl-pplen-oboloch,2026-08-13 15:33:41
Лекарственные средства,Антисептики,,"Akmasept спрей для рук антимикробный ""AloeVera"" 50 мл",Alma Pharmatech (Алма Фар,Казахстан,540 ₸,https://europharma.kz/akmasept-sprey-dlya-ruk-antimikrobnyy-aloevera-50-ml,2026-08-13 15:33:42
Лекарственные средства,Кожные заболевания,,"Белогент 15 гр, крем",Belupo,Хорватия,2 080 ₸,https://europharma.kz/belogent-15-gr-krem,2026-08-13 15:33:43
Лекарственные средства,Антибиотики,Другие аминогликозиды,Меркацин 500 мг/2 мл № 1 флак,World Medicine,Египет,2 520 ₸,https://europharma.kz/merkatsin-500-mg2-ml-no-1-flak,2026-08-13 15:33:44
Лекарственные средства,Антисептики,,"Akmasept гель для рук антимикробный ""No Perfume"" 50 мл",Alma Pharmatech (Алма Фар,Казахстан,505 ₸,https://europharma.kz/akmasept-gel-dlya-ruk-antimikrobnyy-no-perfume-50-ml,2026-08-13 15:33:45
Лекарственные средства,Противовоспалительные средства,,Ибуфен Д форте малина 200мг/5мл 100мл суспензия для приема внутрь,Медана Фарма АО,Польша,3 150 ₸,https://europharma.kz/ibufen-d-forte-malina-200mg5ml-100ml-suspenziya-dlya-priyema-vnutr,2026-08-13 15:33:46
Лекарственные средства,Антибиотики,Другие аминогликозиды,Меркацин 100 мг/2 мл № 1 флак,World Medicine,Египет,1 475 ₸,https://europharma.kz/merkatsin-100-mg2-ml-no-1-flak,2026-08-13 15:33:47
Лекарственные средства,Противогрибковые средства,Антисептики и противомикробные препараты для лечения гинекологических заболеваний.,Вагид- CL вагинальные суппозитории № 3 шт,Bliss GVS pharma Ltd,Индия,2 905 ₸,https://europharma.kz/vagid--cl-vaginalnyye-suppozitorii-no-3-sht,2026-08-13 15:33:48
Лекарственные средства,Кожные заболевания,Глюкокортикостероиды для местного лечения заболеваний кожи. Глюкокортикостероиды в комбинации с другими препаратами. Кортикостероиды сильные в комбинации с другими препаратами. Бетаметазон в комбинации с другими препаратами.,Новосалик 30 г мазь,REPLEK FARM Ltd.Skopje,Польша,4 155 ₸,https://europharma.kz/novosalik-30-g-maz,2026-08-13 15:33:49
Лекарственные средства,Противогрибковые средства,"ПРОТИВОГРИБКОВОЕ СРЕДСТВО ДЛЯ СИСТЕМНОГО ПРИМЕНЕНИЯ.
ПРОИЗВОДНЫЕ ТРИАЗОЛА. ФЛУКОНАЗОЛ
КОД АТХ J02AC01
ФАРМАКОЛОГИЧЕСКИЕ СВОЙСТВА
ФАРМАКОКИНЕТИКА
ПРЕПАРАТ ХОРОШО АБСОРБИРУЕТСЯ, ЕГО БИОДОСТУПНОСТЬ ПРЕВЫШАЕТ 90%. 11–12% ФЛУКОНАЗОЛА СВЯЗЫВАЮТСЯ С БЕЛКАМИ ПЛАЗМЫ КРОВИ. ФЛУКОНАЗОЛ ХОРОШО ПРОНИКАЕТ ВО ВСЕ ЖИДКОСТИ ОРГАНИЗМА, ВКЛЮЧАЯ ЛИКВОР. В РОГОВОМ СЛОЕ КОЖИ, ЭПИДЕРМИСЕ, ДЕРМЕ И ПОТОВОЙ ЖИДКОСТИ ДОСТИГАЮТСЯ КОНЦЕНТРАЦИИ, ПРЕВЫШАЮЩИЕ СЫВОРОТОЧНЫЕ. ФЛУКОНАЗОЛ НАКАПЛИВАЕТСЯ В РОГОВОМ СЛОЕ КОЖИ, ЧЕРЕЗ 6 МЕСЯЦЕВ ПОСЛЕ ЗАВЕРШЕНИЯ ТЕРАПИИ ПРЕПАРАТ ОПРЕДЕЛЯЕТСЯ В НОГТЯХ. МАКСИМАЛЬНЫЙ УРОВЕНЬ В ПЛАЗМЕ КРОВИ ДОСТИГАЕТСЯ В ТЕЧЕНИЕ 0,5–1,5 Ч. ПЕРИОД ПОЛУВЫВЕДЕНИЯ СОСТАВЛЯЕТ ОКОЛО 30 Ч, ЧТО ПОЗВОЛЯЕТ ПРИМЕНЯТЬ ПРЕПАРАТ 1 РАЗ В СУТКИ ИЛИ ОДНОКРАТНО. ВЫДЕЛЯЕТСЯ В ОСНОВНОМ ПОЧКАМИ; 80% ВЫЯВЛЯЮТ В МОЧЕ В НЕИЗМЕНЕННОМ ВИДЕ. КЛИРЕНС ПРЕПАРАТА ПРОПОРЦИОНАЛЕН КЛИРЕНСУ КРЕАТИНИНА.
ФАРМАКОДИНАМИКА
ФЛУКОНАЗОЛ-ТК — СИНТЕТИЧЕСКИЙ ПРОТИВОГРИБКОВЫЙ ПРЕПАРАТ, ГРУППЫ ТРИАЗОЛОВ. ПРИМЕНЯЕТСЯ ДЛЯ ЛЕЧЕНИЯ ПОВЕРХНОСТНЫХ И СИСТЕМНЫХ МИКОЗОВ. ФЛУКОНАЗОЛ - ТК ЯВЛЯЕТСЯ СЕЛЕКТИВНЫМ ИНГИБИТОРОМ ФЕРМЕНТА 14Α-ДЕМЕТИЛАЗЫ ГРИБКОВОЙ КЛЕТКИ, ТОРМОЗИТ СИНТЕЗ ЭРГОСТЕРОЛА, ОСНОВНОГО КОМПОНЕНТА МЕМБРАН КЛЕТОК ГРИБКОВ И ПЛЕСЕНИ. ОБЛАДАЕТ ФУНГИСТАТИЧЕСКИМ ДЕЙСТВИЕМ И АКТИВЕН В ОТНОШЕНИИ МНОГИХ ПАТОГЕННЫХ ГРИБКОВ, ТАКИХ КАК CANDIDASPP. (C. ALBICANS, С. TROPICALIS), CRYPTOCOCCUSNEOFORMANS, COCCIDIOIDESIMMITIS, HISTOPLASMACAPSULATUM, BLASTOMYCESDERMATITIDIS,SPOROTHRIXSCHENKII,PARACOCCIDIOIDESBRASILIENSIS, А ТАКЖЕ В ОТНОШЕНИИ БОЛЬШИНСТВА ДЕРМАТОФИТОВ. МЕНЕЕ АКТИВЕН В ОТНОШЕНИИ ASPERGILLUSSPP. И PENICILLIUMMARNEFFEI. К ПРЕПАРАТУ УСТОЙЧИВЫ С. KRUSEI, С. GLABRATO, FUSARIUMSPP. И ЗИГОМИЦЕТЫ
ПОКАЗАНИЯ К ПРИМЕНЕНИЮ
- КРИПТОКОККОЗ, ВКЛЮЧАЯ КРИПТОКОККОВЫЙ МЕНИНГИТ И ИНФЕКЦИИ ДРУГОЙ ЛОКАЛИЗАЦИИ (НАПРИМЕР, ЛЕГКИХ, КОЖИ), В Т.Ч. У БОЛЬНЫХ С НОРМАЛЬНЫМ ИММУННЫМ ОТВЕТОМ И БОЛЬНЫХ СПИДОМ, РЕЦИПИЕНТОВ ПЕРЕСАЖЕННЫХ ОРГАНОВ И БОЛЬНЫХ С ДРУГИМИ ФОРМАМИ ИММУНОДЕФИЦИТА; ПОДДЕРЖИВАЮЩАЯ ТЕРАПИЯ С ЦЕЛЬЮ ПРОФИЛАКТИКИ РЕЦИДИВОВ КРИПТОКОККОЗА У БОЛЬНЫХ СПИДОМ
- ГЕНЕРАЛИЗОВАННЫЙ КАНДИДОЗ, ВКЛЮЧАЯ КАНДИДЕМИЮ, ДИССЕМИНИРОВАННЫЙ КАНДИДОЗ И ДРУГИЕ ФОРМЫ ИНВАЗИВНОЙ КАНДИДОЗНОЙ ИНФЕКЦИИ, ТАКИЕ КАК ИНФЕКЦИИ БРЮШИНЫ, ЭНДОКАРДА, ГЛАЗ, ДЫХАТЕЛЬНЫХ И МОЧЕВЫХ ПУТЕЙ, В ТОМ ЧИСЛЕ У БОЛЬНЫХ СО ЗЛОКАЧЕСТВЕННЫМИ ОПУХОЛЯМИ, НАХОДЯЩИХСЯ В ОТДЕЛЕНИЯХ ИНТЕНСИВНОЙ ТЕРАПИИ И ПОЛУЧАЮЩИХ ЦИТОТОКСИЧЕСКУЮ ИЛИ ИММУНОСУПРЕССИВНУЮ ТЕРАПИЮ, А ТАКЖЕ У БОЛЬНЫХ С ДРУГИМИ ФАКТОРАМИ, ПРЕДРАСПОЛАГАЮЩИМИ К РАЗВИТИЮ КАНДИДОЗА
- КАНДИДОЗ СЛИЗИСТЫХ ОБОЛОЧЕК, ВКЛЮЧАЯ СЛИЗИСТЫЕ ПОЛОСТИ РТА, ГЛОТКИ, ПИЩЕВОДА, НЕИНВАЗИВНЫЕ БРОНХО-ЛЕГОЧНЫЕ ИНФЕКЦИИ, КАНДИДУРИЯ, КОЖНО-СЛИЗИСТЫЙ И ХРОНИЧЕСКИЙ АТРОФИЧЕСКИЙ КАНДИДОЗ ПОЛОСТИ РТА (СВЯЗАННЫЙ С НОШЕНИЕМ ЗУБНЫХ ПРОТЕЗОВ) У БОЛЬНЫХ С НОРМАЛЬНОЙ И ПОДАВЛЕННОЙ ИММУННОЙ ФУНКЦИЕЙ, ПРОФИЛАКТИКА РЕЦИДИВА ОРОФАРИНГЕАЛЬНОГО КАНДИДОЗА У БОЛЬНЫХ С СПИД
- ГЕНИТАЛЬНЫЙ КАНДИДОЗ, ОСТРЫЙ ИЛИ РЕЦИДИВИРУЮЩИЙ ВАГИНАЛЬНЫЙ КАНДИДОЗ, ПРОФИЛАКТИКА С ЦЕЛЬЮ УМЕНЬШЕНИЯ ЧАСТОТЫ РЕЦИДИВОВ ВАГИНАЛЬНОГО КАНДИДОЗА (3 И БОЛЕЕ ЭПИЗОДОВ В ГОД), КАНДИДОЗНЫЙБАЛАНИТ
- ПРОФИЛАКТИКА ГРИБКОВЫХ ИНФЕКЦИЙ У БОЛЬНЫХ СО ЗЛОКАЧЕСТВЕННЫМИ НОВООБРАЗОВАНИЯМИ, ПРЕДРАСПОЛОЖЕННЫХ К РАЗВИТИЮ ТАКИХ ИНФЕКЦИЙ В РЕЗУЛЬТАТЕ ЦИТОТОКСИЧЕСКОЙ ХИМИОТЕРАПИИ ИЛИ ЛУЧЕВОЙ ТЕРАПИИ
- ДЕРМАТОМИКОЗ, ВКЛЮЧАЯ МИКОЗЫ СТОП, ГЛАДКОЙ КОЖИ ТУЛОВИЩА, КОНЕЧНОСТЕЙ, ОТРУБЕВИДНЫЙ ЛИШАЙ, ОНИХОМИКОЗ И КОЖНЫЕ КАНДИДОЗНЫЕ ИНФЕКЦИИ
- ГЛУБОКИЕ ЭНДЕМИЧЕСКИЕ МИКОЗЫ У БОЛЬНЫХ С НОРМАЛЬНЫМ ИММУНИТЕТОМ, КОКЦИДИОИДОМИКОЗ, ПАРАКОКЦИДИОИДОМИКОЗ, СПОРОТРИХОЗ И ГИСТОПЛАЗМОЗ.
СПОСОБ ПРИМЕНЕНИЯ И ДОЗЫ
ПРИНИМАЮТ ВНУТРЬ, ЕЖЕДНЕВНО, 1 РАЗ В СУТКИ. СУТОЧНАЯ ДОЗА ЗАВИСИТ ОТ ПРИРОДЫ И ТЯЖЕСТИ ГРИБКОВОЙ ИНФЕКЦИИ И ОПРЕДЕЛЯЕТСЯ ИНДИВИДУАЛЬНО. ДЛИТЕЛЬНОСТЬ ЛЕЧЕНИЯ ЗАВИСИТ ОТ КЛИНИЧЕСКОГО И МИКОЛОГИЧЕСКОГО ЭФФЕКТА.
ВЗРОСЛЫЕ
ПРИ КРИПТОКОККОВЫХ ИНФЕКЦИЯХ В ПЕРВЫЙ ДЕНЬ, КАК ПРАВИЛО, НАЗНАЧАЮТ 400 МГ, А ЗАТЕМ ПРОДОЛЖАЮТ ЛЕЧЕНИЕ В ДОЗЕ 200-400 МГ ОДИН РАЗ В СУТКИ. ДЛИТЕЛЬНОСТЬ ЛЕЧЕНИЯ, КАК ПРАВИЛО, СОСТАВЛЯЕТ 6-8 НЕДЕЛЬ. ДЛЯ ПРОФИЛАКТИКИ РЕЦИДИВА КРИПТОКОККОВОГО МЕНИНГИТА У БОЛЬНЫХ СПИДОМ (ПОСЛЕ ЗАВЕРШЕНИЯ ПОЛНОГО КУРСА ПЕРВИЧНОГО ЛЕЧЕНИЯ) ТЕРАПИЮ ФЛУКОНАЗОЛОМ-ТК В ДОЗЕ 200 МГ МОЖНО ПРОДОЛЖАТЬ В ТЕЧЕНИЕ ОЧЕНЬ ДЛИТЕЛЬНОГО ВРЕМЕНИ;
ПРИ КАНДИДОЗНЫХ ИНФЕКЦИЯХ ДОЗА СОСТАВЛЯЕТ 400 МГ В ПЕРВЫЕ СУТКИ, ЗАТЕМ ПО 200 МГ В СУТКИ, ПРИ НЕОБХОДИМОСТИ ДОЗА МОЖЕТ БЫТЬ УВЕЛИЧЕНА ДО 400 МГ В СУТКИ. ДЛИТЕЛЬНОСТЬ ТЕРАПИИ ЗАВИСИТ ОТ КЛИНИЧЕСКОЙ ЭФФЕКТИВНОСТИ
ПРИ ОРОФАРИНГЕАЛЬНОМ КАНДИДОЗЕ – ПО 100 – 150 МГ ОДИН РАЗ В СУТКИ В ТЕЧЕНИЕ 7-14 ДНЕЙ ИЛИ ПРИ НЕОБХОДИМОСТИ – БОЛЕЕ ДЛИТЕЛЬНОЕ ВРЕМЯ. ПРИ АТРОФИЧЕСКОМ КАНДИДОЗЕ СЛИЗИСТОЙ ОБОЛОЧКИ ПОЛОСТИ РТА ОБЫЧНО НАЗНАЧАЮТ В ДОЗЕ 100 МГ ОДИН РАЗ В СУТКИ В ТЕЧЕНИЕ 14 ДНЕЙ, ПРИ ДРУГИХ КАНДИДОЗНЫХ ИНФЕКЦИЯХ СЛИЗИСТЫХ ОБОЛОЧЕК (ЗА ИСКЛЮЧЕНИЕМ ВАГИНАЛЬНОГО КАНДИДОЗА) ЭФФЕКТИВНАЯ ДОЗА ОБЫЧНО СОСТАВЛЯЕТ 100 МГ ПРИ ДЛИТЕЛЬНОСТИ ЛЕЧЕНИЯ 14-30 ДНЕЙ;
ПРИ ВАГИНАЛЬНОМ КАНДИДОЗЕ И БАЛАНИТЕ ФЛУКОНАЗОЛ- ТК ПРИНИМАЮТ ОДНОКРАТНО В ДОЗЕ 150 МГ
ДЛЯ ПРОФИЛАКТИКИ ГРИБКОВЫХ ИНФЕКЦИЙ У БОЛЬНЫХ СО СНИЖЕННОЙ ФУНКЦИЕЙ ИММУНИТЕТА ДОЗА СОСТАВЛЯЕТ 100 МГ ОДИН РАЗ В СУТКИ, ПОКА БОЛЬНОЙ ОТНОСИТСЯ К ГРУППЕ РИСКА
ПРИ ИНФЕКЦИИ КОЖИ, ВКЛЮЧАЯ МИКОЗЫ СТОП, КОЖИ ПАХОВОЙ ОБЛАСТИ И
КАНДИДОЗНЫХ ИНФЕКЦИЯХ РЕКОМЕНДУЕМАЯ ДОЗА СОСТАВЛЯЕТ 150 МГ ОДИН РАЗ В НЕДЕЛЮ ИЛИ 100 МГ ОДИН РАЗ В СУТКИ. ДЛИТЕЛЬНОСТЬ ТЕРАПИИ ОБЫЧНО СОСТАВЛЯЕТ 2-4 НЕДЕЛИ, ОДНАКО ПРИ МИКОЗАХ СТОП МОЖЕТ ПОТРЕБОВАТЬСЯ БОЛЕЕ ДЛИТЕЛЬНАЯ ТЕРАПИЯ (ДО 6 НЕДЕЛЬ). ПРИ ОТРУБЕВИДНОМ ЛИШАЕ РЕКОМЕНДУЕМАЯ ДОЗА СОСТАВЛЯЕТ 100 МГ ОДИН РАЗ В СУТКИ В ТЕЧЕНИЕ 2-4 НЕДЕЛЬ. ПРИ ОНИХОМИКОЗЕ РЕКОМЕНДУЕМАЯ ДОЗА СОСТАВЛЯЕТ 150 МГ ОДИН РАЗ В НЕДЕЛЮ. ЛЕЧЕНИЕ СЛЕДУЕТ ПРОДОЛЖАТЬ ДО ЗАМЕЩЕНИЯ ИНФИЦИРОВАННОГО НОГТЯ (ВЫРАСТАНИЕ НЕИНФИЦИРОВАННОГО НОГТЯ).
ПАЦИЕНТЫ ПОЖИЛОГО ВОЗРАСТА:
ПРИ ОТСУТСТВИИ ПРИЗНАКОВ ПОЧЕЧНОЙ НЕДОСТАТОЧНОСТИ ПРЕПАРАТ ПРИМЕНЯЮТ В ОБЫЧНОЙ ДОЗЕ. ДЛЯ ПОЖИЛЫХ ПАЦИЕНТОВ С ПОЧЕЧНОЙ НЕДОСТАТОЧНОСТЬЮ ПРИ ОДНОКРАТНОМ ПРИЕМЕ ИЗМЕНЕНИЕ ДОЗЫ НЕ ТРЕБУЕТСЯ. ПРИ ПОВТОРНОМ ПРИЕМЕ ПРЕПАРАТ НАЗНАЧАЮТ В НАЧАЛЬНОЙ ДОЗЕ ОТ 100 ДО 400 МГ. ПОСЛЕ ЭТОГО СУТОЧНУЮ ДОЗУ (В ЗАВИСИМОСТИ ОТ ПОКАЗАТЕЛЕЙ КЛИРЕНСА КРЕАТИНИНА) ОПРЕДЕЛЯЮТ ПО ТАБЛИЦЕ:","Флуконазол ТК 100 мг №10,капс",ТК Фарм Актобе ТОО,Казахстан,990 ₸,https://europharma.kz/flukonazol-tk-100-mg-no10kaps,2026-08-13 15:33:50
Лекарственные средства,Пробиотики и пребиотики,,НБЛ GOLD пробиотик № 20 саше,Нобел АФФ,Казахстан,5 370 ₸,https://europharma.kz/nbl-gold-probiotik-no-20-sashe,2026-08-13 15:33:51
Лекарственные средства,Антибиотики,Антибактериальные препараты для системного использования. Бета –лактамные антибактериальные препараты прочие. Цефалоспорины третьего поколения. Цефтриаксон.,"Цефамед 500 мг, №1, фл.",ФармаВижн Санайи ве Тиджарет А.Ш,,2 200 ₸,https://europharma.kz/cefamed-500-mg-no1-fl,2026-08-13 15:33:52
Лекарственные средства,Антибиотики,,Амосин 250 мг № 20 капс.,Медокеми Лтд,,1 770 ₸,https://europharma.kz/amosin-250-mg-no-20-kaps,2026-08-13 15:33:53
Лекарственные средства,Лечение заболеваний опорно-двигательного аппарата,,Гиалуром Хондро р-р для в/суставного введения 60 мг/90 мг 3 мл № 1 шприц,Ромфарм Компания СРЛ,Румыния,44 600 ₸,https://europharma.kz/gialurom-khondro-r-r-dlya-vsustavnogo-vvedeniya-60-mg90-mg-3-ml-no-1-shprits,2026-08-13 15:33:54
Лекарственные средства,Лечение геморроя,,"Ибуфлекс 60 мг №10, суппозитории ректальные","ООО ""Рубикон"", Республика Беларусь",,2 485 ₸,https://europharma.kz/ibufleks-60-mg-no10-suppozitorii-rektalnyye,2026-08-13 15:33:55
Лекарственные средства,Мужские препараты,,Витапрост форте 20 мг № 10 суппозит. ректал.,Нижфарм ОАО,Россия,17 330 ₸,https://europharma.kz/vitaprost-forte-20-mg-no-10-suppozit-rektal,2026-08-13 15:33:56
Лекарственные средства,Лечение лор заболеваний,,"Лорофлю сре-во для полоскания пол-ти рта и промывания носа с ромашкой,календулой и шалфеем 250гр",Медоптик ТОО,Латвия,1 450 ₸,https://europharma.kz/loroflu-sre-vo-dla-poloskania-pol-ti-rta-i-promyvania-nosa-s-romaskojkalenduloj-i-salfeem-250gr,2026-08-13 15:33:57
Лекарственные средства,Лечение лор заболеваний,,Лорофлю сре-во для полоскания пол-ти рта и промывания носа с морской солью 250гр,Медоптик ТОО,Латвия,1 515 ₸,https://europharma.kz/loroflyu-sre-vo-dlya-poloskaniya-pol-ti-rta-i-promyvaniya-nosa-s-morskoy-solyu-250gr,2026-08-13 15:33:58
Лекарственные средства,Лечение ран и ожогов,Другие препараты для лечения гиперрубцевания,Бепантен Плюс д/наруж применения 30 гр крем,ГП Гринцах Продукционс ГмбХ,Швейцария,4 320 ₸,https://europharma.kz/bepanten-plyus-dnaruzh-primeneniya-30-gr-krem,2026-08-13 15:33:59
Лекарственные средства,Лечение жкт,противомикробное средство – нитрофуран,"Экофурил 200 мг №16,капс",АВВА РУС ОАО,Россия,1 595 ₸,https://europharma.kz/ekofuril-200-mg-no16kaps,2026-08-13 15:34:00
Лекарственные средства,Лечение лор заболеваний,Антиконгестанты и другие препараты для местного применения. Симпатомиметики. Нафазолин.,"Нафтизин 0,1 % 10 мл капли назальные",Фармак ОАО,Украина,390 ₸,https://europharma.kz/naftizin-01-10-ml-kapli-nazalnyye,2026-08-13 15:34:01
Лекарственные средства,Антисептики,,"Био-маркер J 5%, 5 мл, р-р йода",ЛеКос ТОО,Казахстан,940 ₸,https://europharma.kz/bio-marker-j-5-5-ml-r-r-joda,2026-08-13 15:34:02
Лекарственные средства,Лечение сахарного диабета,Пероральные гипогликемические препараты. Производные сульфонилмочевины.,"Антарис 4 мг, №30, табл.",Глобал Фарм,Казахстан,1 580 ₸,https://europharma.kz/antaris-4-mg-no30-tabl,2026-08-13 15:34:03
Лекарственные средства,Лечение лор заболеваний,,Сироп шиповника 250 мл Алтай,,Россия,990 ₸,https://europharma.kz/sirop-shipovnika-250-ml-altay,2026-08-13 15:34:04
Лекарственные средства,Лечение сердечно-сосудистых заболеваний,Антикоагулянты. Ингибиторы агрегации тромбоцитов исключая гепарин. Ацетилсалициловая кислота,Кардиомагнил 75 мг № 100 табл п/плён оболоч,Такеда Фармасьютикал Комапани Лтд.,Австрия,5 005 ₸,https://europharma.kz/kardiomagnil-75-mg-no-100-tabl-pplen-oboloch,2026-08-13 15:34:05
Лекарственные средства,Жаропонижающие,,Парацетамол Вива Фарм 150 мг № 6 суппозит. ректал.,Вива Фарм ТОО,,1 470 ₸,https://europharma.kz/paratsetamol-viva-farm-150-mg-no-6-suppozit-rektal,2026-08-13 15:34:08
Лекарственные средства,Малавит 30 мл раствор,,Малавит 30 мл раствор,Твинс-Тек,Россия,2 740 ₸,https://europharma.kz/malavit-30-ml-rastvor,2026-08-13 15:34:09
Лекарственные средства,Лечение заболеваний опорно-двигательного аппарата,,Напрофф 550 мг № 10 табл п/плён оболоч,Уорлд Медицин Илач Сан.Ве Тидж А.Ш,Турция,2 451 ₸,https://europharma.kz/naproff-550-mg-no-10-tabl-pplen-oboloch,2026-08-13 15:34:10
Лекарственные средства,Лечение жкт,,Панкреатин 25 ЕД № 60 табл,Биосинтез ОАО,Россия,995 ₸,https://europharma.kz/pankreatin-25-yed-no-60-tabl,2026-08-13 15:34:11
Лекарственные средства,Анальгетики,Нестероидные противовоспалительные средства для наружного применения.,"Фенадол 40 г, гель",ABDI IBRAHIM,Турция,1 818 ₸,https://europharma.kz/fenadol-40-g-gel,2026-08-13 15:34:12
Лекарственные средства,Лечение сахарного диабета,Прочие препараты для лечения заболеваний ЖКТ и нарушений обмена веществ. Различные прочие препараты для лечения заболеваний ЖКТ и нарушений обмена веществ. Тиоктовая кислота.,"Тиогамма Турбо 1,2% 50 мл № 10 флак",Солюфарм Фармацайтише Эрц,Германия,31 609 ₸,https://europharma.kz/tiogamma-turbo-12-50-ml-no-10-flak,2026-08-13 15:34:13
Лекарственные средства,Лечение сердечно-сосудистых заболеваний,Сердечно-сосудистая система. Вазопротекторы. Капилляростабилизирующие средства. Биофлавоноиды. Диосмин.,Флебодиа 600 мг № 60 табл,TILMAN SA-NV,Бельгия,22 845 ₸,https://europharma.kz/flebodia-600-mg-no-60-tabl,2026-08-13 15:34:14
Лекарственные средства,Лечение глаз,Препараты для лечения заболеваний глаз. Противовоспалительные препараты. Глюкокортикостероиды. Дексаметазон,"Медексол 0,1% 5 мл капли глазные",World Medicine,Египет,1 860 ₸,https://europharma.kz/medeksol-01-5-ml-kapli-glaznyye,2026-08-13 15:34:15
Лекарственные средства,Лечение лор заболеваний,,"Танфлекс Форте 0,30% 30 мл спрей для горла",ABDI IBRAHIM,Турция,3 690 ₸,https://europharma.kz/tanfleks-forte-030-30-ml-sprey-dlya-gorla,2026-08-13 15:34:16
Лекарственные средства,Лечение артериального давления,"Сердечно-сосудистая система. Препараты, влияющие на ренин-ангиотензиновую систему. Ангиотензина II антагонисты, комбинации. Ангиотензина ІІ антагонисты и блокаторы кальциевых каналов. Валсартан и амлодипин.",Валсартан/Амлодипин – Тева 160 мг/10 мг № 30 табл п/о,Балканфарма-Дупница АД,Германия,5 830 ₸,https://europharma.kz/valsartanamlodipin-teva-160-mg10-mg-no-30-tabl-po,2026-08-13 15:34:17
Лекарственные средства,Антисептики,,"Малавит 50 мл, раствор",Малавит,Россия,4 675 ₸,https://europharma.kz/malavit-50-ml-rastvor,2026-08-13 15:34:18
Лекарственные средства,Противогрибковые средства,,"Мизол гель 10г,туба",Эвалар ЗАО,Россия,2 687 ₸,https://europharma.kz/mizol-gel-10gtuba,2026-08-13 15:34:19
Лекарственные средства,Лечение артериального давления,Сердечно-сосудистая система. Бета-адреноблокаторы. Бета-адреноблокаторы селективные. Бисопролол.,"Бисопролол 2,5 мг № 30 табл покрытые оболочкой",Вива Фарм ТОО,Казахстан,1 400 ₸,https://europharma.kz/bisoprolol-25-mg-no-30-tabl-pokrytyye-obolochkoy,2026-08-13 15:34:20
Лекарственные средства,Лечение глаз,Препараты для лечения заболеваний глаз,Тауфон 4% 15 мл капли глазные,ЛеКос ТОО,Казахстан,570 ₸,https://europharma.kz/taufon-4-15-ml-kapli-glaznyye,2026-08-13 15:34:21
Лекарственные средства,Противовирусные препараты,,Иноседа 250 мг/5 мл 120 мл сироп,Уорлд Медицин Илач Сан.Ве Тидж.А.Ш. (Турция),,4 200 ₸,https://europharma.kz/inoseda-250-mg5-ml-120-ml-sirop,2026-08-13 15:34:22
Лекарственные средства,Лечение лор заболеваний,,Звездочка бальзам 1 г ароматический карандаш,Данафа Фармасьютикал Джойнт Сток Компани (Вьетнам),,1 230 ₸,https://europharma.kz/zvezdochka-balzam-1-g-aromaticheskiy-karandash,2026-08-13 15:34:23
Лекарственные средства,Антибиотики,,Амосин 500 мг № 20 капс,Медокеми Лтд (Кипр),,2 685 ₸,https://europharma.kz/amosin-500-mg-no-20-kaps,2026-08-13 15:34:24
Лекарственные средства,Лечение лор заболеваний,,Ангал со вкусом мёда № 24 пастилки,Сандоз Фармасьютикалс д.д.,Бельгия,4 680 ₸,https://europharma.kz/angal-so-vkusom-meda-no-24-pastilki,2026-08-13 15:34:25
Лекарственные средства,Средства от аллергии,,Аллервэй 5 мг № 30 табл,Д-р Редди'с Лабораторис Лтд,Индия,2 880 ₸,https://europharma.kz/allervey-5-mg-no-30-tabl,2026-08-13 15:34:26
Лекарственные средства,Средства от аллергии,Антигистаминные препараты системного действия. Антигистаминные препараты системного действия другие.,Драмина 50 мг № 5 табл,Ядран-Галенски Лабораторий а.о.,Хорватия,2 375 ₸,https://europharma.kz/dramina-50-mg-no-5-tabl,2026-08-13 15:34:27
Лекарственные средства,Лечение печени,Препараты для лечения заболеваний печени и желчевыводящих путей. Препараты для лечения заболеваний желчевыводящих путей. Препараты желчных кислот. Урсодезоксихолевая кислота.,Урсофальк 250 мг № 50 капс,ЛОЗЕН ФАРМА Приват Лимитед,Германия,12 770 ₸,https://europharma.kz/ursofalk-250-mg-no-50-kaps,2026-08-13 15:34:28
Лекарственные средства,Лечение артериального давления,,Бисопролол Вива Фарм 10 мг № 30 табл покрытые оболочкой,Вива Фарм ТОО,Казахстан,1 745 ₸,https://europharma.kz/bisoprolol-viva-farm-10-mg-no-30-tabl-pokrytyye-obolochkoy,2026-08-13 15:34:29
Лекарственные средства,Антибиотики,Антибактериальные препараты для системного использования. Бета-лактамные антибактериальные препараты прочие. Цефалоспорины третьего поколения. Цефтриаксон.,"Цефтриаксона натриевая соль 1 г, фл.",Биосинтез ОАО,Россия,525 ₸,https://europharma.kz/ceftriaksona-natrievaa-sol-1-g-fl-3,2026-08-13 15:34:30
Лекарственные средства,Лечение артериального давления,Бета-адреноблокаторы. Бета-адреноблокаторы селективные.,Бисопролол 5 мг № 30 табл покрытые оболочкой,Вива Фарм ТОО,Казахстан,1 595 ₸,https://europharma.kz/bisoprolol-5-mg-no-30-tabl-pokrytyye-obolochkoy-2,2026-08-13 15:34:32
Лекарственные средства,Лечение глаз,,Неладекс капли глазные 5 мл,,,4 200 ₸,https://europharma.kz/neladeks-kapli-glaznyye-5-ml,2026-08-13 15:34:33
Лекарственные средства,Противогрибковые средства,Противогрибковые препараты для системного применения. Производные триазола. Флуконазол.,"Фангифлю 150 мг, №1, капс.",Эдж Фарма Прайвет Лимитед,Индия,2 296 ₸,https://europharma.kz/fangiflu-150-mg-no1-kaps,2026-08-13 15:34:34
Лекарственные средства,Валтрекс 500 мг № 10 табл п/плён оболоч,Противовирусные препараты для системного применения. Противовирусные препараты прямого действия. Нуклеозиды и нуклеотиды. Валацикловир.,Валтрекс 500 мг № 10 табл п/плён оболоч,Glaxo Wellcome,Испания,8 145 ₸,https://europharma.kz/valtreks-500-mg-no-10-tabl-pplen-oboloch,2026-08-13 15:34:35
Лекарственные средства,Лечение глаз,,Хило-Кеа глаз.капли 10мл,URSAPHARM Arzneimittel Gm,Германия,14 175 ₸,https://europharma.kz/khilo-kea-glazkapli-10ml,2026-08-13 15:34:36
Лекарственные средства,Валавир 500 мг № 10 табл п/плён оболоч,Противовирусные препараты прямого действия. Нуклеозиды и нуклеотиды.,Валавир 500 мг № 10 табл п/плён оболоч,Фармак ОАО,Украина,7 415 ₸,https://europharma.kz/valavir-500-mg-no-10-tabl-pplen-oboloch,2026-08-13 15:34:37
Лекарственные средства,Женские препараты,,Джес® Плюс № 28 табл,Schering AG,Германия,7 439 ₸,https://europharma.kz/dzhes-plyus-no-28-tabl,2026-08-13 15:34:38
Лекарственные средства,Противовирусные препараты,Противовирусные препараты прочие.,Амизон 250 мг № 20 табл покрытые оболочкой,Фармак ОАО,Украина,6 915 ₸,https://europharma.kz/amizon-250-mg-no-20-tabl-pokrytyye-obolochkoy,2026-08-13 15:34:41
Лекарственные средства,Антибиотики,"Антибактериальный препарат системного использования. Макролиды, линкозамиды и стрептограмины.",Зиромин 500 мг № 3 табл покрытые оболочкой,World Medicine,Великобритания,4 500 ₸,https://europharma.kz/ziromin-500-mg-no-3-tabl-pokrytyye-obolochkoy,2026-08-13 15:34:42
Лекарственные средства,"Золотая звезда 0,1%, 10 мл, наз. капли",Антиконгестанты и другие препараты для местного применения.,"Золотая звезда 0,1%, 10 мл, наз. капли",Данафа Фармасьютикал Джой,Вьетнам,1 165 ₸,https://europharma.kz/zolotaa-zvezda-01-10-ml-naz-kapli,2026-08-13 15:34:43
Лекарственные средства,Противокашлевые препараты,,Кызыл май полифитовое 50 мл масло,ФитОлеум ТОО,Казахстан,1 265 ₸,https://europharma.kz/kyzyl-may-polifitovoye-50-ml-maslo,2026-08-13 15:34:44
Лекарственные средства,Антибиотики,Противомикробные препараты для системного применения. Макролиды и линкозамиды. Линкозамиды.,Линкомицина г/х 30% раствор д/ инъекций 1 мл № 10 амп,Химфарм ФЗ АО,Казахстан,1 890 ₸,https://europharma.kz/linkomitsina-gkh-30-rastvor-d-inyektsiy-1-ml-no-10-amp,2026-08-13 15:34:45
Лекарственные средства,Женские препараты,,Мамма гель 100 г,Vita Vent,Казахстан,6 850 ₸,https://europharma.kz/mamma-gel-100-g,2026-08-13 15:34:46
Лекарственные средства,Кожные заболевания,Глюкокортикостероиды с высокой активностью.,"Дермовейт 0,05 % 25 гр мазь",Glaxo Wellcome,Египет,2 175 ₸,https://europharma.kz/dermoveyt-005-25-gr-maz,2026-08-13 15:34:47
Лекарственные средства,Противовоспалительные средства,Другие препараты для лечения гинекологических заболеваний.,Цефанорм 4 мг № 30 капс,Cefak KG,Германия,5 725 ₸,https://europharma.kz/tsefanorm-4-mg-no-30-kaps,2026-08-13 15:34:48
Лекарственные средства,Противовирусные препараты,Противовирусные препараты для системного применения.,Римантадин 50 мг №20 табл,Биосинтез ОАО,Россия,840 ₸,https://europharma.kz/rimantadin-50-mg-no20-tabl-2,2026-08-13 15:34:49
Лекарственные средства,Антисептики,Стимуляторы дыхательного центра,"Аммиак 10%, 50 мл,фл",Фармация АО,Казахстан,255 ₸,https://europharma.kz/ammiak-10-50-mlfl,2026-08-13 15:34:50
Лекарственные средства,Антибиотики,Противомикробные препараты для системного использования. Антибактериальные препараты для системного использования. Цефалоспорины второго поколения,Мегасеф 500 мг № 10 табл п/плён оболоч,Нобел АФФ,Казахстан,4 525 ₸,https://europharma.kz/megasef-500-mg-no-10-tabl-pplen-oboloch,2026-08-13 15:34:51
Лекарственные средства,Лечение головного кровооброщения,Психостимуляторы и ноотропы другие.,"Церебролизин 10 мл, №5, амп.",EBEWE Pharma Ges.m.b.H.Nf,Австрия,14 615 ₸,https://europharma.kz/tserebrolizin-10-ml-no5-amp,2026-08-13 15:34:52
Лекарственные средства,Пробиотики и пребиотики,,Смекта (Клубника) 3 гр № 10 порошок,"Бофур ИПСЕН Индастри, Фра",Франция,3 350 ₸,https://europharma.kz/smekta-klubnika-3-gr-no-10-poroshok,2026-08-13 15:34:53
Лекарственные средства,Противокашлевые препараты,Препараты для устранения симптомов простуды и кашля. Отхаркивающие препараты. Муколитики. Ацетилцистеин.,"Асиброкс 200 мг, №20, табл.",Витале-ХД ТОО,Эстония,3 105 ₸,https://europharma.kz/asibroks-200-mg-no20-tabl,2026-08-13 15:34:54
Лекарственные средства,Кожные заболевания,Кортикостероиды с высокой активностью.,"Дермовейт 0,05% 25 гр крем",Glaxo Wellcome,Египет,2 205 ₸,https://europharma.kz/dermoveyt-005-25-gr-krem,2026-08-13 15:34:55
Лекарственные средства,Кожные заболевания,,"Альфа-Токоферола ацетат (Витамин Е) 100 мг №10,капс",Мелиген ФП ЗАО,Россия,160 ₸,https://europharma.kz/alfa-tokoferola-acetat-vitamin-e-100-mg-no10kaps,2026-08-13 15:34:56
Лекарственные средства,Анальгетики,"Костно-мышечная система. Препараты для местного применения при суставной и мышечной боли. Противовоспалительные препараты, нестероидные, для местного применения. Диклофенак.",Вольтарен 2% 50 гр эмульгель,Novartis Consumer Health,Швейцария,2 970 ₸,https://europharma.kz/voltaren-2-50-gr-emulgel,2026-08-13 15:34:57
Лекарственные средства,Средства от аллергии,Антигистаминные препараты системного действия.,"L-Цет 5 мг, №100 табл",Кусум Хелтхер,Индия,8 905 ₸,https://europharma.kz/l-tset-5-mg-no100-tabl,2026-08-13 15:34:58
Лекарственные средства,Средства от аллергии,Антигистаминные препараты системного действия. Антигистаминные препараты системного действия другие.,Драмина 50 мг № 10 табл,Ядран-Галенски Лабораторий а.о.,Хорватия,3 315 ₸,https://europharma.kz/dramina-50-mg-no-10-tabl,2026-08-13 15:34:59
Лекарственные средства,Антибиотики,Противомикробные препараты для системного использования. Антибактериальные препараты для системного использования. Цефалоспорины второго поколения,Мегасеф 250 мг № 10 табл п/плён оболоч,Нобел АФФ,Казахстан,2 870 ₸,https://europharma.kz/megasef-250-mg-no-10-tabl-pplen-oboloch,2026-08-13 15:35:00
Лекарственные средства,Лечение жкт,"Препараты, способствующие пищеварению (включая ферментные препараты). Пищеварительные ферментные препараты. Панкреатин.",Микразим 25000 ЕД № 20 капс,АВВА РУС ОАО,Россия,6 665 ₸,https://europharma.kz/mikrazim-25000-yed-no-20-kaps,2026-08-13 15:35:01
Лекарственные средства,Рецептурные препараты,,Пан-20 (Пантопразол) 20мг №20 табл,Алкем Лабораториз Лтд,Индия,1 895 ₸,https://europharma.kz/pan-20-pantoprazol-20mg-no20-tabl,2026-08-13 15:35:02
Лекарственные средства,Лечение жкт,"Препараты, способствующие пищеварению (включая ферментные препараты). Пищеварительные ферментные препараты. Панкреатин.",Микразим 10000 ЕД № 20 капс,АВВА РУС ОАО,Россия,3 370 ₸,https://europharma.kz/mikrazim-10000-yed-no-20-kaps,2026-08-13 15:35:03
Лекарственные средства,Антисептики,Антисептики и дезинфицирующие препараты. Препараты йода. Повидон-Йод,Повидон-йод DF спрей 50 мл,Досфарм,Казахстан,1 005 ₸,https://europharma.kz/povidon-jod-df-sprej-50-ml,2026-08-13 15:35:04
Лекарственные средства,Лечение глаз,,"Артелак Всплеск, р-р увлажняющий офтальмологический 10 мл капли",Dr.Gerhard Mann Chem.-pharm Fabrik GmbH,Германия,6 580 ₸,https://europharma.kz/artelak-vsplesk-r-r-uvlazhnyayushchiy-oftalmologicheskiy-10-ml-kapli,2026-08-13 15:35:05
Лекарственные средства,Лечение головного кровооброщения,Препараты для лечения заболеваний нервной системы. Психоаналептики. Препараты для лечения деменции. Другие препараты для лечения деменции. Гинкго билоба,Танакан 40 мг № 90 табл,"Бофур ИПСЕН Индастри, Фра",Франция,9 420 ₸,https://europharma.kz/tanakan-40-mg-no-90-tabl,2026-08-13 15:35:06
Лекарственные средства,Опорно-двигательная система,,"ХРОНОТРОН 0,02/МЛ ИМПЛАНТАТ ИНЪЕК Д/ВНУТИРИСУСТАВ ВВЕД","Мастелли С.р.л, Италия",,44 670 ₸,https://europharma.kz/khronotron-002ml-implantat-inyek-dvnutirisustav-vved,2026-08-13 15:35:07
Лекарственные средства,Лечение сердечно-сосудистых заболеваний,,Карведилол-Тева 25 мг № 30 табл,Тева ЛТД Pharmaceutical industries Israel,Латвия,4 200 ₸,https://europharma.kz/karvedilol-teva-25-mg-no-30-tabl,2026-08-13 15:35:08
Лекарственные средства,Лечение глаз,Препараты для лечения заболеваний глаз прочие,"Катаксол 0,015% 15 мл капли глазные",World Medicine,Румыния,3 810 ₸,https://europharma.kz/kataksol-0015-15-ml-kapli-glaznyye,2026-08-13 15:35:09
Лекарственные средства,Антибиотики,Антибактериальные препараты для системного использования,"Эритромицин 250 мг, №10, табл.",Биосинтез ОАО,Россия,950 ₸,https://europharma.kz/eritromitsin-250-mg-no10-tabl,2026-08-13 15:35:10
Лекарственные средства,"Золотая звезда 0,05% 10 мл капли назальные",Антиконгестанты и другие препараты для местного применения.,"Золотая звезда 0,05% 10 мл капли назальные",Данафа Фармасьютикал Джой,Вьетнам,950 ₸,https://europharma.kz/zolotaya-zvezda-005-10-ml-kapli-nazalnyye,2026-08-13 15:35:14
Лекарственные средства,Антибиотики,,Экофомурал® 3 гр № 1 гран.д/пригот-я р-ра,АВВА РУС ОАО,Россия,2 785 ₸,https://europharma.kz/ekofomural-3-gr-no-1-grandprigot-ya-r-ra,2026-08-13 15:35:15
Лекарственные средства,Лечение глаз,"Препараты, для лечения заболеваний глаз прочие. Противомикробные препараты. Антибиотики. Фузидовая кислота","Футарон 1%, 5 г, гл. капли",Сигма-Тек Фармасьютикал Индастриз,Египет,2 545 ₸,https://europharma.kz/futaron-1-5-g-gl-kapli,2026-08-13 15:35:16
Лекарственные средства,Анальгетики,Анальгетики. Анальгетики-антипиретики другие. Салициловая кислота и ее производные. Ацетилсалициловая кислота.,Тромбо АСС 100 мг № 30 табл покр кишечнораст оболочкой,G.L Pharma GmbH,Австрия,1 950 ₸,https://europharma.kz/trombo-ass-100-mg-no-30-tabl-pokr-kishechnorast-obolochkoy,2026-08-13 15:35:17
Лекарственные средства,Лечение жкт,Прочие кишечные адсорбенты. Комбинированные препараты.,Лактофильтрум 50 мг № 60 табл,АВВА РУС ОАО,Россия,3 410 ₸,https://europharma.kz/laktofiltrum-50-mg-no-60-tabl,2026-08-13 15:35:18
Лекарственные средства,Лечение заболеваний мочеполовой системы,Диуретики. «Петлевые» диуретики. Сульфаниламидные диуретики. Фуросемид,"Фуросемид 1%, 2 мл, №10, амп.",Химфарм ФЗ АО,Казахстан,1 225 ₸,https://europharma.kz/furosemid-1-2-ml-no10-amp-2,2026-08-13 15:35:19
Лекарственные средства,Лечение глаз,,"Оптинол 0,21% 10 мл капли глазные",Ядран-Галенски Лабораторий а.о.,Хорватия,7 835 ₸,https://europharma.kz/optinol-021-10-ml-kapli-glaznyye,2026-08-13 15:35:20
Лекарственные средства,Противогрибковые средства,Противогрибковые препараты для системного использования. Производные триазола. Флуконазол.,Флунол 150мг № 1 капс,Нобел АФФ,Казахстан,2 855 ₸,https://europharma.kz/flunol-150mg-no-1-kaps,2026-08-13 15:35:21
Лекарственные средства,Противоастматические препараты,Препараты для лечения заболеваний респираторной системы. Другие препараты для лечения обструктивных заболеваний дыхательных путей для системного использования. Лейкотриеновых рецепторов антагонисты. Монтелукаст.,Монтигет 10 мг № 14 табл п/плён оболоч,Гетц Фарма Пакистан Пвт Л,Пакистан,5 055 ₸,https://europharma.kz/montiget-10-mg-no-14-tabl-pplen-oboloch,2026-08-13 15:35:22
Лекарственные средства,Противовирусные препараты,Противовирусные препараты для системного применения.,Римантадин 50 мг № 20 табл,Эйкос-Фарм ТОО,Казахстан,905 ₸,https://europharma.kz/rimantadin-50-mg-no-20-tabl,2026-08-13 15:35:23
Лекарственные средства,Циннаризин 25 мг №50 табл.,Средства для устранения головокружения. Циннаризин.,Циннаризин 25 мг №50 табл.,Фарма АД Болгария,Болгария,460 ₸,https://europharma.kz/cinnarizin-25-mg-no50-tabl-2,2026-08-13 15:35:24
Лекарственные средства,Противовирусные препараты,Противовирусные препараты прочие.,"Амизон 0,125 мг № 10 табл покрытые оболочкой",Фармак ОАО,Украина,2 875 ₸,https://europharma.kz/amizon-0125-mg-no-10-tabl-pokrytyye-obolochkoy,2026-08-13 15:35:25
Лекарственные средства,Анальгетики,Нестероидные противовоспалительные препараты. Оксикамы.,"Мелбек 7,5 мг, №10, табл.",Нобел АФФ,Казахстан,1 870 ₸,https://europharma.kz/melbek-75-mg-no10-tabl,2026-08-13 15:35:26
Лекарственные средства,"Золотая звезда 0,1% 15 мл спрей назальный",,"Золотая звезда 0,1% 15 мл спрей назальный",Данафа Фармасьютикал Джой,Вьетнам,1 735 ₸,https://europharma.kz/zolotaya-zvezda-01-15-ml-sprey-nazalnyy,2026-08-13 15:35:27
Лекарственные средства,Лечение головного кровооброщения,Психостимуляторы и ноотропы другие.,"Церебролизин 5 мл, №5, амп.",EBEWE Pharma Ges.m.b.H.Nf,Австрия,9 970 ₸,https://europharma.kz/tserebrolizin-5-ml-no5-amp,2026-08-13 15:35:28
Лекарственные средства,Лечение жкт,Пищеварительный тракт и обмен веществ. Препараты для лечения заболеваний связанных с нарушением кислотности. Противоязвенные препараты и препараты для лечения гастроэзофагеальной рефлюксной болезни (gastro - esophageal reflux disease - GORD). Протонового насоса ингибиторы. Эзомепразол.,Эзомепразол-Тева 20 мг № 14 табл,Меркле ГмбХ,Германия,4 380 ₸,https://europharma.kz/ezomeprazol-teva-20-mg-no-14-tabl,2026-08-13 15:35:29
Лекарственные средства,Инъекционные растворы и ампулы,,Толкимадо 1 мл №5 р-р д/ин.амп,Rompharm Ilac San. ve Tic. Ltd. Sti. (Турция),,3 420 ₸,https://europharma.kz/tolkimado-1-ml-no5-r-r-dinamp,2026-08-13 15:35:31
Лекарственные средства,Лечение жкт,Прочие кишечные адсорбенты. Комбинированные препараты.,Лактофильтрум 50 мг № 30 табл,АВВА РУС ОАО,Россия,2 090 ₸,https://europharma.kz/laktofiltrum-50-mg-no-30-tabl,2026-08-13 15:35:32
Лекарственные средства,Лечение жкт,Пищеварительный тракт и обмен веществ. Препараты для лечения заболеваний связанных с нарушением кислотности. Противоязвенные препараты и препараты для лечения гастроэгзофагеального рефлюксной болезни. Протонового насоса ингибиторы. Омепразол.,Омепразол-Тева 20 мг № 30 капс,Teva Pharmaceuticfls Industries Limited,Испания,3 110 ₸,https://europharma.kz/omeprazol-teva-20-mg-no-30-kaps,2026-08-13 15:35:33
Лекарственные средства,Лечение артериального давления,АКФ ингибиторы в комбинации с блокаторами «медленных кальциевых каналов».,Амлипин 5 мг № 30 табл,World Medicine,Турция,4 715 ₸,https://europharma.kz/amlipin-5-mg-no-30-tabl,2026-08-13 15:35:34
Лекарственные средства,Лечение жкт,,Лоперамид-ТК 2 мг № 30 капс,ТК Фарм Актобе,,485 ₸,https://europharma.kz/loperamid-tk-2-mg-no-30-kaps,2026-08-13 15:35:35
Лекарственные средства,Лечение печени,Препараты для лечения заболеваний печени и желчевыводящих путей. Препараты желчных кислот.,"Холудексан №20, капс.",World Medicine,Турция,8 090 ₸,https://europharma.kz/kholudeksan-no20-kaps,2026-08-13 15:35:37
Лекарственные средства,"Асиброкс 600 мг, №10, табл.",Препараты для устранения симптомов простуды и кашля. Отхаркивающие препараты. Муколитики. Ацетилцистеин.,"Асиброкс 600 мг, №10, табл.",Витале-ХД ТОО,Эстония,4 440 ₸,https://europharma.kz/asibroks-600-mg-no10-tabl,2026-08-13 15:35:38
Лекарственные средства,Лечение жкт,Пищеварительный тракт и обмен веществ. Препараты для лечения заболеваний связанных с нарушением кислотности. Противоязвенные препараты и препараты для лечения гастроэзофагеальной рефлюксной болезни (gastro - esophageal reflux disease - GORD). Протонового насоса ингибиторы. Эзомепразол.,Эзомепразол-Тева 40 мг № 14 табл,Меркле ГмбХ,Германия,5 408 ₸,https://europharma.kz/ezomeprazol-teva-40-mg-no-14-tabl,2026-08-13 15:35:39
Лекарственные средства,Лечение неврологических нарушений,,Беневрон БФ № 20 табл,Уорлд Медицин Илач Сан.Ве Тидж А.Ш,Турция,8 615 ₸,https://europharma.kz/benevron-bf-no-20-tabl,2026-08-13 15:35:40
Лекарственные средства,Антисептики,Антисептики и дезинфицирующие препараты. Препараты йода. Повидон-Йод,Повидон-йод DF спрей 100 мл,Досфарм,Казахстан,1 285 ₸,https://europharma.kz/povidon-jod-df-sprej-100-ml,2026-08-13 15:35:41
Лекарственные средства,Противогрибковые средства,Противогрибковые препараты для системного использования. Производные триазола. Флуконазол.,Флунол 150мг № 2 капс,Нобел АФФ,Казахстан,4 060 ₸,https://europharma.kz/flunol-150mg-no-2-kaps,2026-08-13 15:35:42
Лекарственные средства,Женские препараты,Препараты для лечения заболевания связанных с нарушением кислотности. Противоязвенные препараты и препараты для лечения гастроэзофагиального рефлюкса. Ингибиторы протонового насоса. Декслансопразол.,Дексилант 30 мг № 28 капс,Такеда Фармасьютикал Комапани Лтд.,Германия,11 025 ₸,https://europharma.kz/deksilant-30-mg-no-28-kaps,2026-08-13 15:35:43
Лекарственные средства,Антибиотики,,Левомицетин таб.500мг №20,Химфарм ФЗ АО,,2 025 ₸,https://europharma.kz/levomitsetin-tab500mg-no20,2026-08-13 15:35:44
Лекарственные средства,Лечение жкт,,Холосас 215 мл сироп,Алтайвитамины ЗАО,,2 345 ₸,https://europharma.kz/kholosas-215-ml-sirop,2026-08-13 15:35:45
Лекарственные средства,Лечение глаз,Препараты для лечения заболеваний глаз. Противоглаукомный препарат и миотики. Бета-адреноблокаторы. Тимолол в комбинации с другими препаратами.,"Глаумакс Плюс 20мг/мл+5мг/мл, 5 мл, гл. капли",Ядран-Галенски Лабораторий а.о.,Хорватия,4 545 ₸,https://europharma.kz/glaumaks-plyus-20mgml5mgml-5-ml-gl-kapli,2026-08-13 15:35:48
Лекарственные средства,Лечение неврологических нарушений,Другие снотворные и седативные средства. Барбитураты в комбинации с другими препаратами.,"Корвалдин 25 мл, фл.",Фармак ОАО,Украина,1 285 ₸,https://europharma.kz/korvaldin-25-ml-fl,2026-08-13 15:35:49
Лекарственные средства,Лечение жкт,"Комбинации препаратов алюминия, кальция и магния",Гастал № 30 табл.д/рассасыв-я,Teva Pharmaceuticals s.r.,Израиль,3 090 ₸,https://europharma.kz/gastal-no-30-tabldrassasyv-ya,2026-08-13 15:35:50
Лекарственные средства,Лечение печени,Пищеварительный тракт и обмен веществ. Препараты для лечения заболеваний печени и желчевыводящих путей. Другие препараты для лечения заболеваний желчевыводящих путей.,"Хофитол №60, табл.",Laboratoire ROSA-PHYTOPHA,Франция,5 470 ₸,https://europharma.kz/khofitol-no60-tabl,2026-08-13 15:35:51
Лекарственные средства,Анальгетики,Препараты для лечения заболеваний нервной системы. Анальгетики – антипиретики другие. Пиразолоны,"Анальгин 50 %, 2 мл, №10, амп.",Химфарм ФЗ АО,Казахстан,1 480 ₸,https://europharma.kz/analgin-50-2-ml-no10-amp-2,2026-08-13 15:35:52
Лекарственные средства,Лечение жкт,,ЭНТЕРОЖЕРМИНА ФОРТЕ СУСП 4МЛРД/5МЛ №5,Опелла Хелскеа Итали С.Р.Л.,,6 205 ₸,https://europharma.kz/enterozhermina-forte-susp-4mlrd5ml-no5,2026-08-13 15:35:53
Лекарственные средства,Противокашлевые препараты,Препараты для устранения симптомов простуды и кашля. Отхаркивающие препараты. Муколитики. Бромгексин,"Бромгексин 4мг/5мл, 100 мл, сироп",Гриндекс АО,Латвия,3 483 ₸,https://europharma.kz/bromgeksin-4mg5ml-100-ml-sirop,2026-08-13 15:35:54
Лекарственные средства,Анальгетики,Нестероидные противовоспалительные препараты. Оксикамы.,"Мелбек Форт 15 мг, №10, табл.",Нобел АФФ,Казахстан,2 740 ₸,https://europharma.kz/melbek-fort-15-mg-no10-tabl,2026-08-13 15:35:55
Лекарственные средства,Лечение лор заболеваний,,Траволайф № 12 пастилки,ЛОЗЕН ФАРМА Приват Лимитед,Индия,1 810 ₸,https://europharma.kz/travolayf-no-12-pastilki,2026-08-13 15:35:56
Лекарственные средства,Анальгетики,Нестероидные противовоспалительные средства. Оксикамы.,"Ревмоксикам 1% раствор д/инъекций 1,5 мл № 5 амп",Фармак ОАО,Украина,4 345 ₸,https://europharma.kz/revmoksikam-1-rastvor-dinyektsiy-15-ml-no-5-amp,2026-08-13 15:35:57
Лекарственные средства,Лечение артериального давления,Гиполипидемические препараты. HMG-CoA редуктазы ингибиторы в комбинации с другими гиполипидемическими средствами. Розувастатин и эзетимиб.,Розулип плюс 10 мг/10 мг №30 капс,ЭГИС Фармацевтический Завод ЗАО,Венгрия,9 538 ₸,https://europharma.kz/rozulip-plyus-10-mg10-mg-no30-kaps,2026-08-13 15:35:58
Лекарственные средства,Лечение печени,Пищеварительный тракт и обмен веществ. Препараты для лечения заболеваний печени и желчевыводящих путей. Другие препараты для лечения заболеваний желчевыводящих путей.,"Хофитол 20%, 120 мл, раствор",Laboratoire ROSA-PHYTOPHA,Франция,6 660 ₸,https://europharma.kz/khofitol-20-120-ml-rastvor,2026-08-13 15:35:59
Лекарственные средства,Лечение жкт,Кишечные адсорбенты. Препараты угля.,Адсорбикс Экстра 200 мг № 15 капс,Норит Нидерландф Би Ви,Нидерланды,2 045 ₸,https://europharma.kz/adsorbiks-ekstra-200-mg-no-15-kaps,2026-08-13 15:36:01
Лекарственные средства,Лечение лор заболеваний,Прочие препараты для лечения заболеваний полости рта,"Шалфей № 24, табл.",Доктор Тайсс,Германия,2 640 ₸,https://europharma.kz/salfej-no-24-tabl,2026-08-13 15:36:02
Лекарственные средства,Препараты урологии и гинекологии,,Силаут 30мл вагинальный крем-гель,Labomar S.p.a,,10 975 ₸,https://europharma.kz/silaut-30ml-vaginalnyy-krem-gel,2026-08-13 15:36:03
Лекарственные средства,Противоастматические препараты,"Средства, действующие на респираторную систему. Средства, применяемые при обструктивных заболеваниях дыхательных путей. Адренергические препараты для ингаляционного применения. Адренергические средства в комбинации с кортикостероидами или другими препаратами за исключением антихолинергических средств. Формотерол и будесонид.","Буфомикс 160/4,5 мкг/доза 60 доз порошок для ингаляций дозированный",Орион Корпорейшн,Финляндия,8 655 ₸,https://europharma.kz/bufomiks-16045-mkgdoza-60-doz-poroshok-dlya-ingalyatsiy-dozirovannyy,2026-08-13 15:36:04
Лекарственные средства,Лечение жкт,Пищеварительный тракт и обмен веществ. Препараты для лечения функциональных желудочно-кишечных расстройств. Препараты для лечения функциональных расстройств кишечника. Другие препараты для лечения функциональных расстройств кишечника. Альверин в комбинации с другими препаратами.,Метеоспазмил № 20 капс,Laboratories Mayoly-Spind,Франция,5 270 ₸,https://europharma.kz/meteospazmil-no-20-kaps,2026-08-13 15:36:05
Лекарственные средства,Противовирусные препараты,,Колдрекс-КолдРем стик-пакетик №12,Stada Arzneimittel AG,,3 135 ₸,https://europharma.kz/koldreks-koldrem-stik-paketik-no12,2026-08-13 15:36:06
Лекарственные средства,Антибиотики,Антибактериальные препараты для системного использования. Макролиды.,Дорамицин 3 млн. МЕ № 10 табл покрытые оболочкой,Уорлд Медицин Илач Сан.Ве Тидж А.Ш,Турция,5 750 ₸,https://europharma.kz/doramitsin-3-mln-me-no-10-tabl-pokrytyye-obolochkoy,2026-08-13 15:36:07
Лекарственные средства,Антибиотики,,"Кларигет 250 мг, №10, табл.",Гетц Фарма Пакистан Пвт Л,Пакистан,3 292 ₸,https://europharma.kz/klariget-250-mg-no10-tabl,2026-08-13 15:36:08
Лекарственные средства,Лечение глаз,,Висглик Нео 10 мл капли глазн.,"OPKO Health Spain S.L.U.,",,11 430 ₸,https://europharma.kz/visglik-neo-10-ml-kapli-glazn,2026-08-13 15:36:09
Лекарственные средства,Анальгетики,Нестероидные противовоспалительные препараты. Оксикамы.,"Мелбек 7,5 мг № 30 табл",Нобел АФФ,Казахстан,3 490 ₸,https://europharma.kz/melbek-75-mg-no-30-tabl,2026-08-13 15:36:10
Лекарственные средства,Лечение артериального давления,Гиполипидемические препараты. HMG-CoA редуктазы ингибиторы.,"Розулип 5 мг, №28, табл.",ЭГИС Фармацевтический Завод ЗАО,Венгрия,3 875 ₸,https://europharma.kz/rozulip-5-mg-no28-tabl,2026-08-13 15:36:11
Лекарственные средства,Лечение лор заболеваний,,"Пафесан со вкусом ментола 2мг/0,5 мл 30 мл спрей местн. флак.",Уорлд Медицин Илач Сан. ве Тидж. А.Ш.,,3 340 ₸,https://europharma.kz/pafesan-so-vkusom-mentola-2mg05-ml-30-ml-sprey-mestn-flak,2026-08-13 15:36:12
Лекарственные средства,Анальгетики,Нестероидные противовоспалительные препараты. Оксикамы.,Мелбек Форт 15 мг № 30 табл,Нобел АФФ,Казахстан,6 235 ₸,https://europharma.kz/melbek-fort-15-mg-no-30-tabl,2026-08-13 15:36:13
Лекарственные средства,От паразитов,Антигельминтные препараты. Препараты для лечения нематодоза. Тетрагидропиримидина производные. Пирантел.,"Гельминтокс 125 мг/2,5 мл 15 мл суспензия для приема внутрь",Иннотек,Франция,2 715 ₸,https://europharma.kz/gelmintoks-125-mg25-ml-15-ml-suspenziya-dlya-priyema-vnutr,2026-08-13 15:36:14
Лекарственные средства,Противокашлевые препараты,Муколитики,Флюдитек 5% 125 мл сироп,Иннотек,Франция,3 215 ₸,https://europharma.kz/flyuditek-5-125-ml-sirop,2026-08-13 15:36:15
Лекарственные средства,День и ночь № 10 табл,Другие анальгетики и жаропонижающие средства,День и ночь № 10 табл,Медикал Юнион Фармасьютикалс,Египет,2 310 ₸,https://europharma.kz/den-i-noch-no-10-tabl,2026-08-13 15:36:16
Лекарственные средства,Лечение сердечно-сосудистых заболеваний,"Сердечно - сосудистая система. Препараты, влияющие на ренин-ангиотензиновую систему. Ангиотензина II антагонисты, комбинации. Ангиотензина ІІ антагонисты и блокаторы кальциевых каналов. Валсартан и амлодипин.",Валодип 5 мг/80 мг № 30 табл,КРКА-РУС ООО,Словения,5 790 ₸,https://europharma.kz/valodip-5-mg80-mg-no-30-tabl,2026-08-13 15:36:17
Лекарственные средства,Гормональные препараты,,ЦИКЛОГЕСТ 200 мг №15 пессариев Прогестерон,Accord-UK Limited,,12 185 ₸,https://europharma.kz/tsiklogest-200-mg-no15-pessariyev-progesteron,2026-08-13 15:36:18
Лекарственные средства,Противовирусные препараты,Противовирусные препараты системного действия. Противовирусные препараты прочие.,Арбидол KZ 100 мг № 10 капс,Фармстандарт-Лексредства,Россия,1 960 ₸,https://europharma.kz/arbidol-kz-100-mg-no-10-kaps,2026-08-13 15:36:21
Лекарственные средства,Средства от аллергии,Антигистаминные препараты системного действия. Антигистаминные препараты системного действия другие. Кетотифен,Кетотифен 1 мг № 30 табл,Софарма АО,Болгария,505 ₸,https://europharma.kz/ketotifen-1-mg-no-30-tabl,2026-08-13 15:36:22
Лекарственные средства,Антисептики,Препараты для лечения заболеваний респираторной системы.,Ангал С со вкусом лимона 30 мл спрей для горла,Сандоз Фармасьютикалс д.д.,Бельгия,4 630 ₸,https://europharma.kz/angal-s-so-vkusom-limona-30-ml-sprey-dlya-gorla,2026-08-13 15:36:23
Лекарственные средства,Антибиотики,"Антибактериальные препараты для системного использования. Макролиды,","Кларигет 125 мг/5 мл, 50 мл, сусп.",Гетц Фарма Пакистан Пвт Л,Пакистан,4 720 ₸,https://europharma.kz/klariget-125-mg5-ml-50-ml-susp,2026-08-13 15:36:24
Лекарственные средства,От паразитов,Антигельминтные препараты. Препараты для лечения нематодоза. Бензимидазола производные. Албендазол.,Альбезол 400 мг № 30 табл.,Нобел АФФ,Казахстан,48 480 ₸,https://europharma.kz/albezol-400-mg-no-30-tabl,2026-08-13 15:36:25
Лекарственные средства,Средства от аллергии,,Аллестил капли 20 мл,Фармацевтический завод «ПОЛЬФАРМА» АО Отдел Медана,,2 485 ₸,https://europharma.kz/allestil-kapli-20-ml,2026-08-13 15:36:26
Лекарственные средства,Лечение заболеваний опорно-двигательного аппарата,,Феброфид капс 50 мг. №20,"АО «Химфарм», Республика Казахстан, г. Шымкент, у",,2 225 ₸,https://europharma.kz/febrofid-kaps-50-mg-no20,2026-08-13 15:36:27
Лекарственные средства,Противокашлевые препараты,Препараты для устранения симптомов простуды и кашля.,Линкас 90 мл сироп,Хербион,Пакистан,1 735 ₸,https://europharma.kz/linkas-90-ml-sirop,2026-08-13 15:36:28
Лекарственные средства,Лечение жкт,,"Опефера №28, капс.",Кенди ЛТД,,6 800 ₸,https://europharma.kz/opefera-no28-kaps,2026-08-13 15:36:29
Лекарственные средства,От паразитов,Антигельминтные препараты. Препараты для лечения нематодоза. Тетрагидропиримидина производные. Пирантел.,Гельминтокс 250 мг № 3 табл.,Иннотек,Франция,1 625 ₸,https://europharma.kz/gelmintoks-250-mg-no-3-tabl,2026-08-13 15:36:30
Лекарственные средства,Ляньхуа Цинвэнь № 24 капс,,Ляньхуа Цинвэнь № 24 капс,Shijiazhuang Yiling Pharmaceutical Co. Ltd.,Китай,3 050 ₸,https://europharma.kz/lyankhua-tsinven-no-24-kaps,2026-08-13 15:36:31
Лекарственные средства,Для повышения иммунитета,Витамины. Витамины группы B,Демотон - Б Нео раствор д/инъекций 2 мл № 10 амп,DEMO S.A. Pharmaceutical,Греция,4 530 ₸,https://europharma.kz/demoton---b-neo-rastvor-dinyektsiy-2-ml-no-10-amp,2026-08-13 15:36:32
Лекарственные средства,Лечение лор заболеваний,Препараты для лечения отологических заболеваний. Препараты для лечения отологических заболеваний прочие. Анальгетики и анестетики. Комбинированные препараты.,Дроплекс 15 мл капли ушные во флаконах,Е.И.П.И.Ко.,Египет,4 335 ₸,https://europharma.kz/dropleks-15-ml-kapli-ushnyye-vo-flakonakh,2026-08-13 15:36:33
Лекарственные средства,Гормональные препараты,Половые гормоны и модуляторы половой системы. Гормональные контрацептивы для системного использования. Прогестагены и эстрогены (для «календарного» приема). Левоноргестрел и этинилэстрадиол,"Три-Регол №21, табл. сах. обол.",Гедеон Рихтер ОАО,Венгрия,1 880 ₸,https://europharma.kz/tri-regol-no21-tabl-sah-obol,2026-08-13 15:36:34
Лекарственные средства,Противокашлевые препараты,,Амбро Мультифрукт 15 мг/5 мл 100 мл сироп,ФЗ АО Химфарм,,2 220 ₸,https://europharma.kz/ambro-multifrukt-15-mg5-ml-100-ml-sirop,2026-08-13 15:36:35
Лекарственные средства,Лечение заболеваний опорно-двигательного аппарата,,Феброфид 100 мг/2 мл №10,"АО «Химфарм», Республика Казахстан, г. Шымкент, у",,5 140 ₸,https://europharma.kz/febrofid-100-mg2-ml-no10,2026-08-13 15:36:36
Лекарственные средства,Лечение жкт,Электролитные растворы.,Магния сульфат 25% раствор д/ инъекций 5 мл № 5 амп,Химфарм ФЗ АО,Казахстан,820 ₸,https://europharma.kz/magniya-sulfat-25-rastvor-d-inyektsiy-5-ml-no-5-amp,2026-08-13 15:36:37
Лекарственные средства,Средства от аллергии,Антигистаминные препараты системного действия. Антигистаминные препараты системного действия другие. Лоратадин,Лоратал 10 мг № 10 табл,Нобел АФФ,Казахстан,2 795 ₸,https://europharma.kz/loratal-10-mg-no-10-tabl,2026-08-13 15:36:38
Лекарственные средства,Противокашлевые препараты,,Ацетилцистеин Вива Фарм 200 мг №20 пор.,Вива Фарм ТОО,,2 977 ₸,https://europharma.kz/atsetiltsistein-viva-farm-200-mg-no20-por,2026-08-13 15:36:39
Лекарственные средства,Жаропонижающие,Костно-мышечная система. Противовоспалительные и,"ИБУФЕН, 200 мг, №50 таблетки","АО «Химфарм», Республика Казахстан, г. Шымкент, у",,2 660 ₸,https://europharma.kz/ibufen-200-mg-no50-tabletki,2026-08-13 15:36:40
Лекарственные средства,Противогрибковые средства,Противогрибковые препараты для местного применения.,Пимафуцин 2% 30 г крем,Яманучи,Нидерланды,5 535 ₸,https://europharma.kz/pimafutsin-2-30-g-krem,2026-08-13 15:36:41
Лекарственные средства,Лечение заболеваний опорно-двигательного аппарата,,"Теноксикам-Сэлтфар лиофилизат для приг. р-ра для в/в и в/м введения , в компл. с р-рителем (вода для","Дева Холдинг А.Ш., Турция",,1 490 ₸,https://europharma.kz/tenoksikam-seltfar-liofilizat-dlya-prig-r-ra-dlya-vv-i-vm-vvedeniya-v-kompl-s-r-ritelem-voda-dlya,2026-08-13 15:36:42
Лекарственные средства,Лечение неврологических нарушений,Психотропные препараты. Анксиолитики. Анксиолитики другие.,Афобазол 10 мг № 60 табл,Фармстандарт-Лексредства,Россия,4 855 ₸,https://europharma.kz/afobazol-10-mg-no-60-tabl,2026-08-13 15:36:43
Лекарственные средства,Лечение печени,Пищеварительный тракт и обмен веществ. Препараты для лечения заболеваний печени и желчевыводящих путей. Другие препараты для лечения заболеваний желчевыводящих путей.,"Хофитол №180, табл.",Laboratoire ROSA-PHYTOPHA,Франция,12 730 ₸,https://europharma.kz/khofitol-no180-tabl,2026-08-13 15:36:44
Лекарственные средства,Антибиотики,,Цеф III® порошок 1г №5 Retail сериал.,ФЗ АО Химфарм,,9 290 ₸,https://europharma.kz/tsef-iii-poroshok-1g-no5-retail-serial,2026-08-13 15:36:45
Лекарственные средства,Лечение заболеваний опорно-двигательного аппарата,,Феброфид 100 мг/2 мл №5,"АО «Химфарм», Республика Казахстан, г. Шымкент, у",,3 325 ₸,https://europharma.kz/febrofid-100-mg2-ml-no5,2026-08-13 15:36:46
Лекарственные средства,Антибиотики,Антибактериальные препараты для системного применения. Аминогликозидные антибактериальные препараты. Другие аминогликозиды. Гентамицин,Гентамицина сульфат 4% 2 мл № 10 амп,Химфарм ФЗ АО,Казахстан,1 590 ₸,https://europharma.kz/gentamitsina-sulfat-4-2-ml-no-10-amp,2026-08-13 15:36:47
Лекарственные средства,Лечение печени,,Холудексан 250 мг/5 мл 100мл сусп. для приема внутрь.,Уорлд Медицин Илач Сан. ве Тидж. А.Ш.,,7 455 ₸,https://europharma.kz/kholudeksan-250-mg5-ml-100ml-susp-dlya-priyema-vnutr,2026-08-13 15:36:48
Лекарственные средства,Противоастматические препараты,Другие препараты для лечения обструктивных заболеваний дыхательных путей для системного использования. Лейкотриеновых рецепторов антагонисты.,Монтигет 5 мг № 14 табл. жев.,Гетц Фарма Пакистан Пвт Л,Пакистан,6 472 ₸,https://europharma.kz/montiget-5-mg-no-14-tabl-zhev,2026-08-13 15:36:49
Лекарственные средства,Жаропонижающие,,"Парацетамол таб. 0,2 №20 200 мг","Борисовский ФЗ,Белар",,175 ₸,https://europharma.kz/paratsetamol-tab-02-no20-200-mg,2026-08-13 15:36:50
Лекарственные средства,Слабительные препараты,Контактные слабительные средства. Натрия пикосульфат.,"Пиколакс 0,75% 15 мл капли",Фармак ОАО,Украина,2 905 ₸,https://europharma.kz/pikolaks-075-15-ml-kapli,2026-08-13 15:36:53
Лекарственные средства,Мукосол 125 мг/5мл 120 мл сироп педиатрический,Препараты для устранения симптомов простуды и кашля. Mуколитики. Карбоцистеин.,Мукосол 125 мг/5мл 120 мл сироп педиатрический,Медикал Юнион Фармасьютикалс,Египет,1 845 ₸,https://europharma.kz/mukosol-125-mg5ml-120-ml-sirop-pediatricheskiy,2026-08-13 15:36:54
Лекарственные средства,Противокашлевые препараты,,Амбро Мультифрукт 30 мг/5 мл 100 мл сироп,ФЗ АО Химфарм,,2 260 ₸,https://europharma.kz/ambro-multifrukt-30-mg5-ml-100-ml-sirop,2026-08-13 15:36:55
Лекарственные средства,Антисептики,,Сульфаргин д/наруж применения 10 мг/г 50 г мазь,Таллиннский фармацевтичес,Латвия,6 345 ₸,https://europharma.kz/sulfargin-dnaruzh-primeneniya-10-mgg-50-g-maz,2026-08-13 15:36:56
Лекарственные средства,Лечение жкт,"Препараты, способствующие пищеварению (включая ферментные препараты). Пищеварительные ферментные препараты. Панкреатин.Код АТХ А09А А02.","Панкреатин 8000 ЕД, №50, табл",Тернофарм ООО,Украина,1 900 ₸,https://europharma.kz/pankreatin-8000-ed-no50-tabl,2026-08-13 15:36:57
Лекарственные средства,"Галазолин 0,1% 10 мл капли назальные",Антиконгестанты и другие назальные препараты для местного применения. Симпатомиметики.,"Галазолин 0,1% 10 мл капли назальные",Польфа АО ВФЗ,Польша,835 ₸,https://europharma.kz/galazolin-01-10-ml-kapli-nazalnyye,2026-08-13 15:36:58
Лекарственные средства,Улкарил 200 мг № 25 табл.,Противовирусные препараты для прямого действия. Нуклеозиды и нуклеотиды,Улкарил 200 мг № 25 табл.,Нобел АФФ,Казахстан,2 460 ₸,https://europharma.kz/ulkaril-200-mg-no-25-tabl,2026-08-13 15:36:59
Лекарственные средства,"Улкарил 800 мг, №25, табл.",Противовирусные препараты для прямого действия. Нуклеозиды и нуклеотиды,"Улкарил 800 мг, №25, табл.",Нобел АФФ,Казахстан,7 280 ₸,https://europharma.kz/ulkaril-800-mg-no25-tabl,2026-08-13 15:37:00
Лекарственные средства,Мужские препараты,Препараты для лечения урологических заболеваний. Препараты для лечения доброкачественной гипертрофии простаты. Альфа-адреноблокаторы. Тамсулозин,"Омник 0,4 мг № 30 капс",Астеллас Фарма Юроп Б.В.,Нидерланды,5 780 ₸,https://europharma.kz/omnik-04-mg-no-30-kaps,2026-08-13 15:37:01
Лекарственные средства,Слабительные препараты,Контактные слабительные средства. Натрия пикосульфат.,"Пиколакс 0,75% 30 мл капли",Фармак ОАО,Украина,4 580 ₸,https://europharma.kz/pikolaks-075-30-ml-kapli,2026-08-13 15:37:02
Лекарственные средства,Лечение ран и ожогов,"Дерматология. Препараты для лечения ран и язв. Ранозаживляющие препараты. Ранозаживляющие препараты, другие. Декспантенол.","Пантенол-Тева 5%, 100 гр, крем в тубе",Ратиофарм ГмбХ,Германия,6 670 ₸,https://europharma.kz/pantenol-teva-5-100-gr-krem-v-tube,2026-08-13 15:37:03
Лекарственные средства,Жаропонижающие,,Парацетамол 500 мг №100 табл.,ЭЙКОС ФАРМ ТОО,,1 795 ₸,https://europharma.kz/paratsetamol-500-mg-no100-tabl,2026-08-13 15:37:04
Лекарственные средства,Антисептики,,Ангал со вкусом лимона № 24 пастилки,Сандоз Фармасьютикалс д.д.,Бельгия,4 380 ₸,https://europharma.kz/angal-so-vkusom-limona-no-24-pastilki,2026-08-13 15:37:05
Лекарственные средства,Мукосол 250 мг/5 мл 120 мл сироп,Препараты для устранения симптомов простуды и кашля. Mуколитики. Карбоцистеин,Мукосол 250 мг/5 мл 120 мл сироп,Медикал Юнион Фармасьютикалс,Египет,2 505 ₸,https://europharma.kz/mukosol-250-mg5-ml-120-ml-sirop,2026-08-13 15:37:06
Лекарственные средства,Противоастматические препараты,Другие препараты для лечения обструктивных заболеваний дыхательных путей для системного использования.,Монтигет 4 мг № 14 саше,Гетц Фарма Пакистан Пвт Л,Пакистан,8 185 ₸,https://europharma.kz/montiget-4-mg-no-14-sashe,2026-08-13 15:37:07
Лекарственные средства,Гинекологические препараты,,"НОВЕЛАЙЗ 2,0 N10 ВАГИН СУПП",Великобритания,,6 660 ₸,https://europharma.kz/novelayz-20-n10-vagin-supp,2026-08-13 15:37:08
Лекарственные средства,Женские препараты,Окситоцин и его аналоги,"Окситоцин 5 МЕ/ 1,0, №10, амп.",Гриндекс АО,Латвия,2 340 ₸,https://europharma.kz/oksitocin-5-me-10-no10-amp-2,2026-08-13 15:37:09
Лекарственные средства,Противоастматические препараты,Другие препараты для лечения обструктивных заболеваний дыхательных путей для системного использования. Лейкотриеновых рецепторов антагонисты.,Монтигет 4 мг № 14 табл. жев.,Гетц Фарма Пакистан Пвт Л,Пакистан,5 045 ₸,https://europharma.kz/montiget-4-mg-no-14-tabl-zhev,2026-08-13 15:37:10
Лекарственные средства,Противовоспалительные средства,,"Мелоксикам р-р 15мг/1,5мл №5","АО «Химфарм», Республика Казахстан, г. Шымкент, у",,2 695 ₸,https://europharma.kz/meloksikam-r-r-15mg15ml-no5,2026-08-13 15:37:11
Лекарственные средства,"Галазолин 0,05% 10 мл капли назальные",Антиконгестанты и другие назальные препараты для местного применения. Симпатомиметики.,"Галазолин 0,05% 10 мл капли назальные",Польфа АО ВФЗ,Польша,1 035 ₸,https://europharma.kz/galazolin-005-10-ml-kapli-nazalnyye,2026-08-13 15:37:12
Лекарственные средства,Лечение сахарного диабета,Другие лекарственные средства для лечения сахарного диабета,"Сорбит 5 гр, №20, пор.",Медикал Юнион Фармасьютикалс,Египет,2 190 ₸,https://europharma.kz/sorbit-5-gr-no20-por,2026-08-13 15:37:13
Лекарственные средства,Лечение лор заболеваний,Препараты для устранения симптомов простуды и кашля.,Инсти-чай травяной от гриппа и простуды № 5 пакетики,Хербион,Пакистан,1 395 ₸,https://europharma.kz/insti-chay-travyanoy-ot-grippa-i-prostudy-no-5-paketiki,2026-08-13 15:37:14
Лекарственные средства,Лечение сердечно-сосудистых заболеваний,,Отрио таблетки 10 мг №30,"АО АКРИХИН, Россия",,4 740 ₸,https://europharma.kz/otrio-tabletki-10-mg-no30,2026-08-13 15:37:15
Лекарственные средства,Препараты урологии и гинекологии,Антисептики и противомикробные препараты для лечения гинекологических заболеваний. Антисептики и противомикробные препараты для лечения гинекологических заболеваний (исключая комбинации с кортикостероидами). Производные имидазола. Имидазола производных комбинации.,Лименда 750 мг/200 мг № 7 вагин. суппозитории,Зентива Саглык Юрюнлери Сан Ве Тидж А.Ш,Турция,6 090 ₸,https://europharma.kz/limenda-750-mg200-mg-no-7-vagin-suppozitorii,2026-08-13 15:37:16
Лекарственные средства,Лечение печени,Пищеварительный тракт и обмен веществ. Препараты для лечения заболеваний печени и желчевыводящих путей. Препараты для лечения желчевыводящих путей и липотропные препараты в комбинации,Бонджигар № 20 капс,Хербион,Пакистан,2 105 ₸,https://europharma.kz/bondzhigar-no-20-kaps,2026-08-13 15:37:17
Лекарственные средства,Лечение геморроя,Сердечно-сосудистая система. Вазопротекторы. Капилляростабилизирующие средства. Биофлавоноиды. Диосмин.,"Флебодиа 600 мг, №30, табл.",Иннотера Шузи,Франция,12 750 ₸,https://europharma.kz/flebodia-600-mg-no30-tabl,2026-08-13 15:37:18
Лекарственные средства,Лечение заболеваний опорно-двигательного аппарата,,Феброфид форте 100 мг №20,"АО «Химфарм», Республика Казахстан, г. Шымкент, у",,2 705 ₸,https://europharma.kz/febrofid-forte-100-mg-no20,2026-08-13 15:37:19
Лекарственные средства,Слабительные препараты,Контактные слабительные.,Бисакодил Гриндекс 5 мг № 40 табл,Гриндекс АО,Латвия,3 835 ₸,https://europharma.kz/bisakodil-grindeks-5-mg-no-40-tabl,2026-08-13 15:37:20
Лекарственные средства,Лечение геморроя,,К/май свечи Кызылмай №10 (Фитолеум) с облепихой,ФитОлеум ТОО,Казахстан,2 010 ₸,https://europharma.kz/kmay-svechi-kyzylmay-no10-fitoleum-s-oblepikhoy,2026-08-13 15:37:21
Лекарственные средства,Улкарил 400 мг № 25 табл.,Противовирусные препараты для прямого действия. Нуклеозиды и нуклеотиды,Улкарил 400 мг № 25 табл.,Нобел АФФ,Казахстан,5 250 ₸,https://europharma.kz/ulkaril-400-mg-no-25-tabl,2026-08-13 15:37:22
Лекарственные средства,Анальгетики,Противовоспалительные и противоревматические препараты. Нестероидные противовоспалительные препараты.,"Этодин Форт 400 мг, № 14, табл.",Нобел АФФ,Казахстан,2 875 ₸,https://europharma.kz/etodin-fort-400-mg-no-14-tabl,2026-08-13 15:37:25
Лекарственные средства,Лечение сердечно-сосудистых заболеваний,"Препараты, снижающие проницаемость капилляров. Биофлавоноиды.",Троксерутин 2% 40 гр гель,Софарма АО,Болгария,1 245 ₸,https://europharma.kz/trokserutin-2-40-gr-gel,2026-08-13 15:37:26
Лекарственные средства,Противокашлевые препараты,"Респираторная система. Препараты, применяемые при кашле и простудных заболеваниях. Экспекторанты, исключая комбинации с подавляющими кашель. Муколитики. Ацетилцистеин.",АЦЦ Актив 600 мг № 10 пакеты,Сандоз Фармасьютикалс д.д.,Австрия,5 965 ₸,https://europharma.kz/atsts-ativ-600-mg-no-10-pakety,2026-08-13 15:37:27
Лекарственные средства,Лечение заболеваний опорно-двигательного аппарата,Противовоспалительные и противоревматические препараты.,Сертофен раствор д/инъекций 50 мг/2 мл № 5 амп,ФармаВижн Сан ве Тидж А.Ш,Турция,5 033 ₸,https://europharma.kz/sertofen-rastvor-dinyektsiy-50-mg2-ml-no-5-amp,2026-08-13 15:37:28
Лекарственные средства,Лечение жкт,"Противоязвенные средства и препараты, применяемые пригастроэзофагеальном рефлюксе, ингибиторы протонной помпы",Контролок 40 мг № 28 табл п/кишечнораст оболоч,"Такеда ГмбХ, Ораниенбург",Германия,6 610 ₸,https://europharma.kz/kontrolok-40-mg-no-28-tabl-pkishechnorast-oboloch,2026-08-13 15:37:29
Лекарственные средства,Лечение лор заболеваний,,Мунаторил 20 мл спрей наз.,"Pharmaluce S.r.l.,Strada delle Seriole",,2 620 ₸,https://europharma.kz/munatoril-20-ml-sprey-naz,2026-08-13 15:37:30
Лекарственные средства,Антибиотики,,Роцефин с раст-лем 1 гр № 1 порошок для приготовления раствора для инъекций,Хоффманн-Ля Рош,Швейцария,5 230 ₸,https://europharma.kz/rotsefin-s-rast-lem-1-gr-no-1-poroshok-dlya-prigotovleniya-rastvora-dlya-inyektsiy,2026-08-13 15:37:31
Лекарственные средства,Антибиотики,Антибактериальные препараты для системного использования. Бета-лактамные антибактериальные препараты-пенициллины. Пенициллины широкого спектра действия. Амоксициллин,Оспамокс 1000 мг № 12 табл п/плён оболоч,Сандоз Фармасьютикалс д.д.,Австрия,3 420 ₸,https://europharma.kz/ospamoks-1000-mg-no-12-tabl-pplen-oboloch,2026-08-13 15:37:33
Лекарственные средства,Анальгетики,Противовоспалительные и противоревматические препараты. Нестероидные противовоспалительные препараты.,Этодин Форт 400 мг № 28 табл,Нобел АФФ,Казахстан,4 415 ₸,https://europharma.kz/etodin-fort-400-mg-no-28-tabl,2026-08-13 15:37:34
Лекарственные средства,Инъекционные растворы и ампулы,,Румалон 1 мл № 25 амп,Алтайвитамины ЗАО,Румыния,26 085 ₸,https://europharma.kz/rumalon-1-ml-no-25-amp,2026-08-13 15:37:34
Лекарственные средства,Лечение сердечно-сосудистых заболеваний,Прочие препараты для лечения заболеваний сердца.,"Милдронат раствор д/инъекций 0,5 г/5 мл 5 мл № 10 амп",ХБМ Фарма с.р.о,Латвия,9 360 ₸,https://europharma.kz/mildronat-rastvor-dinyektsiy-05-g5-ml-5-ml-no-10-amp,2026-08-13 15:37:35
Лекарственные средства,Лечение лор заболеваний,,"Аква Марис лейка в наборе емкость 330 мл+морская соль №30,пак",Ядран-Галенски Лабораторий а.о.,Хорватия,7 275 ₸,https://europharma.kz/akva-maris-leyka-v-nabore-yemkost-330-mlmorskaya-sol-no30pak,2026-08-13 15:37:37
Лекарственные средства,Лечение сахарного диабета,,"Оземпик® 1,34 мг/мл шпр/ручка 1мг 3мл №4","Нова Нордиск ,Дания",,56 687 ₸,https://europharma.kz/ozempik-134-mgml-shprruchka-1mg-3ml-no4,2026-08-13 15:37:38
Лекарственные средства,Гормональные препараты,Половые гормоны и модуляторы половой системы. Прогестагены и эстрогены в комбинации. Прогестагены и эстрогены (фиксированное сочетание). Дидрогестерон и эстрогены,"Фемостон 1/10, № 28, табл.",Solvay Pharmaceuticals,Франция,7 940 ₸,https://europharma.kz/femoston-110-no-28-tabl,2026-08-13 15:37:39
Лекарственные средства,Слабительные препараты,,Сенна 500 мг №30 таблетки,ООО Биотерра,,655 ₸,https://europharma.kz/senna-500-mg-no30-tabletki,2026-08-13 15:37:40
Лекарственные средства,Анальгетики,Препараты для лечения заболеваний нервной системы. Анальгетики. Анальгетики-антипиретики другие. Салициловая кислота и ее производные. Ацетилсалициловая кислота в комбинации с другими препаратами (исключая психолептики).,Аспирин С № 10 шипуч табл,Bayer AG,Германия,2 735 ₸,https://europharma.kz/aspirin-s-no-10-shipuch-tabl,2026-08-13 15:37:41
Лекарственные средства,Лечение сердечно-сосудистых заболеваний,Сердечно-сосудистая система. Вазопротекторы. Капиляростабилизирующие средства. Биофловоноиды. Троксерутин.,Троксевазин 2% 40 г гель,Actavis,Исландия,5 800 ₸,https://europharma.kz/troksevazin-2-40-g-gel,2026-08-13 15:37:42
Лекарственные средства,Средства от аллергии,,Псило-бальзам 20 г гель,Stada Arzneimittel AG,Россия,4 430 ₸,https://europharma.kz/psilo-balzam-20-g-gel,2026-08-13 15:37:43
Лекарственные средства,Лечение ран и ожогов,Дерматология. Антибиотики и химиотерапевтические препараты для применения в дерматологии. Антибиотики для местного применения. Антибиотики для местного применения другие.,Банеоцин д/наруж применения 10 гр порошок,Сандоз Фармасьютикалс д.д.,Австрия,4 210 ₸,https://europharma.kz/baneotsin-dnaruzh-primeneniya-10-gr-poroshok,2026-08-13 15:37:44
Лекарственные средства,Гормональные препараты,Половые гормоны и модуляторы половой системы. Гормональные контрацептивы для системного использования. Прогестагены и эстрогены (фиксированные комбинации),"Белара 2 мг/0,03 мг № 21 табл",Гедеон Рихтер ОАО,Венгрия,6 325 ₸,https://europharma.kz/belara-2-mg003-mg-no-21-tabl,2026-08-13 15:37:45
Лекарственные средства,Антибиотики,"Противоинфекционные препараты для системного использования. Антибактериальные препараты для системного применения. Бета-лактамные антибактериальные препараты, пенициллины. Пенициллины широкого действия. Амоксициллин.",Оспамокс 250 мг/5 мл 60 мл порошок для пригот. сусп.,Сандоз Фармасьютикалс д.д.,Австрия,2 360 ₸,https://europharma.kz/ospamoks-250-mg5-ml-60-ml-poroshok-dlya-prigot-susp,2026-08-13 15:37:46
Лекарственные средства,Тамифлю 75 мг № 10 капс,Противовирусные препараты прямого действия. Ингибиторы нейраминидазы.,Тамифлю 75 мг № 10 капс,Хоффманн-Ля Рош,Швейцария,10 660 ₸,https://europharma.kz/tamiflyu-75-mg-no-10-kaps,2026-08-13 15:37:47
Лекарственные средства,Лечение лор заболеваний,Противомикробные препараты для местного лечения заболеваний полости рта. Миконазол.,Миконаз 2% 20 г гель оральный,Медикал Юнион Фармасьютикалс,Египет,2 460 ₸,https://europharma.kz/mikonaz-2-20-g-gel-oralnyy,2026-08-13 15:37:48
Лекарственные средства,Лечение заболеваний мочеполовой системы,,Фитолизин 100 мл паста д/приема внутрь,Гербаполь Варшава ООО,Польша,4 885 ₸,https://europharma.kz/fitolizin-100-ml-pasta-dpriyema-vnutr,2026-08-13 15:37:49
Лекарственные средства,Инъекционные растворы и ампулы,Препараты для лечения заболеваний сердца.,"Рибоксин 20 мг/мл 5 мл №10,амп",Дальхимфарм ОАО,Россия,920 ₸,https://europharma.kz/riboksin-20-mgml-5-ml-no10amp,2026-08-13 15:37:50
Лекарственные средства,Противовоспалительные средства,Прочие препараты для лечения доброкачественной гиперплазии простаты.,"Перца стручкового 50 мл, настойка",Фармация 2010 ТОО,Казахстан,365 ₸,https://europharma.kz/pertsa-struchkovogo-50-ml-nastoyka,2026-08-13 15:37:51
Лекарственные средства,Лечение сердечно-сосудистых заболеваний,"Диуретики. Нетиазидные диуретики, действующие на кортикальный сегмент петли Генле. Сульфонамиды. Индапамид.","Индапамид 2,5 мг № 30 табл покрытые оболочкой",Польфарма ФЗ АО,Польша,1 446 ₸,https://europharma.kz/indapamid-25-mg-no-30-tabl-pokrytyye-obolochkoy,2026-08-13 15:37:52
Лекарственные средства,Кожные заболевания,,Судокрем крем 60 г,Forest Tosara Limited,Ирландия,6 170 ₸,https://europharma.kz/sudokrem-krem-60-g,2026-08-13 15:37:53
Лекарственные средства,Лечение печени,Препараты для лечения заболеваний печени.,Бонджигар 90 мл сироп,Хербион,Пакистан,2 285 ₸,https://europharma.kz/bondzhigar-90-ml-sirop,2026-08-13 15:37:54
Лекарственные средства,Лечение лор заболеваний,Общетонизирующие препараты,"Алфагин 120 мл, сироп",Хербион,Пакистан,2 070 ₸,https://europharma.kz/alfagin-120-ml-sirop,2026-08-13 15:37:55
Лекарственные средства,Лечение заболеваний мочеполовой системы,Препараты для лечения заболеваний печени и желчевыводящих путей. Препараты для лечения заболевания желчного пузыря. Препараты желчных кислот. Урсодезоксихолевая кислота.,Урсоцид 250 мг № 90 капс,Нобел АФФ,Казахстан,13 920 ₸,https://europharma.kz/ursotsid-250-mg-no-90-kaps,2026-08-13 15:37:58
Лекарственные средства,Анальгетики,Нестероидные противовоспалительные препараты для местного применения.,"Кетонал 2,5% 50 гр гель",Сандоз Фармасьютикалс д.д.,Словения,4 055 ₸,https://europharma.kz/ketonal-25-50-gr-gel,2026-08-13 15:37:59
Лекарственные средства,Спазмолитические препараты,,Нейроуридин Н,ООО «ВТФ» РФ,,6 760 ₸,https://europharma.kz/neyrouridin-n,2026-08-13 15:38:00
Лекарственные средства,Антибиотики,Антибактериальные препараты для системного использования. Бета-лактамные антибактериальные препараты-пенициллины. Пенициллины широкого спектра действия. Амоксициллин,Оспамокс 500 мг № 12 табл п/плён оболоч,Сандоз Фармасьютикалс д.д.,Австрия,2 120 ₸,https://europharma.kz/ospamoks-500-mg-no-12-tabl-pplen-oboloch,2026-08-13 15:38:01
Лекарственные средства,"Лечение алкоголизма, наркомании, табакокурения",Препараты для лечения заболевания нервной системы другие.,"Табекс 1,5 мг № 100 табл",Софарма АО,Болгария,16 380 ₸,https://europharma.kz/tabeks-15-mg-no-100-tabl,2026-08-13 15:38:02
Лекарственные средства,Лечение заболеваний опорно-двигательного аппарата,,"Суставит Окопник с золотым усом 125мл,гель-бальзам",Фора фарм,Россия,1 100 ₸,https://europharma.kz/sustavit-okopnik-s-zolotym-usom-125mlgel-balzam,2026-08-13 15:38:03
Лекарственные средства,Лечение сахарного диабета,"Средства для лечения сахарного диабета. Сахароснижающие препараты для перорального приема. Бигуаниды. Метформин.
Код АТХ A10BA02",Сиофор 850 мг № 60 табл,Берлин-Хеми АГ (Менарини,Германия,2 436 ₸,https://europharma.kz/siofor-850-mg-no-60-tabl,2026-08-13 15:38:04
Лекарственные средства,Антибиотики,,Цефуроксим 750 мг № 1 порошок для приготовления раствора для инъекций,Химфарм ФЗ АО,Казахстан,930 ₸,https://europharma.kz/tsefuroksim-750-mg-no-1-poroshok-dlya-prigotovleniya-rastvora-dlya-inyektsiy,2026-08-13 15:38:05
Лекарственные средства,Регидрон Био №5 саше парные А+Б пор д/р-ра,,Регидрон Био №5 саше парные А+Б пор д/р-ра,S.I.I.T.,Италия,6 405 ₸,https://europharma.kz/regidron-bio-no5-sase-parnye-ab-por-dr-ra,2026-08-13 15:38:06
Лекарственные средства,Кожные заболевания,,M&Z Farm Стрептоцидовая мазь 10%-25гр,,,605 ₸,https://europharma.kz/mz-farm-streptotsidovaya-maz-10-25gr,2026-08-13 15:38:07
Лекарственные средства,Гормональные препараты,Код АТХ G03AB,Клайра № 28 табл п/плён оболоч,Bayer AG,Германия,7 600 ₸,https://europharma.kz/klayra-no-28-tabl-pplen-oboloch,2026-08-13 15:38:08
Лекарственные средства,Противогрибковые средства,Противогрибковые препараты для наружного применения.,Терфалин 1% 15 г крем,Нобел АФФ,Казахстан,3 465 ₸,https://europharma.kz/terfalin-1-15-g-krem,2026-08-13 15:38:09
Лекарственные средства,Лечение заболеваний опорно-двигательного аппарата,,"Окопник 100 гр, гель",Доктор Тайсс,Германия,3 635 ₸,https://europharma.kz/okopnik-100-gr-gel,2026-08-13 15:38:10
Лекарственные средства,Кожные заболевания,,"Модерм 0,1%, 15 гр, крем",Фармак ОАО,Украина,2 655 ₸,https://europharma.kz/moderm-01-15-gr-krem,2026-08-13 15:38:11
Лекарственные средства,Лечение лор заболеваний,"Фармакотерапевтическая группа: Респираторная система. Препараты применяемые при кашле и простудных заболеваниях. Экспекторанты, исключая комбинации с подавляющими кашель. Муколитики. Ацетилцистеин",АЦЦ 200 мг № 20 шипуч табл,Сандоз Фармасьютикалс д.д.,Австрия,4 190 ₸,https://europharma.kz/atsts-200-mg-no-20-shipuch-tabl,2026-08-13 15:38:12
Лекарственные средства,Средства от аллергии,,Эдермик 1мг/мл 25мл №1 капли д/приема внутрь,Фармак ОАО,,2 710 ₸,https://europharma.kz/edermik-1mgml-25ml-no1-kapli-dpriyema-vnutr,2026-08-13 15:38:13
Лекарственные средства,Противогрибковые средства,Противогрибковые препараты для лечения заболеваний кожи.,Экзодерил 15 г крем,Сандоз Фармасьютикалс д.д.,Словения,5 445 ₸,https://europharma.kz/ekzoderil-15-g-krem,2026-08-13 15:38:14
Лекарственные средства,Противокашлевые препараты,"Респираторная система. Препараты применяемые при кашле и простудных заболеваниях. Экспекторанты, исключая комбинации с подавляющими кашель. Отхаркивающие препараты. Комбинация отхаркивающих препаратов.",Линкас без сахара 90 мл сироп,Хербион,Пакистан,1 870 ₸,https://europharma.kz/linkas-bez-sakhara-90-ml-sirop,2026-08-13 15:38:15
Лекарственные средства,Лечение жкт,"Противоязвенные средства и препараты, применяемые при гастро-эзофагеальном рефлюксе. Ингибиторы протонового насоса","Лансобел 30 мг, №14, капс.",Нобел АФФ,Казахстан,2 530 ₸,https://europharma.kz/lansobel-30-mg-no14-kaps,2026-08-13 15:38:16
Лекарственные средства,Лечение заболеваний опорно-двигательного аппарата,Нестероидные противовоспалительные и противоревматические препараты.,Синарта 200мг/мл 2 мл № 5 амп,Фармак ОАО,Украина,9 966 ₸,https://europharma.kz/sinarta-200mgml-2-ml-no-5-amp,2026-08-13 15:38:17
Лекарственные средства,Женские препараты,,Климактоплан N №60 таблетки по 3 контурных упаковок в пачке из картона,Dr.Gustav Klein GmbH & Co.KG,,4 265 ₸,https://europharma.kz/klimaktoplan-n-no60-tabletki-po-3-konturnykh-upakovok-v-pachke-iz-kartona,2026-08-13 15:38:18
Лекарственные средства,Лечение сахарного диабета,"Средства для лечения сахарного диабета. Сахароснижающие препараты для перорального приема. Бигуаниды. Метформин.
Код АТХ A10BA02",Сиофор 500 мг № 60 табл,Берлин-Хеми АГ (Менарини,Германия,1 725 ₸,https://europharma.kz/siofor-500-mg-no-60-tabl,2026-08-13 15:38:19
Лекарственные средства,Анальгетики,,Кетонал 5% 30 гр крем,Сандоз Фармасьютикалс д.д.,Словения,3 615 ₸,https://europharma.kz/ketonal-5-30-gr-krem,2026-08-13 15:38:20
Лекарственные средства,Кожные заболевания,Глюкокортикоиды для местного лечения заболеваний кожи. Глюкокортикоиды активные (группа III),"Элика 0,1%, 30 гр, мазь",Jamjoom Pharmaceutical Co,Саудовская аравия,4 130 ₸,https://europharma.kz/elika-01-30-gr-maz,2026-08-13 15:38:21
Лекарственные средства,Лечение лор заболеваний,Препараты для лечения заболеваний горла. Антисептики. Прочие препараты.,Септолете Тотал 30 мл спрей,KRKA d.d.,Словения,4 670 ₸,https://europharma.kz/septolete-total-30-ml-sprey,2026-08-13 15:38:22
Лекарственные средства,Противовоспалительные средства,Нестероидные противовоспалительные средства для наружного применения.,"Ортофлекс 2%, 30 гр, мазь",Таллиннский фармацевтичес,Эстония,3 332 ₸,https://europharma.kz/ortofleks-2-30-gr-maz,2026-08-13 15:38:23
Лекарственные средства,Лечение лор заболеваний,,Циннабсин №60 таблетки по 3 контурных упаковок в пачке из картона,Dr.Gustav Klein GmbH & Co.KG,,4 560 ₸,https://europharma.kz/tsinnabsin-no60-tabletki-po-3-konturnykh-upakovok-v-pachke-iz-kartona,2026-08-13 15:38:24
Лекарственные средства,Кожные заболевания,Глюкокортикостероиды для местного лечения заболеваний кожи. Глюкокортикостероиды активные (группа III).,"Модерм 0,1%, 15 гр, мазь",Фармак ОАО,Украина,2 705 ₸,https://europharma.kz/moderm-01-15-gr-maz,2026-08-13 15:38:25
Лекарственные средства,Противокашлевые препараты,,Мунаторил 150 мл сироп от кашля,"Pharmaluce S.r.l.,Strada delle Seriole",,3 120 ₸,https://europharma.kz/munatoril-150-ml-sirop-ot-kashlya,2026-08-13 15:38:26
Лекарственные средства,Лечение заболеваний опорно-двигательного аппарата,,"Хонда форте 1,3 г № 30 табл",Эвалар ЗАО,Россия,7 295 ₸,https://europharma.kz/khonda-forte-13-g-no-30-tabl,2026-08-13 15:38:27
Лекарственные средства,Противогрибковые средства,Противогрибковые препараты для лечения заболеваний кожи. Противогрибковые препараты для системного применения. Тербинафин.,Эрбинол 250 мг № 14 табл,К.O. Славиа Фарм С.Р.Л.,Румыния,6 380 ₸,https://europharma.kz/erbinol-250-mg-no-14-tabl,2026-08-13 15:38:30
Лекарственные средства,Мужские препараты,,Виагра 50 гр № 4 табл плён оболочке,Fareva Amboise,,23 410 ₸,https://europharma.kz/viagra-50-gr-no-4-tabl-plen-obolochke,2026-08-13 15:38:31
Лекарственные средства,Лечение сердечно-сосудистых заболеваний,Сердечно-сосудистая система. Блокаторы кальциевых каналов. Блокаторы кальциевых каналов селективные с преимущественным влиянием на сосуды. Дигидропиридина производные.Амлодипин.,Амлодипин-Тева 5 мг №30,Balkanpharma- Dupnitza AD (Bulgaria),,2 435 ₸,https://europharma.kz/amlodipin-teva-5-mg-no30,2026-08-13 15:38:32
Лекарственные средства,Антибиотики,,Цефазолин натриевая соль 1 г №5 пор. д/инъекций,Химфарм ФЗ АО,,1 805 ₸,https://europharma.kz/tsefazolin-natriyevaya-sol-1-g-no5-por-dinyektsiy,2026-08-13 15:38:33
